/*
 Navicat Premium Data Transfer

 Source Server         : localhost
 Source Server Type    : MySQL
 Source Server Version : 80017
 Source Host           : localhost:3306
 Source Schema         : kpi

 Target Server Type    : MySQL
 Target Server Version : 80017
 File Encoding         : 65001

 Date: 09/05/2024 10:02:01
*/

SET NAMES utf8mb4;
SET FOREIGN_KEY_CHECKS = 0;

-- ----------------------------
-- Table structure for gen_table
-- ----------------------------
DROP TABLE IF EXISTS `gen_table`;
CREATE TABLE `gen_table`  (
  `table_id` bigint(20) NOT NULL AUTO_INCREMENT COMMENT '编号',
  `table_name` varchar(200) CHARACTER SET utf8mb4 COLLATE utf8mb4_general_ci DEFAULT '' COMMENT '表名称',
  `table_comment` varchar(500) CHARACTER SET utf8mb4 COLLATE utf8mb4_general_ci DEFAULT '' COMMENT '表描述',
  `sub_table_name` varchar(64) CHARACTER SET utf8mb4 COLLATE utf8mb4_general_ci DEFAULT NULL COMMENT '关联子表的表名',
  `sub_table_fk_name` varchar(64) CHARACTER SET utf8mb4 COLLATE utf8mb4_general_ci DEFAULT NULL COMMENT '子表关联的外键名',
  `class_name` varchar(100) CHARACTER SET utf8mb4 COLLATE utf8mb4_general_ci DEFAULT '' COMMENT '实体类名称',
  `tpl_category` varchar(200) CHARACTER SET utf8mb4 COLLATE utf8mb4_general_ci DEFAULT 'crud' COMMENT '使用的模板（crud单表操作 tree树表操作）',
  `tpl_web_type` varchar(30) CHARACTER SET utf8mb4 COLLATE utf8mb4_general_ci DEFAULT '' COMMENT '前端模板类型（element-ui模版 element-plus模版）',
  `package_name` varchar(100) CHARACTER SET utf8mb4 COLLATE utf8mb4_general_ci DEFAULT NULL COMMENT '生成包路径',
  `module_name` varchar(30) CHARACTER SET utf8mb4 COLLATE utf8mb4_general_ci DEFAULT NULL COMMENT '生成模块名',
  `business_name` varchar(30) CHARACTER SET utf8mb4 COLLATE utf8mb4_general_ci DEFAULT NULL COMMENT '生成业务名',
  `function_name` varchar(50) CHARACTER SET utf8mb4 COLLATE utf8mb4_general_ci DEFAULT NULL COMMENT '生成功能名',
  `function_author` varchar(50) CHARACTER SET utf8mb4 COLLATE utf8mb4_general_ci DEFAULT NULL COMMENT '生成功能作者',
  `gen_type` char(1) CHARACTER SET utf8mb4 COLLATE utf8mb4_general_ci DEFAULT '0' COMMENT '生成代码方式（0zip压缩包 1自定义路径）',
  `gen_path` varchar(200) CHARACTER SET utf8mb4 COLLATE utf8mb4_general_ci DEFAULT '/' COMMENT '生成路径（不填默认项目路径）',
  `options` varchar(1000) CHARACTER SET utf8mb4 COLLATE utf8mb4_general_ci DEFAULT NULL COMMENT '其它生成选项',
  `create_by` varchar(64) CHARACTER SET utf8mb4 COLLATE utf8mb4_general_ci DEFAULT '' COMMENT '创建者',
  `create_time` datetime(0) DEFAULT NULL COMMENT '创建时间',
  `update_by` varchar(64) CHARACTER SET utf8mb4 COLLATE utf8mb4_general_ci DEFAULT '' COMMENT '更新者',
  `update_time` datetime(0) DEFAULT NULL COMMENT '更新时间',
  `remark` varchar(500) CHARACTER SET utf8mb4 COLLATE utf8mb4_general_ci DEFAULT NULL COMMENT '备注',
  PRIMARY KEY (`table_id`) USING BTREE
) ENGINE = InnoDB AUTO_INCREMENT = 12 CHARACTER SET = utf8mb4 COLLATE = utf8mb4_general_ci COMMENT = '代码生成业务表' ROW_FORMAT = Dynamic;

-- ----------------------------
-- Records of gen_table
-- ----------------------------
INSERT INTO `gen_table` VALUES (2, 'kpi_type', 'kpi分类', NULL, NULL, 'KpiType', 'crud', 'element-ui', 'com.ruoyi.kpi', 'kpi', 'type', 'kpi分类', 'YuanPan', '0', '/', '{\"parentMenuId\":2000}', 'admin', '2024-04-21 14:41:30', '', '2024-04-21 15:15:51', NULL);
INSERT INTO `gen_table` VALUES (3, 'kpi_magnitude', 'KPI量值标准', NULL, NULL, 'KpiMagnitude', 'crud', 'element-ui', 'com.ruoyi.kpi', 'kpi', 'magnitude', 'KPI量值标准', 'YuanPan', '0', '/', '{\"parentMenuId\":\"2000\"}', 'admin', '2024-04-21 15:38:32', '', '2024-04-25 14:07:38', NULL);
INSERT INTO `gen_table` VALUES (4, 'kpi_teacher', '老师基本信息', NULL, NULL, 'KpiTeacher', 'crud', 'element-ui', 'com.ruoyi.kpi', 'kpi', 'teacher', '老师基本信息', 'YuanPan', '0', '/', '{\"parentMenuId\":\"2074\"}', 'admin', '2024-04-21 19:32:26', '', '2024-05-09 09:59:13', NULL);
INSERT INTO `gen_table` VALUES (5, 'kpi_awards', '奖项信息', NULL, NULL, 'KpiAwards', 'crud', 'element-ui', 'com.ruoyi.kpi', 'kpi', 'awards', '奖项信息', 'YuanPan', '0', '/', '{\"parentMenuId\":\"2022\"}', 'admin', '2024-04-25 17:10:15', '', '2024-04-25 21:04:45', NULL);
INSERT INTO `gen_table` VALUES (6, 'kpi_excellent_paper_chai', '指导优秀论文与讲座', NULL, NULL, 'KpiExcellentPaperChai', 'crud', 'element-ui', 'com.ruoyi.kpi', 'kpi', 'chai', '指导优秀论文与讲座', 'YuanPan', '0', '/', '{\"parentMenuId\":\"2023\"}', 'admin', '2024-04-25 17:10:15', '', '2024-04-25 21:05:02', NULL);
INSERT INTO `gen_table` VALUES (7, 'kpi_intellectual', '知识产权', NULL, NULL, 'KpiIntellectual', 'crud', 'element-ui', 'com.ruoyi.kpi', 'kpi', 'intellectual', '知识产权', 'YuanPan', '0', '/', '{\"parentMenuId\":\"2020\"}', 'admin', '2024-04-25 17:10:15', '', '2024-04-25 21:05:13', NULL);
INSERT INTO `gen_table` VALUES (8, 'kpi_organization', '国际学术组织任职', NULL, NULL, 'KpiOrganization', 'crud', 'element-ui', 'com.ruoyi.kpi', 'kpi', 'organization', '国际学术组织任职', 'YuanPan', '0', '/', '{\"parentMenuId\":\"2024\"}', 'admin', '2024-04-25 17:10:15', '', '2024-04-25 21:04:29', NULL);
INSERT INTO `gen_table` VALUES (9, 'kpi_paper_no_teach', '非教学类科研论文', NULL, NULL, 'KpiPaperNoTeach', 'crud', 'element-ui', 'com.ruoyi.kpi', 'kpi', 'paperNoTeach', '非教学类科研论文', 'YuanPan', '0', '/', '{\"parentMenuId\":\"2018\"}', 'admin', '2024-04-25 17:10:15', '', '2024-04-25 21:06:21', NULL);
INSERT INTO `gen_table` VALUES (10, 'kpi_project', '项目信息', NULL, NULL, 'KpiProject', 'crud', 'element-ui', 'com.ruoyi.kpi', 'kpi', 'project', '项目信息', 'YuanPan', '0', '/', '{\"parentMenuId\":\"2018\"}', 'admin', '2024-04-25 17:10:15', '', '2024-04-25 21:16:35', NULL);
INSERT INTO `gen_table` VALUES (11, 'kpi_science', '科技成果', NULL, NULL, 'KpiScience', 'crud', 'element-ui', 'com.ruoyi.kpi', 'kpi', 'science', '科技成果', 'YuanPan', '0', '/', '{\"parentMenuId\":\"2025\"}', 'admin', '2024-04-25 17:10:15', '', '2024-04-25 21:07:39', NULL);
INSERT INTO `gen_table` VALUES (12, 'kpi_standard', '标准及平台', NULL, NULL, 'KpiStandard', 'crud', 'element-ui', 'com.ruoyi.kpi', 'kpi', 'standard', '标准及平台', 'YuanPan', '0', '/', '{\"parentMenuId\":\"2021\"}', 'admin', '2024-04-25 17:10:15', '', '2024-04-25 21:08:46', NULL);

-- ----------------------------
-- Table structure for gen_table_column
-- ----------------------------
DROP TABLE IF EXISTS `gen_table_column`;
CREATE TABLE `gen_table_column`  (
  `column_id` bigint(20) NOT NULL AUTO_INCREMENT COMMENT '编号',
  `table_id` bigint(20) DEFAULT NULL COMMENT '归属表编号',
  `column_name` varchar(200) CHARACTER SET utf8mb4 COLLATE utf8mb4_general_ci DEFAULT NULL COMMENT '列名称',
  `column_comment` varchar(500) CHARACTER SET utf8mb4 COLLATE utf8mb4_general_ci DEFAULT NULL COMMENT '列描述',
  `column_type` varchar(100) CHARACTER SET utf8mb4 COLLATE utf8mb4_general_ci DEFAULT NULL COMMENT '列类型',
  `java_type` varchar(500) CHARACTER SET utf8mb4 COLLATE utf8mb4_general_ci DEFAULT NULL COMMENT 'JAVA类型',
  `java_field` varchar(200) CHARACTER SET utf8mb4 COLLATE utf8mb4_general_ci DEFAULT NULL COMMENT 'JAVA字段名',
  `is_pk` char(1) CHARACTER SET utf8mb4 COLLATE utf8mb4_general_ci DEFAULT NULL COMMENT '是否主键（1是）',
  `is_increment` char(1) CHARACTER SET utf8mb4 COLLATE utf8mb4_general_ci DEFAULT NULL COMMENT '是否自增（1是）',
  `is_required` char(1) CHARACTER SET utf8mb4 COLLATE utf8mb4_general_ci DEFAULT NULL COMMENT '是否必填（1是）',
  `is_insert` char(1) CHARACTER SET utf8mb4 COLLATE utf8mb4_general_ci DEFAULT NULL COMMENT '是否为插入字段（1是）',
  `is_edit` char(1) CHARACTER SET utf8mb4 COLLATE utf8mb4_general_ci DEFAULT NULL COMMENT '是否编辑字段（1是）',
  `is_list` char(1) CHARACTER SET utf8mb4 COLLATE utf8mb4_general_ci DEFAULT NULL COMMENT '是否列表字段（1是）',
  `is_query` char(1) CHARACTER SET utf8mb4 COLLATE utf8mb4_general_ci DEFAULT NULL COMMENT '是否查询字段（1是）',
  `query_type` varchar(200) CHARACTER SET utf8mb4 COLLATE utf8mb4_general_ci DEFAULT 'EQ' COMMENT '查询方式（等于、不等于、大于、小于、范围）',
  `html_type` varchar(200) CHARACTER SET utf8mb4 COLLATE utf8mb4_general_ci DEFAULT NULL COMMENT '显示类型（文本框、文本域、下拉框、复选框、单选框、日期控件）',
  `dict_type` varchar(200) CHARACTER SET utf8mb4 COLLATE utf8mb4_general_ci DEFAULT '' COMMENT '字典类型',
  `sort` int(11) DEFAULT NULL COMMENT '排序',
  `create_by` varchar(64) CHARACTER SET utf8mb4 COLLATE utf8mb4_general_ci DEFAULT '' COMMENT '创建者',
  `create_time` datetime(0) DEFAULT NULL COMMENT '创建时间',
  `update_by` varchar(64) CHARACTER SET utf8mb4 COLLATE utf8mb4_general_ci DEFAULT '' COMMENT '更新者',
  `update_time` datetime(0) DEFAULT NULL COMMENT '更新时间',
  PRIMARY KEY (`column_id`) USING BTREE
) ENGINE = InnoDB AUTO_INCREMENT = 183 CHARACTER SET = utf8mb4 COLLATE = utf8mb4_general_ci COMMENT = '代码生成业务表字段' ROW_FORMAT = Dynamic;

-- ----------------------------
-- Records of gen_table_column
-- ----------------------------
INSERT INTO `gen_table_column` VALUES (9, 2, 'type_id', 'kpi分类id', 'bigint', 'Long', 'typeId', '1', '1', '0', '1', NULL, NULL, NULL, 'EQ', 'input', '', 1, 'admin', '2024-04-21 14:41:30', '', '2024-04-21 15:15:51');
INSERT INTO `gen_table_column` VALUES (10, 2, 'type_name', 'kpi分类名称', 'varchar(255)', 'String', 'typeName', '0', '0', '1', '1', '1', '1', '1', 'LIKE', 'input', '', 2, 'admin', '2024-04-21 14:41:30', '', '2024-04-21 15:15:51');
INSERT INTO `gen_table_column` VALUES (11, 2, 'type_status', 'kpi分类状态（0正常 1停用）', 'varchar(255)', 'String', 'typeStatus', '0', '0', '1', '1', '1', '1', '1', 'EQ', 'radio', 'sys_normal_disable', 3, 'admin', '2024-04-21 14:41:30', '', '2024-04-21 15:15:51');
INSERT INTO `gen_table_column` VALUES (12, 2, 'create_by', '创建者', 'varchar(64)', 'String', 'createBy', '0', '0', '0', '1', NULL, NULL, NULL, 'EQ', 'input', '', 4, 'admin', '2024-04-21 14:41:30', '', '2024-04-21 15:15:51');
INSERT INTO `gen_table_column` VALUES (13, 2, 'create_time', '创建时间', 'datetime', 'Date', 'createTime', '0', '0', '0', '1', NULL, '1', NULL, 'EQ', 'datetime', '', 5, 'admin', '2024-04-21 14:41:30', '', '2024-04-21 15:15:51');
INSERT INTO `gen_table_column` VALUES (14, 2, 'update_by', '更新者', 'varchar(64)', 'String', 'updateBy', '0', '0', '0', '1', '1', NULL, NULL, 'EQ', 'input', '', 6, 'admin', '2024-04-21 14:41:30', '', '2024-04-21 15:15:51');
INSERT INTO `gen_table_column` VALUES (15, 2, 'update_time', '更新时间', 'datetime', 'Date', 'updateTime', '0', '0', '0', '1', '1', '1', NULL, 'EQ', 'datetime', '', 7, 'admin', '2024-04-21 14:41:30', '', '2024-04-21 15:15:51');
INSERT INTO `gen_table_column` VALUES (16, 2, 'remark', '备注', 'varchar(500)', 'String', 'remark', '0', '0', '0', '1', '1', '1', NULL, 'EQ', 'textarea', '', 8, 'admin', '2024-04-21 14:41:30', '', '2024-04-21 15:15:51');
INSERT INTO `gen_table_column` VALUES (17, 3, 'magnitude_id', '量值id', 'bigint', 'Long', 'magnitudeId', '1', '1', '0', '1', NULL, NULL, NULL, 'EQ', 'input', '', 1, 'admin', '2024-04-21 15:38:32', '', '2024-04-25 14:07:38');
INSERT INTO `gen_table_column` VALUES (18, 3, 'type_id', '分类id', 'bigint', 'Long', 'typeId', '0', '0', '1', '1', '1', '1', '1', 'EQ', 'input', '', 3, 'admin', '2024-04-21 15:38:32', '', '2024-04-25 14:07:38');
INSERT INTO `gen_table_column` VALUES (19, 3, 'basic_score', '基础KPI分数', 'int', 'Long', 'basicScore', '0', '0', '1', '1', '1', '1', '1', 'EQ', 'input', '', 4, 'admin', '2024-04-21 15:38:32', '', '2024-04-25 14:07:38');
INSERT INTO `gen_table_column` VALUES (20, 3, 'extro_score', '额外KPI分数（万元/分）', 'int', 'Long', 'extroScore', '0', '0', '0', '1', '1', '1', '1', 'EQ', 'editor', '', 5, 'admin', '2024-04-21 15:38:32', '', '2024-04-25 14:07:38');
INSERT INTO `gen_table_column` VALUES (21, 3, 'create_by', '创建者', 'varchar(64)', 'String', 'createBy', '0', '0', '0', '1', NULL, NULL, NULL, 'EQ', 'input', '', 6, 'admin', '2024-04-21 15:38:32', '', '2024-04-25 14:07:38');
INSERT INTO `gen_table_column` VALUES (22, 3, 'create_time', '创建时间', 'datetime', 'Date', 'createTime', '0', '0', '0', '1', NULL, NULL, NULL, 'EQ', 'datetime', '', 7, 'admin', '2024-04-21 15:38:32', '', '2024-04-25 14:07:38');
INSERT INTO `gen_table_column` VALUES (23, 3, 'update_by', '更新者', 'varchar(64)', 'String', 'updateBy', '0', '0', '0', '1', '1', NULL, NULL, 'EQ', 'input', '', 8, 'admin', '2024-04-21 15:38:32', '', '2024-04-25 14:07:38');
INSERT INTO `gen_table_column` VALUES (24, 3, 'update_time', '更新时间', 'datetime', 'Date', 'updateTime', '0', '0', '0', '1', '1', NULL, NULL, 'EQ', 'datetime', '', 9, 'admin', '2024-04-21 15:38:32', '', '2024-04-25 14:07:38');
INSERT INTO `gen_table_column` VALUES (25, 3, 'remark', '备注', 'varchar(500)', 'String', 'remark', '0', '0', '0', '1', '1', '1', NULL, 'EQ', 'textarea', '', 10, 'admin', '2024-04-21 15:38:32', '', '2024-04-25 14:07:38');
INSERT INTO `gen_table_column` VALUES (26, 3, 'magnitude_name', '量值名称', 'varchar(255)', 'String', 'magnitudeName', '0', '0', '1', '1', '1', '1', '1', 'LIKE', 'input', '', 2, '', '2024-04-21 15:44:14', '', '2024-04-25 14:07:38');
INSERT INTO `gen_table_column` VALUES (27, 4, 'teacher_id', '老师id', 'bigint', 'Long', 'teacherId', '1', '0', '0', '1', '1', '1', '1', 'EQ', 'input', '', 1, 'admin', '2024-04-21 19:32:26', '', '2024-05-09 09:59:13');
INSERT INTO `gen_table_column` VALUES (28, 4, 'teacher_name', '老师姓名', 'varchar(0)', 'String', 'teacherName', '0', '0', '1', '1', '1', '1', '1', 'LIKE', 'input', '', 2, 'admin', '2024-04-21 19:32:26', '', '2024-05-09 09:59:13');
INSERT INTO `gen_table_column` VALUES (29, 4, 'teacher_career', '老师职称', 'varchar(0)', 'String', 'teacherCareer', '0', '0', '1', '1', '1', '1', '1', 'EQ', 'input', '', 3, 'admin', '2024-04-21 19:32:26', '', '2024-05-09 09:59:13');
INSERT INTO `gen_table_column` VALUES (30, 4, 'teacher_department', '老师所在系', 'varchar(0)', 'Long', 'teacherDepartment', '0', '0', '1', '1', '1', '1', '1', 'EQ', 'input', '', 4, 'admin', '2024-04-21 19:32:26', '', '2024-05-09 09:59:13');
INSERT INTO `gen_table_column` VALUES (31, 4, 'teacher_tel', '老师电话', 'int', 'Long', 'teacherTel', '0', '0', '1', '1', '1', '1', '1', 'EQ', 'input', '', 6, 'admin', '2024-04-21 19:32:26', '', '2024-05-09 09:59:13');
INSERT INTO `gen_table_column` VALUES (32, 4, 'teacher_mail', '老师邮箱', 'varchar(0)', 'String', 'teacherMail', '0', '0', '0', '1', '1', '1', '1', 'EQ', 'input', '', 7, 'admin', '2024-04-21 19:32:26', '', '2024-05-09 09:59:13');
INSERT INTO `gen_table_column` VALUES (33, 4, 'create_by', '创建者', 'varchar(64)', 'String', 'createBy', '0', '0', '0', '1', NULL, NULL, NULL, 'EQ', 'input', '', 8, 'admin', '2024-04-21 19:32:26', '', '2024-05-09 09:59:13');
INSERT INTO `gen_table_column` VALUES (34, 4, 'create_time', '创建时间', 'datetime', 'Date', 'createTime', '0', '0', '0', '1', NULL, NULL, NULL, 'EQ', 'datetime', '', 9, 'admin', '2024-04-21 19:32:26', '', '2024-05-09 09:59:13');
INSERT INTO `gen_table_column` VALUES (35, 4, 'update_by', '更新者', 'varchar(64)', 'String', 'updateBy', '0', '0', '0', '1', '1', NULL, NULL, 'EQ', 'input', '', 10, 'admin', '2024-04-21 19:32:26', '', '2024-05-09 09:59:13');
INSERT INTO `gen_table_column` VALUES (36, 4, 'update_time', '更新时间', 'datetime', 'Date', 'updateTime', '0', '0', '0', '1', '1', NULL, NULL, 'EQ', 'datetime', '', 11, 'admin', '2024-04-21 19:32:26', '', '2024-05-09 09:59:13');
INSERT INTO `gen_table_column` VALUES (37, 4, 'remark', '备注', 'varchar(500)', 'String', 'remark', '0', '0', '0', '1', '1', '1', NULL, 'EQ', 'textarea', '', 12, 'admin', '2024-04-21 19:32:26', '', '2024-05-09 09:59:13');
INSERT INTO `gen_table_column` VALUES (38, 5, 'awards_id', '奖项id', 'bigint(20)', 'Long', 'awardsId', '1', '1', '0', '1', NULL, NULL, NULL, 'EQ', 'input', '', 1, 'admin', '2024-04-25 17:10:15', '', '2024-04-25 21:04:45');
INSERT INTO `gen_table_column` VALUES (39, 5, 'awards_name', '奖项名称', 'varchar(255)', 'String', 'awardsName', '0', '0', '1', '1', '1', '1', '1', 'LIKE', 'input', '', 2, 'admin', '2024-04-25 17:10:15', '', '2024-04-25 21:04:45');
INSERT INTO `gen_table_column` VALUES (40, 5, 'teacher_id', '教师id', 'bigint(20)', 'Long', 'teacherId', '0', '0', '1', '1', '1', '1', '1', 'EQ', 'input', '', 3, 'admin', '2024-04-25 17:10:15', '', '2024-04-25 21:04:45');
INSERT INTO `gen_table_column` VALUES (41, 5, 'acquire_time', '获得日期', 'datetime', 'Date', 'acquireTime', '0', '0', '1', '1', '1', '1', '1', 'BETWEEN', 'datetime', '', 4, 'admin', '2024-04-25 17:10:15', '', '2024-04-25 21:04:45');
INSERT INTO `gen_table_column` VALUES (42, 5, 'ranking', '排名', 'int(11)', 'Long', 'ranking', '0', '0', '0', '1', '1', '1', '0', 'EQ', 'input', '', 5, 'admin', '2024-04-25 17:10:15', '', '2024-04-25 21:04:45');
INSERT INTO `gen_table_column` VALUES (43, 5, 'magnitude_id', '量值id', 'bigint(20)', 'Long', 'magnitudeId', '0', '0', '1', '1', '1', '1', '1', 'EQ', 'input', '', 6, 'admin', '2024-04-25 17:10:15', '', '2024-04-25 21:04:45');
INSERT INTO `gen_table_column` VALUES (44, 5, 'project_score', '项目得分', 'int(11)', 'Long', 'projectScore', '0', '0', '0', '1', '1', '1', '0', 'EQ', 'input', '', 7, 'admin', '2024-04-25 17:10:15', '', '2024-04-25 21:04:45');
INSERT INTO `gen_table_column` VALUES (45, 5, 'kpi_year', 'kpi年份', 'varchar(255)', 'String', 'kpiYear', '0', '0', '1', '1', '1', '1', '1', 'EQ', 'datetime', '', 8, 'admin', '2024-04-25 17:10:15', '', '2024-04-25 21:04:45');
INSERT INTO `gen_table_column` VALUES (47, 5, 'reject_cause', '驳回原因', 'varchar(255)', 'String', 'rejectCause', '0', '0', '0', '1', '1', '1', '0', 'EQ', 'input', '', 10, 'admin', '2024-04-25 17:10:15', '', '2024-04-25 21:04:45');
INSERT INTO `gen_table_column` VALUES (48, 5, 'create_by', '创建者', 'varchar(64)', 'String', 'createBy', '0', '0', '0', '1', NULL, NULL, NULL, 'EQ', 'input', '', 11, 'admin', '2024-04-25 17:10:15', '', '2024-04-25 21:04:45');
INSERT INTO `gen_table_column` VALUES (49, 5, 'create_time', '创建时间', 'datetime', 'Date', 'createTime', '0', '0', '0', '1', NULL, NULL, NULL, 'EQ', 'datetime', '', 12, 'admin', '2024-04-25 17:10:15', '', '2024-04-25 21:04:45');
INSERT INTO `gen_table_column` VALUES (50, 5, 'update_by', '更新者', 'varchar(64)', 'String', 'updateBy', '0', '0', '0', '1', '1', NULL, NULL, 'EQ', 'input', '', 13, 'admin', '2024-04-25 17:10:15', '', '2024-04-25 21:04:45');
INSERT INTO `gen_table_column` VALUES (51, 5, 'update_time', '更新时间', 'datetime', 'Date', 'updateTime', '0', '0', '0', '1', '1', NULL, NULL, 'EQ', 'datetime', '', 14, 'admin', '2024-04-25 17:10:15', '', '2024-04-25 21:04:45');
INSERT INTO `gen_table_column` VALUES (52, 5, 'remark', '备注', 'varchar(500)', 'String', 'remark', '0', '0', '0', '1', '1', '1', NULL, 'EQ', 'textarea', '', 15, 'admin', '2024-04-25 17:10:15', '', '2024-04-25 21:04:45');
INSERT INTO `gen_table_column` VALUES (53, 6, 'excellent_paper_chair_id', '指导优秀论文与讲座id', 'bigint(20)', 'Long', 'excellentPaperChairId', '1', '1', '0', '1', NULL, NULL, NULL, 'EQ', 'input', '', 1, 'admin', '2024-04-25 17:10:15', '', '2024-04-25 21:05:02');
INSERT INTO `gen_table_column` VALUES (54, 6, 'excellent_paper_chai_name', '论文/讲座名称', 'varchar(255)', 'String', 'excellentPaperChaiName', '0', '0', '1', '1', '1', '1', '1', 'LIKE', 'input', '', 2, 'admin', '2024-04-25 17:10:15', '', '2024-04-25 21:05:02');
INSERT INTO `gen_table_column` VALUES (55, 6, 'approving_unit', '批准单位', 'varchar(255)', 'String', 'approvingUnit', '0', '0', '1', '1', '1', '1', '1', 'LIKE', 'input', '', 3, 'admin', '2024-04-25 17:10:15', '', '2024-04-25 21:05:02');
INSERT INTO `gen_table_column` VALUES (56, 6, 'approving_time', '批准时间', 'datetime', 'Date', 'approvingTime', '0', '0', '1', '1', '1', '1', '1', 'EQ', 'datetime', '', 4, 'admin', '2024-04-25 17:10:15', '', '2024-04-25 21:05:02');
INSERT INTO `gen_table_column` VALUES (57, 6, 'ranking', '排名', 'int(11)', 'Long', 'ranking', '0', '0', '0', '1', '1', '1', '0', 'EQ', 'input', '', 5, 'admin', '2024-04-25 17:10:15', '', '2024-04-25 21:05:02');
INSERT INTO `gen_table_column` VALUES (58, 6, 'magnitude_id', '量值id', 'bigint(20)', 'Long', 'magnitudeId', '0', '0', '1', '1', '1', '1', '1', 'EQ', 'input', '', 6, 'admin', '2024-04-25 17:10:15', '', '2024-04-25 21:05:02');
INSERT INTO `gen_table_column` VALUES (59, 6, 'project_score', '项目得分', 'int(11)', 'Long', 'projectScore', '0', '0', '0', '1', '1', '1', '0', 'EQ', 'input', '', 7, 'admin', '2024-04-25 17:10:15', '', '2024-04-25 21:05:02');
INSERT INTO `gen_table_column` VALUES (60, 6, 'kpi_year', 'kpi年份', 'varchar(255)', 'String', 'kpiYear', '0', '0', '1', '1', '1', '1', '1', 'EQ', 'datetime', '', 8, 'admin', '2024-04-25 17:10:15', '', '2024-04-25 21:05:02');
INSERT INTO `gen_table_column` VALUES (62, 6, 'reject_cause', '驳回原因', 'varchar(255)', 'String', 'rejectCause', '0', '0', '0', '1', '1', '1', '0', 'EQ', 'input', '', 10, 'admin', '2024-04-25 17:10:15', '', '2024-04-25 21:05:02');
INSERT INTO `gen_table_column` VALUES (63, 6, 'create_by', '创建者', 'varchar(64)', 'String', 'createBy', '0', '0', '0', '1', NULL, NULL, NULL, 'EQ', 'input', '', 11, 'admin', '2024-04-25 17:10:15', '', '2024-04-25 21:05:02');
INSERT INTO `gen_table_column` VALUES (64, 6, 'create_time', '创建时间', 'datetime', 'Date', 'createTime', '0', '0', '0', '1', NULL, NULL, NULL, 'EQ', 'datetime', '', 12, 'admin', '2024-04-25 17:10:15', '', '2024-04-25 21:05:02');
INSERT INTO `gen_table_column` VALUES (65, 6, 'update_by', '更新者', 'varchar(64)', 'String', 'updateBy', '0', '0', '0', '1', '1', NULL, NULL, 'EQ', 'input', '', 13, 'admin', '2024-04-25 17:10:15', '', '2024-04-25 21:05:02');
INSERT INTO `gen_table_column` VALUES (66, 6, 'update_time', '更新时间', 'datetime', 'Date', 'updateTime', '0', '0', '0', '1', '1', NULL, NULL, 'EQ', 'datetime', '', 14, 'admin', '2024-04-25 17:10:15', '', '2024-04-25 21:05:02');
INSERT INTO `gen_table_column` VALUES (67, 6, 'remark', '备注', 'varchar(500)', 'String', 'remark', '0', '0', '0', '1', '1', '1', NULL, 'EQ', 'textarea', '', 15, 'admin', '2024-04-25 17:10:15', '', '2024-04-25 21:05:02');
INSERT INTO `gen_table_column` VALUES (68, 7, 'intellectual_id', '知识产权id', 'bigint(20)', 'Long', 'intellectualId', '1', '1', '0', '1', NULL, NULL, NULL, 'EQ', 'input', '', 1, 'admin', '2024-04-25 17:10:15', '', '2024-04-25 21:05:13');
INSERT INTO `gen_table_column` VALUES (69, 7, 'teacher_id', '教师id', 'bigint(20)', 'Long', 'teacherId', '0', '0', '1', '1', '1', '1', '1', 'EQ', 'input', '', 2, 'admin', '2024-04-25 17:10:15', '', '2024-04-25 21:05:13');
INSERT INTO `gen_table_column` VALUES (70, 7, 'intellectual_name', '知识产权名称', 'varchar(255)', 'String', 'intellectualName', '0', '0', '1', '1', '1', '1', '1', 'LIKE', 'input', '', 3, 'admin', '2024-04-25 17:10:15', '', '2024-04-25 21:05:13');
INSERT INTO `gen_table_column` VALUES (71, 7, 'intellectual_number', '知识产权编号', 'varchar(255)', 'String', 'intellectualNumber', '0', '0', '1', '1', '1', '1', '1', 'LIKE', 'input', '', 4, 'admin', '2024-04-25 17:10:15', '', '2024-04-25 21:05:13');
INSERT INTO `gen_table_column` VALUES (73, 7, 'ranking', '排名', 'int(11)', 'Long', 'ranking', '0', '0', '0', '1', '1', '1', '0', 'EQ', 'input', '', 6, 'admin', '2024-04-25 17:10:15', '', '2024-04-25 21:05:13');
INSERT INTO `gen_table_column` VALUES (74, 7, 'magnitude_id', '量值id', 'bigint(20)', 'Long', 'magnitudeId', '0', '0', '1', '1', '1', '1', '1', 'EQ', 'input', '', 7, 'admin', '2024-04-25 17:10:15', '', '2024-04-25 21:05:13');
INSERT INTO `gen_table_column` VALUES (75, 7, 'project_score', '项目得分', 'int(11)', 'Long', 'projectScore', '0', '0', '0', '1', '1', '1', '0', 'EQ', 'input', '', 8, 'admin', '2024-04-25 17:10:15', '', '2024-04-25 21:05:13');
INSERT INTO `gen_table_column` VALUES (76, 7, 'kpi_year', 'kpi年份', 'varchar(255)', 'String', 'kpiYear', '0', '0', '1', '1', '1', '1', '1', 'EQ', 'datetime', '', 9, 'admin', '2024-04-25 17:10:15', '', '2024-04-25 21:05:13');
INSERT INTO `gen_table_column` VALUES (78, 7, 'reject_cause', '驳回原因', 'varchar(255)', 'String', 'rejectCause', '0', '0', '0', '1', '1', '1', '0', 'EQ', 'input', '', 11, 'admin', '2024-04-25 17:10:15', '', '2024-04-25 21:05:13');
INSERT INTO `gen_table_column` VALUES (79, 7, 'create_by', '创建者', 'varchar(64)', 'String', 'createBy', '0', '0', '0', '1', NULL, NULL, NULL, 'EQ', 'input', '', 12, 'admin', '2024-04-25 17:10:15', '', '2024-04-25 21:05:13');
INSERT INTO `gen_table_column` VALUES (80, 7, 'create_time', '创建时间', 'datetime', 'Date', 'createTime', '0', '0', '0', '1', NULL, NULL, NULL, 'EQ', 'datetime', '', 13, 'admin', '2024-04-25 17:10:15', '', '2024-04-25 21:05:13');
INSERT INTO `gen_table_column` VALUES (81, 7, 'update_by', '更新者', 'varchar(64)', 'String', 'updateBy', '0', '0', '0', '1', '1', NULL, NULL, 'EQ', 'input', '', 14, 'admin', '2024-04-25 17:10:15', '', '2024-04-25 21:05:13');
INSERT INTO `gen_table_column` VALUES (82, 7, 'update_time', '更新时间', 'datetime', 'Date', 'updateTime', '0', '0', '0', '1', '1', NULL, NULL, 'EQ', 'datetime', '', 15, 'admin', '2024-04-25 17:10:15', '', '2024-04-25 21:05:13');
INSERT INTO `gen_table_column` VALUES (83, 7, 'remark', '备注', 'varchar(500)', 'String', 'remark', '0', '0', '0', '1', '1', '1', NULL, 'EQ', 'textarea', '', 16, 'admin', '2024-04-25 17:10:15', '', '2024-04-25 21:05:13');
INSERT INTO `gen_table_column` VALUES (84, 8, 'organization_id', '国际学术组织任职id', 'bigint(20)', 'Long', 'organizationId', '1', '1', '0', '1', NULL, NULL, NULL, 'EQ', 'input', '', 1, 'admin', '2024-04-25 17:10:15', '', '2024-04-25 21:04:29');
INSERT INTO `gen_table_column` VALUES (85, 8, 'organization_name', '国际学术组织名称', 'varchar(255)', 'String', 'organizationName', '0', '0', '1', '1', '1', '1', '1', 'LIKE', 'input', '', 2, 'admin', '2024-04-25 17:10:15', '', '2024-04-25 21:04:29');
INSERT INTO `gen_table_column` VALUES (86, 8, 'teacher_id', '教师id', 'bigint(20)', 'Long', 'teacherId', '0', '0', '1', '1', '1', '1', '1', 'EQ', 'input', '', 3, 'admin', '2024-04-25 17:10:15', '', '2024-04-25 21:04:29');
INSERT INTO `gen_table_column` VALUES (87, 8, 'take_office_time', '任职日期', 'datetime', 'Date', 'takeOfficeTime', '0', '0', '1', '1', '1', '1', '1', 'EQ', 'datetime', '', 4, 'admin', '2024-04-25 17:10:15', '', '2024-04-25 21:04:29');
INSERT INTO `gen_table_column` VALUES (88, 8, 'magnitude_id', '量值id', 'bigint(20)', 'Long', 'magnitudeId', '0', '0', '1', '1', '1', '1', '1', 'EQ', 'input', '', 5, 'admin', '2024-04-25 17:10:15', '', '2024-04-25 21:04:29');
INSERT INTO `gen_table_column` VALUES (89, 8, 'project_score', '项目得分', 'int(11)', 'Long', 'projectScore', '0', '0', '0', '1', '1', '1', '0', 'EQ', 'input', '', 6, 'admin', '2024-04-25 17:10:15', '', '2024-04-25 21:04:29');
INSERT INTO `gen_table_column` VALUES (90, 8, 'kpi_year', 'kpi年份', 'varchar(255)', 'String', 'kpiYear', '0', '0', '1', '1', '1', '1', '1', 'EQ', 'datetime', '', 7, 'admin', '2024-04-25 17:10:15', '', '2024-04-25 21:04:29');
INSERT INTO `gen_table_column` VALUES (92, 8, 'reject_cause', '驳回原因', 'varchar(255)', 'String', 'rejectCause', '0', '0', '0', '1', '1', '1', '0', 'EQ', 'input', '', 9, 'admin', '2024-04-25 17:10:15', '', '2024-04-25 21:04:29');
INSERT INTO `gen_table_column` VALUES (93, 8, 'create_by', '创建者', 'varchar(64)', 'String', 'createBy', '0', '0', '0', '1', NULL, NULL, NULL, 'EQ', 'input', '', 10, 'admin', '2024-04-25 17:10:15', '', '2024-04-25 21:04:29');
INSERT INTO `gen_table_column` VALUES (94, 8, 'create_time', '创建时间', 'datetime', 'Date', 'createTime', '0', '0', '0', '1', NULL, NULL, NULL, 'EQ', 'datetime', '', 11, 'admin', '2024-04-25 17:10:15', '', '2024-04-25 21:04:29');
INSERT INTO `gen_table_column` VALUES (95, 8, 'update_by', '更新者', 'varchar(64)', 'String', 'updateBy', '0', '0', '0', '1', '1', NULL, NULL, 'EQ', 'input', '', 12, 'admin', '2024-04-25 17:10:15', '', '2024-04-25 21:04:29');
INSERT INTO `gen_table_column` VALUES (96, 8, 'update_time', '更新时间', 'datetime', 'Date', 'updateTime', '0', '0', '0', '1', '1', NULL, NULL, 'EQ', 'datetime', '', 13, 'admin', '2024-04-25 17:10:15', '', '2024-04-25 21:04:29');
INSERT INTO `gen_table_column` VALUES (97, 8, 'remark', '备注', 'varchar(500)', 'String', 'remark', '0', '0', '0', '1', '1', '1', NULL, 'EQ', 'textarea', '', 14, 'admin', '2024-04-25 17:10:15', '', '2024-04-25 21:04:29');
INSERT INTO `gen_table_column` VALUES (98, 9, 'paper_no_teach_id', '非教学类科研论文id', 'bigint(20)', 'Long', 'paperNoTeachId', '1', '1', '0', '1', NULL, NULL, NULL, 'EQ', 'input', '', 1, 'admin', '2024-04-25 17:10:15', '', '2024-04-25 21:06:21');
INSERT INTO `gen_table_column` VALUES (99, 9, 'teacher_id', '教师id', 'bigint(20)', 'Long', 'teacherId', '0', '0', '1', '1', '1', '1', '1', 'EQ', 'input', '', 2, 'admin', '2024-04-25 17:10:15', '', '2024-04-25 21:06:21');
INSERT INTO `gen_table_column` VALUES (100, 9, 'paper_name', '论文名称', 'varchar(255)', 'String', 'paperName', '0', '0', '1', '1', '1', '1', '1', 'LIKE', 'input', '', 3, 'admin', '2024-04-25 17:10:15', '', '2024-04-25 21:06:21');
INSERT INTO `gen_table_column` VALUES (101, 9, 'periodical_name', '期刊/会议名称', 'varchar(255)', 'String', 'periodicalName', '0', '0', '1', '1', '1', '1', '1', 'LIKE', 'input', '', 4, 'admin', '2024-04-25 17:10:15', '', '2024-04-25 21:06:21');
INSERT INTO `gen_table_column` VALUES (103, 9, 'Issue_number', '期卷号', 'varchar(255)', 'String', 'issueNumber', '0', '0', '1', '1', '1', '1', '1', 'EQ', 'input', '', 6, 'admin', '2024-04-25 17:10:15', '', '2024-04-25 21:06:21');
INSERT INTO `gen_table_column` VALUES (104, 9, 'issn_number', 'ISSN号', 'varchar(255)', 'String', 'issnNumber', '0', '0', '1', '1', '1', '1', '1', 'EQ', 'input', '', 7, 'admin', '2024-04-25 17:10:15', '', '2024-04-25 21:06:21');
INSERT INTO `gen_table_column` VALUES (105, 9, 'start_end_page_number', '起止页码', 'varchar(255)', 'String', 'startEndPageNumber', '0', '0', '1', '1', '1', '1', '0', 'EQ', 'input', '', 8, 'admin', '2024-04-25 17:10:15', '', '2024-04-25 21:06:21');
INSERT INTO `gen_table_column` VALUES (106, 9, 'ranking', '排名', 'int(11)', 'Long', 'ranking', '0', '0', '0', '1', '1', '1', '0', 'EQ', 'input', '', 9, 'admin', '2024-04-25 17:10:15', '', '2024-04-25 21:06:21');
INSERT INTO `gen_table_column` VALUES (107, 9, 'magnitude_id', '量值id', 'bigint(20)', 'Long', 'magnitudeId', '0', '0', '1', '1', '1', '1', '1', 'EQ', 'input', '', 10, 'admin', '2024-04-25 17:10:15', '', '2024-04-25 21:06:21');
INSERT INTO `gen_table_column` VALUES (108, 9, 'project_score', '项目得分', 'int(11)', 'Long', 'projectScore', '0', '0', '0', '1', '1', '1', '0', 'EQ', 'input', '', 11, 'admin', '2024-04-25 17:10:15', '', '2024-04-25 21:06:21');
INSERT INTO `gen_table_column` VALUES (109, 9, 'kpi_year', 'kpi年份', 'varchar(255)', 'String', 'kpiYear', '0', '0', '1', '1', '1', '1', '1', 'EQ', 'datetime', '', 12, 'admin', '2024-04-25 17:10:15', '', '2024-04-25 21:06:21');
INSERT INTO `gen_table_column` VALUES (111, 9, 'reject_cause', '驳回原因', 'varchar(255)', 'String', 'rejectCause', '0', '0', '0', '1', '1', '1', '0', 'EQ', 'input', '', 14, 'admin', '2024-04-25 17:10:15', '', '2024-04-25 21:06:21');
INSERT INTO `gen_table_column` VALUES (112, 9, 'create_by', '创建者', 'varchar(64)', 'String', 'createBy', '0', '0', '0', '1', NULL, NULL, NULL, 'EQ', 'input', '', 15, 'admin', '2024-04-25 17:10:15', '', '2024-04-25 21:06:21');
INSERT INTO `gen_table_column` VALUES (113, 9, 'create_time', '创建时间', 'datetime', 'Date', 'createTime', '0', '0', '0', '1', NULL, NULL, NULL, 'EQ', 'datetime', '', 16, 'admin', '2024-04-25 17:10:15', '', '2024-04-25 21:06:21');
INSERT INTO `gen_table_column` VALUES (114, 9, 'update_by', '更新者', 'varchar(64)', 'String', 'updateBy', '0', '0', '0', '1', '1', NULL, NULL, 'EQ', 'input', '', 17, 'admin', '2024-04-25 17:10:15', '', '2024-04-25 21:06:21');
INSERT INTO `gen_table_column` VALUES (115, 9, 'update_time', '更新时间', 'datetime', 'Date', 'updateTime', '0', '0', '0', '1', '1', NULL, NULL, 'EQ', 'datetime', '', 18, 'admin', '2024-04-25 17:10:15', '', '2024-04-25 21:06:21');
INSERT INTO `gen_table_column` VALUES (116, 9, 'remark', '备注', 'varchar(500)', 'String', 'remark', '0', '0', '0', '1', '1', '1', NULL, 'EQ', 'textarea', '', 19, 'admin', '2024-04-25 17:10:15', '', '2024-04-25 21:06:21');
INSERT INTO `gen_table_column` VALUES (117, 10, 'project_id', '项目id', 'bigint(20)', 'Long', 'projectId', '1', '1', '0', '1', NULL, NULL, NULL, 'EQ', 'input', '', 1, 'admin', '2024-04-25 17:10:15', '', '2024-04-25 21:16:35');
INSERT INTO `gen_table_column` VALUES (118, 10, 'teacher_id', '教师id', 'bigint(20)', 'Long', 'teacherId', '0', '0', '1', '1', '1', '1', '1', 'EQ', 'input', '', 2, 'admin', '2024-04-25 17:10:15', '', '2024-04-25 21:16:35');
INSERT INTO `gen_table_column` VALUES (119, 10, 'project_name', '项目名称', 'varchar(255)', 'String', 'projectName', '0', '0', '1', '1', '1', '1', '1', 'LIKE', 'input', '', 3, 'admin', '2024-04-25 17:10:15', '', '2024-04-25 21:16:35');
INSERT INTO `gen_table_column` VALUES (120, 10, 'project_source', '项目来源', 'varchar(255)', 'String', 'projectSource', '0', '0', '1', '1', '1', '1', '1', 'EQ', 'input', '', 4, 'admin', '2024-04-25 17:10:15', '', '2024-04-25 21:16:35');
INSERT INTO `gen_table_column` VALUES (121, 10, 'project_number', '项目编号', 'varchar(255)', 'String', 'projectNumber', '0', '0', '1', '1', '1', '1', '1', 'EQ', 'input', '', 5, 'admin', '2024-04-25 17:10:15', '', '2024-04-25 21:16:35');
INSERT INTO `gen_table_column` VALUES (123, 10, 'project_start_time', '项目起始时间', 'datetime', 'Date', 'projectStartTime', '0', '0', '1', '1', '1', '1', '1', 'BETWEEN', 'datetime', '', 7, 'admin', '2024-04-25 17:10:15', '', '2024-04-25 21:16:35');
INSERT INTO `gen_table_column` VALUES (124, 10, 'project_end_time', '项目结束时间', 'datetime', 'Date', 'projectEndTime', '0', '0', '1', '1', '1', '1', '1', 'BETWEEN', 'datetime', '', 8, 'admin', '2024-04-25 17:10:15', '', '2024-04-25 21:16:35');
INSERT INTO `gen_table_column` VALUES (125, 10, 'account_expenditure', '到账经费', 'decimal(10,2)', 'BigDecimal', 'accountExpenditure', '0', '0', '0', '1', '1', '1', '1', 'EQ', 'input', '', 9, 'admin', '2024-04-25 17:10:15', '', '2024-04-25 21:16:35');
INSERT INTO `gen_table_column` VALUES (126, 10, 'out_expenditure', '外拨经费', 'decimal(10,2)', 'BigDecimal', 'outExpenditure', '0', '0', '0', '1', '1', '1', '1', 'EQ', 'input', '', 10, 'admin', '2024-04-25 17:10:15', '', '2024-04-25 21:16:35');
INSERT INTO `gen_table_column` VALUES (127, 10, 'actual_expenditure', '实际经费', 'decimal(10,2)', 'BigDecimal', 'actualExpenditure', '0', '0', '1', '1', '1', '1', '1', 'EQ', 'input', '', 11, 'admin', '2024-04-25 17:10:15', '', '2024-04-25 21:16:35');
INSERT INTO `gen_table_column` VALUES (128, 10, 'is_first_appropriation', '是否首次拨款（0否 1是）', 'varchar(2)', 'String', 'isFirstAppropriation', '0', '0', '1', '1', '1', '1', '1', 'EQ', 'radio', 'is_first_appropriation', 12, 'admin', '2024-04-25 17:10:15', '', '2024-04-25 21:16:35');
INSERT INTO `gen_table_column` VALUES (129, 10, 'ranking', '排名', 'int(11)', 'Long', 'ranking', '0', '0', '0', '1', '1', '1', '1', 'EQ', 'input', '', 13, 'admin', '2024-04-25 17:10:15', '', '2024-04-25 21:16:35');
INSERT INTO `gen_table_column` VALUES (130, 10, 'magnitude_id', '量值id', 'bigint(20)', 'Long', 'magnitudeId', '0', '0', '1', '1', '1', '1', '1', 'EQ', 'input', '', 14, 'admin', '2024-04-25 17:10:15', '', '2024-04-25 21:16:35');
INSERT INTO `gen_table_column` VALUES (131, 10, 'project_score', '项目得分', 'int(11)', 'Long', 'projectScore', '0', '0', '0', '1', '1', '1', '1', 'EQ', 'input', '', 15, 'admin', '2024-04-25 17:10:15', '', '2024-04-25 21:16:35');
INSERT INTO `gen_table_column` VALUES (132, 10, 'kpi_year', 'kpi年份', 'varchar(255)', 'String', 'kpiYear', '0', '0', '1', '1', '1', '1', '1', 'EQ', 'datetime', '', 16, 'admin', '2024-04-25 17:10:15', '', '2024-04-25 21:16:35');
INSERT INTO `gen_table_column` VALUES (134, 10, 'reject_cause', '驳回原因', 'varchar(255)', 'String', 'rejectCause', '0', '0', '0', '1', '1', '1', '0', 'EQ', 'input', '', 18, 'admin', '2024-04-25 17:10:15', '', '2024-04-25 21:16:35');
INSERT INTO `gen_table_column` VALUES (135, 10, 'create_by', '创建者', 'varchar(64)', 'String', 'createBy', '0', '0', '0', '1', NULL, NULL, NULL, 'EQ', 'input', '', 19, 'admin', '2024-04-25 17:10:15', '', '2024-04-25 21:16:35');
INSERT INTO `gen_table_column` VALUES (136, 10, 'create_time', '创建时间', 'datetime', 'Date', 'createTime', '0', '0', '0', '1', NULL, NULL, NULL, 'EQ', 'datetime', '', 20, 'admin', '2024-04-25 17:10:15', '', '2024-04-25 21:16:35');
INSERT INTO `gen_table_column` VALUES (137, 10, 'update_by', '更新者', 'varchar(64)', 'String', 'updateBy', '0', '0', '0', '1', '1', NULL, NULL, 'EQ', 'input', '', 21, 'admin', '2024-04-25 17:10:15', '', '2024-04-25 21:16:35');
INSERT INTO `gen_table_column` VALUES (138, 10, 'update_time', '更新时间', 'datetime', 'Date', 'updateTime', '0', '0', '0', '1', '1', NULL, NULL, 'EQ', 'datetime', '', 22, 'admin', '2024-04-25 17:10:15', '', '2024-04-25 21:16:35');
INSERT INTO `gen_table_column` VALUES (139, 10, 'remark', '备注', 'varchar(500)', 'String', 'remark', '0', '0', '0', '1', '1', '1', NULL, 'EQ', 'textarea', '', 23, 'admin', '2024-04-25 17:10:15', '', '2024-04-25 21:16:35');
INSERT INTO `gen_table_column` VALUES (140, 11, 'science_id', '科技成果id', 'bigint(20)', 'Long', 'scienceId', '1', '1', '0', '1', NULL, NULL, NULL, 'EQ', 'input', '', 1, 'admin', '2024-04-25 17:10:15', '', '2024-04-25 21:07:39');
INSERT INTO `gen_table_column` VALUES (141, 11, 'science_name', '科技成果名称', 'varchar(255)', 'String', 'scienceName', '0', '0', '1', '1', '1', '1', '1', 'LIKE', 'input', '', 2, 'admin', '2024-04-25 17:10:15', '', '2024-04-25 21:07:39');
INSERT INTO `gen_table_column` VALUES (142, 11, 'science_number', '科技成果合同编号', 'varchar(255)', 'String', 'scienceNumber', '0', '0', '1', '1', '1', '1', '1', 'LIKE', 'input', '', 3, 'admin', '2024-04-25 17:10:15', '', '2024-04-25 21:07:39');
INSERT INTO `gen_table_column` VALUES (144, 11, 'science_money', '金额', 'decimal(10,2)', 'BigDecimal', 'scienceMoney', '0', '0', '1', '1', '1', '1', '1', 'EQ', 'input', '', 5, 'admin', '2024-04-25 17:10:15', '', '2024-04-25 21:07:39');
INSERT INTO `gen_table_column` VALUES (145, 11, 'ranking', '排名', 'int(11)', 'Long', 'ranking', '0', '0', '0', '1', '1', '1', '0', 'EQ', 'input', '', 6, 'admin', '2024-04-25 17:10:15', '', '2024-04-25 21:07:39');
INSERT INTO `gen_table_column` VALUES (146, 11, 'magnitude_id', '量值id', 'bigint(20)', 'Long', 'magnitudeId', '0', '0', '1', '1', '1', '1', '1', 'EQ', 'input', '', 7, 'admin', '2024-04-25 17:10:15', '', '2024-04-25 21:07:39');
INSERT INTO `gen_table_column` VALUES (147, 11, 'project_score', '项目得分', 'int(11)', 'Long', 'projectScore', '0', '0', '0', '1', '1', '1', '0', 'EQ', 'input', '', 8, 'admin', '2024-04-25 17:10:15', '', '2024-04-25 21:07:39');
INSERT INTO `gen_table_column` VALUES (148, 11, 'kpi_year', 'kpi年份', 'varchar(255)', 'String', 'kpiYear', '0', '0', '1', '1', '1', '1', '1', 'EQ', 'datetime', '', 9, 'admin', '2024-04-25 17:10:15', '', '2024-04-25 21:07:39');
INSERT INTO `gen_table_column` VALUES (150, 11, 'reject_cause', '驳回原因', 'varchar(255)', 'String', 'rejectCause', '0', '0', '0', '1', '1', '1', '0', 'EQ', 'input', '', 11, 'admin', '2024-04-25 17:10:15', '', '2024-04-25 21:07:39');
INSERT INTO `gen_table_column` VALUES (151, 11, 'create_by', '创建者', 'varchar(64)', 'String', 'createBy', '0', '0', '0', '1', NULL, NULL, NULL, 'EQ', 'input', '', 12, 'admin', '2024-04-25 17:10:15', '', '2024-04-25 21:07:39');
INSERT INTO `gen_table_column` VALUES (152, 11, 'create_time', '创建时间', 'datetime', 'Date', 'createTime', '0', '0', '0', '1', NULL, NULL, NULL, 'EQ', 'datetime', '', 13, 'admin', '2024-04-25 17:10:15', '', '2024-04-25 21:07:39');
INSERT INTO `gen_table_column` VALUES (153, 11, 'update_by', '更新者', 'varchar(64)', 'String', 'updateBy', '0', '0', '0', '1', '1', NULL, NULL, 'EQ', 'input', '', 14, 'admin', '2024-04-25 17:10:15', '', '2024-04-25 21:07:39');
INSERT INTO `gen_table_column` VALUES (154, 11, 'update_time', '更新时间', 'datetime', 'Date', 'updateTime', '0', '0', '0', '1', '1', NULL, NULL, 'EQ', 'datetime', '', 15, 'admin', '2024-04-25 17:10:15', '', '2024-04-25 21:07:39');
INSERT INTO `gen_table_column` VALUES (155, 11, 'remark', '备注', 'varchar(500)', 'String', 'remark', '0', '0', '0', '1', '1', '1', NULL, 'EQ', 'textarea', '', 16, 'admin', '2024-04-25 17:10:15', '', '2024-04-25 21:07:39');
INSERT INTO `gen_table_column` VALUES (156, 12, 'standard_id', '标准id', 'bigint(20)', 'Long', 'standardId', '1', '1', '0', '1', NULL, NULL, NULL, 'EQ', 'input', '', 1, 'admin', '2024-04-25 17:10:15', '', '2024-04-25 21:08:46');
INSERT INTO `gen_table_column` VALUES (157, 12, 'teacher_id', '教师id', 'bigint(20)', 'Long', 'teacherId', '0', '0', '1', '1', '1', '1', '1', 'EQ', 'input', '', 2, 'admin', '2024-04-25 17:10:15', '', '2024-04-25 21:08:46');
INSERT INTO `gen_table_column` VALUES (158, 12, 'standard_name', '标准名称', 'varchar(255)', 'String', 'standardName', '0', '0', '1', '1', '1', '1', '1', 'LIKE', 'input', '', 3, 'admin', '2024-04-25 17:10:15', '', '2024-04-25 21:08:46');
INSERT INTO `gen_table_column` VALUES (159, 12, 'acquire_time', '获得日期', 'datetime', 'Date', 'acquireTime', '0', '0', '1', '1', '1', '1', '1', 'BETWEEN', 'datetime', '', 4, 'admin', '2024-04-25 17:10:15', '', '2024-04-25 21:08:46');
INSERT INTO `gen_table_column` VALUES (160, 12, 'ranking', '排名', 'int(11)', 'Long', 'ranking', '0', '0', '0', '1', '1', '1', '0', 'EQ', 'input', '', 5, 'admin', '2024-04-25 17:10:15', '', '2024-04-25 21:08:46');
INSERT INTO `gen_table_column` VALUES (161, 12, 'magnitude_id', '量值id', 'bigint(20)', 'Long', 'magnitudeId', '0', '0', '1', '1', '1', '1', '1', 'EQ', 'input', '', 6, 'admin', '2024-04-25 17:10:15', '', '2024-04-25 21:08:46');
INSERT INTO `gen_table_column` VALUES (162, 12, 'project_score', '项目得分', 'int(11)', 'Long', 'projectScore', '0', '0', '0', '1', '1', '1', '0', 'EQ', 'input', '', 7, 'admin', '2024-04-25 17:10:15', '', '2024-04-25 21:08:46');
INSERT INTO `gen_table_column` VALUES (163, 12, 'kpi_year', 'kpi年份', 'varchar(255)', 'String', 'kpiYear', '0', '0', '1', '1', '1', '1', '1', 'EQ', 'datetime', '', 8, 'admin', '2024-04-25 17:10:15', '', '2024-04-25 21:08:46');
INSERT INTO `gen_table_column` VALUES (165, 12, 'reject_cause', '驳回原因', 'varchar(255)', 'String', 'rejectCause', '0', '0', '0', '1', '1', '1', '0', 'EQ', 'input', '', 10, 'admin', '2024-04-25 17:10:15', '', '2024-04-25 21:08:46');
INSERT INTO `gen_table_column` VALUES (166, 12, 'create_by', '创建者', 'varchar(64)', 'String', 'createBy', '0', '0', '0', '1', NULL, NULL, NULL, 'EQ', 'input', '', 11, 'admin', '2024-04-25 17:10:15', '', '2024-04-25 21:08:46');
INSERT INTO `gen_table_column` VALUES (167, 12, 'create_time', '创建时间', 'datetime', 'Date', 'createTime', '0', '0', '0', '1', NULL, NULL, NULL, 'EQ', 'datetime', '', 12, 'admin', '2024-04-25 17:10:15', '', '2024-04-25 21:08:46');
INSERT INTO `gen_table_column` VALUES (168, 12, 'update_by', '更新者', 'varchar(64)', 'String', 'updateBy', '0', '0', '0', '1', '1', NULL, NULL, 'EQ', 'input', '', 13, 'admin', '2024-04-25 17:10:15', '', '2024-04-25 21:08:46');
INSERT INTO `gen_table_column` VALUES (169, 12, 'update_time', '更新时间', 'datetime', 'Date', 'updateTime', '0', '0', '0', '1', '1', NULL, NULL, 'EQ', 'datetime', '', 14, 'admin', '2024-04-25 17:10:15', '', '2024-04-25 21:08:46');
INSERT INTO `gen_table_column` VALUES (170, 12, 'remark', '备注', 'varchar(500)', 'String', 'remark', '0', '0', '0', '1', '1', '1', NULL, 'EQ', 'textarea', '', 15, 'admin', '2024-04-25 17:10:15', '', '2024-04-25 21:08:46');
INSERT INTO `gen_table_column` VALUES (171, 5, 'audit_state', '审核状态（0待审核 1审核通过 2审核驳回）', 'varchar(2)', 'String', 'auditState', '0', '0', '0', '1', '1', '1', '1', 'EQ', 'radio', 'kpi_audit_state', 9, '', '2024-04-25 21:00:27', '', '2024-04-25 21:04:45');
INSERT INTO `gen_table_column` VALUES (172, 6, 'audit_state', '审核状态（0待审核 1审核通过 2审核驳回）', 'varchar(2)', 'String', 'auditState', '0', '0', '0', '1', '1', '1', '1', 'EQ', 'radio', 'kpi_audit_state', 9, '', '2024-04-25 21:00:39', '', '2024-04-25 21:05:02');
INSERT INTO `gen_table_column` VALUES (173, 7, 'publish_time', '发表日期', 'datetime', 'Date', 'publishTime', '0', '0', '0', '1', '1', '1', '1', 'BETWEEN', 'datetime', '', 5, '', '2024-04-25 21:00:41', '', '2024-04-25 21:05:13');
INSERT INTO `gen_table_column` VALUES (174, 7, 'audit_state', '审核状态（0待审核 1审核通过 2审核驳回）', 'varchar(2)', 'String', 'auditState', '0', '0', '0', '1', '1', '1', '1', 'EQ', 'radio', 'kpi_audit_state', 10, '', '2024-04-25 21:00:41', '', '2024-04-25 21:05:13');
INSERT INTO `gen_table_column` VALUES (175, 8, 'audit_state', '审核状态（0待审核 1审核通过 2审核驳回）', 'varchar(2)', 'String', 'auditState', '0', '0', '0', '1', '1', '1', '1', 'EQ', 'radio', 'kpi_audit_state', 8, '', '2024-04-25 21:00:43', '', '2024-04-25 21:04:29');
INSERT INTO `gen_table_column` VALUES (176, 9, 'publish_time', '发表日期', 'datetime', 'Date', 'publishTime', '0', '0', '1', '1', '1', '1', '1', 'BETWEEN', 'datetime', '', 5, '', '2024-04-25 21:00:44', '', '2024-04-25 21:06:21');
INSERT INTO `gen_table_column` VALUES (177, 9, 'audit_state', '审核状态（0待审核 1审核通过 2审核驳回）', 'varchar(2)', 'String', 'auditState', '0', '0', '0', '1', '1', '1', '1', 'EQ', 'radio', 'kpi_audit_state', 13, '', '2024-04-25 21:00:44', '', '2024-04-25 21:06:21');
INSERT INTO `gen_table_column` VALUES (178, 11, 'publish_time', '发表日期', 'datetime', 'Date', 'publishTime', '0', '0', '1', '1', '1', '1', '1', 'BETWEEN', 'datetime', '', 4, '', '2024-04-25 21:00:49', '', '2024-04-25 21:07:39');
INSERT INTO `gen_table_column` VALUES (179, 11, 'audit_state', '审核状态（0待审核 1审核通过 2审核驳回）', 'varchar(2)', 'String', 'auditState', '0', '0', '0', '1', '1', '1', '1', 'EQ', 'radio', 'sys_common_status', 10, '', '2024-04-25 21:00:49', '', '2024-04-25 21:07:39');
INSERT INTO `gen_table_column` VALUES (180, 12, 'audit_state', '审核状态（0待审核 1审核通过 2审核驳回）', 'varchar(2)', 'String', 'auditState', '0', '0', '0', '1', '1', '1', '1', 'EQ', 'radio', 'kpi_audit_state', 9, '', '2024-04-25 21:01:04', '', '2024-04-25 21:08:46');
INSERT INTO `gen_table_column` VALUES (181, 10, 'finance_account_number', '财务资金账户编号', 'varchar(255)', 'String', 'financeAccountNumber', '0', '0', '1', '1', '1', '1', '1', 'EQ', 'input', '', 6, '', '2024-04-25 21:15:35', '', '2024-04-25 21:16:35');
INSERT INTO `gen_table_column` VALUES (182, 10, 'audit_state', '审核状态（0待审核 1审核通过 2审核驳回）', 'varchar(2)', 'String', 'auditState', '0', '0', '0', '1', '1', '1', '1', 'EQ', 'radio', 'kpi_audit_state', 17, '', '2024-04-25 21:15:35', '', '2024-04-25 21:16:35');
INSERT INTO `gen_table_column` VALUES (183, 4, 'teacher_avatar', '老师头像', 'varchar(255)', 'String', 'teacherAvatar', '0', '0', '0', '1', '1', '1', '1', 'EQ', 'imageUpload', '', 5, '', '2024-04-30 11:02:58', '', '2024-05-09 09:59:13');

-- ----------------------------
-- Table structure for kpi_awards
-- ----------------------------
DROP TABLE IF EXISTS `kpi_awards`;
CREATE TABLE `kpi_awards`  (
  `awards_id` bigint(20) NOT NULL AUTO_INCREMENT COMMENT '奖项id',
  `awards_name` varchar(255) CHARACTER SET utf8mb4 COLLATE utf8mb4_general_ci DEFAULT NULL COMMENT '奖项名称',
  `teacher_id` bigint(20) DEFAULT NULL COMMENT '教师id',
  `acquire_time` datetime(0) DEFAULT NULL COMMENT '获得日期',
  `ranking` int(11) DEFAULT NULL COMMENT '排名',
  `magnitude_id` bigint(20) DEFAULT NULL COMMENT '量值id',
  `project_score` int(11) DEFAULT NULL COMMENT '项目得分',
  `kpi_year` varchar(255) CHARACTER SET utf8mb4 COLLATE utf8mb4_general_ci DEFAULT NULL COMMENT 'kpi年份',
  `audit_state` varchar(2) CHARACTER SET utf8mb4 COLLATE utf8mb4_general_ci DEFAULT NULL COMMENT '审核状态（0待审核 1审核通过 2审核驳回）',
  `reject_cause` varchar(255) CHARACTER SET utf8mb4 COLLATE utf8mb4_general_ci DEFAULT NULL COMMENT '驳回原因',
  `create_by` varchar(64) CHARACTER SET utf8mb4 COLLATE utf8mb4_general_ci DEFAULT '' COMMENT '创建者',
  `create_time` datetime(0) DEFAULT NULL COMMENT '创建时间',
  `update_by` varchar(64) CHARACTER SET utf8mb4 COLLATE utf8mb4_general_ci DEFAULT '' COMMENT '更新者',
  `update_time` datetime(0) DEFAULT NULL COMMENT '更新时间',
  `remark` varchar(500) CHARACTER SET utf8mb4 COLLATE utf8mb4_general_ci DEFAULT NULL COMMENT '备注',
  PRIMARY KEY (`awards_id`) USING BTREE
) ENGINE = InnoDB AUTO_INCREMENT = 1 CHARACTER SET = utf8mb4 COLLATE = utf8mb4_general_ci COMMENT = '奖项信息' ROW_FORMAT = Dynamic;

-- ----------------------------
-- Records of kpi_awards
-- ----------------------------
INSERT INTO `kpi_awards` VALUES (3, '1', 5, '2024-05-08 00:00:00', 1, 19, 60, '2024', '1', NULL, '', '2024-05-08 17:39:16', '', '2024-05-08 17:39:46', NULL);

-- ----------------------------
-- Table structure for kpi_excellent_paper_chai
-- ----------------------------
DROP TABLE IF EXISTS `kpi_excellent_paper_chai`;
CREATE TABLE `kpi_excellent_paper_chai`  (
  `excellent_paper_chair_id` bigint(20) NOT NULL AUTO_INCREMENT COMMENT '指导优秀论文与讲座id',
  `teacher_id` bigint(20) DEFAULT NULL COMMENT '教师id',
  `excellent_paper_chai_name` varchar(255) CHARACTER SET utf8mb4 COLLATE utf8mb4_general_ci DEFAULT NULL COMMENT '论文/讲座名称',
  `approving_unit` varchar(255) CHARACTER SET utf8mb4 COLLATE utf8mb4_general_ci DEFAULT NULL COMMENT '批准单位',
  `approving_time` datetime(0) DEFAULT NULL COMMENT '批准时间',
  `ranking` int(11) DEFAULT NULL COMMENT '排名',
  `magnitude_id` bigint(20) DEFAULT NULL COMMENT '量值id',
  `project_score` int(11) DEFAULT NULL COMMENT '项目得分',
  `kpi_year` varchar(255) CHARACTER SET utf8mb4 COLLATE utf8mb4_general_ci DEFAULT NULL COMMENT 'kpi年份',
  `audit_state` varchar(2) CHARACTER SET utf8mb4 COLLATE utf8mb4_general_ci DEFAULT NULL COMMENT '审核状态（0待审核 1审核通过 2审核驳回）',
  `reject_cause` varchar(255) CHARACTER SET utf8mb4 COLLATE utf8mb4_general_ci DEFAULT NULL COMMENT '驳回原因',
  `create_by` varchar(64) CHARACTER SET utf8mb4 COLLATE utf8mb4_general_ci DEFAULT '' COMMENT '创建者',
  `create_time` datetime(0) DEFAULT NULL COMMENT '创建时间',
  `update_by` varchar(64) CHARACTER SET utf8mb4 COLLATE utf8mb4_general_ci DEFAULT '' COMMENT '更新者',
  `update_time` datetime(0) DEFAULT NULL COMMENT '更新时间',
  `remark` varchar(500) CHARACTER SET utf8mb4 COLLATE utf8mb4_general_ci DEFAULT NULL COMMENT '备注',
  PRIMARY KEY (`excellent_paper_chair_id`) USING BTREE
) ENGINE = InnoDB AUTO_INCREMENT = 1 CHARACTER SET = utf8mb4 COLLATE = utf8mb4_general_ci COMMENT = '指导优秀论文与讲座' ROW_FORMAT = Dynamic;

-- ----------------------------
-- Records of kpi_excellent_paper_chai
-- ----------------------------
INSERT INTO `kpi_excellent_paper_chai` VALUES (1, 5, '优秀1', '信息学院', '2024-05-08 00:00:00', 1, 20, 70, '2024', '1', NULL, '', '2024-05-08 18:08:44', '', '2024-05-08 18:08:59', NULL);

-- ----------------------------
-- Table structure for kpi_intellectual
-- ----------------------------
DROP TABLE IF EXISTS `kpi_intellectual`;
CREATE TABLE `kpi_intellectual`  (
  `intellectual_id` bigint(20) NOT NULL AUTO_INCREMENT COMMENT '知识产权id',
  `teacher_id` bigint(20) DEFAULT NULL COMMENT '教师id',
  `intellectual_name` varchar(255) CHARACTER SET utf8mb4 COLLATE utf8mb4_general_ci DEFAULT NULL COMMENT '知识产权名称',
  `intellectual_number` varchar(255) CHARACTER SET utf8mb4 COLLATE utf8mb4_general_ci DEFAULT NULL COMMENT '知识产权编号',
  `publish_time` datetime(0) DEFAULT NULL COMMENT '发表日期',
  `ranking` int(11) DEFAULT NULL COMMENT '排名',
  `magnitude_id` bigint(20) DEFAULT NULL COMMENT '量值id',
  `project_score` int(11) DEFAULT NULL COMMENT '项目得分',
  `kpi_year` varchar(255) CHARACTER SET utf8mb4 COLLATE utf8mb4_general_ci DEFAULT NULL COMMENT 'kpi年份',
  `audit_state` varchar(2) CHARACTER SET utf8mb4 COLLATE utf8mb4_general_ci DEFAULT NULL COMMENT '审核状态（0待审核 1审核通过 2审核驳回）',
  `reject_cause` varchar(255) CHARACTER SET utf8mb4 COLLATE utf8mb4_general_ci DEFAULT NULL COMMENT '驳回原因',
  `create_by` varchar(64) CHARACTER SET utf8mb4 COLLATE utf8mb4_general_ci DEFAULT '' COMMENT '创建者',
  `create_time` datetime(0) DEFAULT NULL COMMENT '创建时间',
  `update_by` varchar(64) CHARACTER SET utf8mb4 COLLATE utf8mb4_general_ci DEFAULT '' COMMENT '更新者',
  `update_time` datetime(0) DEFAULT NULL COMMENT '更新时间',
  `remark` varchar(500) CHARACTER SET utf8mb4 COLLATE utf8mb4_general_ci DEFAULT NULL COMMENT '备注',
  PRIMARY KEY (`intellectual_id`) USING BTREE
) ENGINE = InnoDB AUTO_INCREMENT = 1 CHARACTER SET = utf8mb4 COLLATE = utf8mb4_general_ci COMMENT = '知识产权' ROW_FORMAT = Dynamic;

-- ----------------------------
-- Records of kpi_intellectual
-- ----------------------------
INSERT INTO `kpi_intellectual` VALUES (4, 5, '产权1', '1', '2024-05-08 00:00:00', 1, 13, 30, '2024', '1', NULL, '', '2024-05-08 16:36:03', '', '2024-05-08 16:36:17', NULL);

-- ----------------------------
-- Table structure for kpi_magnitude
-- ----------------------------
DROP TABLE IF EXISTS `kpi_magnitude`;
CREATE TABLE `kpi_magnitude`  (
  `magnitude_id` bigint(20) NOT NULL AUTO_INCREMENT COMMENT '量值id',
  `magnitude_name` varchar(255) CHARACTER SET utf8mb4 COLLATE utf8mb4_general_ci DEFAULT NULL COMMENT '量值名称',
  `type_id` bigint(20) DEFAULT NULL COMMENT '分类id',
  `basic_score` int(11) DEFAULT NULL COMMENT '基础KPI分数',
  `extro_score` int(11) DEFAULT NULL COMMENT '额外KPI分数（万元/分）',
  `create_by` varchar(64) CHARACTER SET utf8mb4 COLLATE utf8mb4_general_ci DEFAULT '' COMMENT '创建者',
  `create_time` datetime(0) DEFAULT NULL COMMENT '创建时间',
  `update_by` varchar(64) CHARACTER SET utf8mb4 COLLATE utf8mb4_general_ci DEFAULT '' COMMENT '更新者',
  `update_time` datetime(0) DEFAULT NULL COMMENT '更新时间',
  `remark` varchar(500) CHARACTER SET utf8mb4 COLLATE utf8mb4_general_ci DEFAULT NULL COMMENT '备注',
  PRIMARY KEY (`magnitude_id`) USING BTREE
) ENGINE = InnoDB AUTO_INCREMENT = 15 CHARACTER SET = utf8mb4 COLLATE = utf8mb4_general_ci COMMENT = 'KPI量值标准' ROW_FORMAT = Dynamic;

-- ----------------------------
-- Records of kpi_magnitude
-- ----------------------------
INSERT INTO `kpi_magnitude` VALUES (1, '中科院1分区SCI 期刊论文', 2, 200, NULL, '', '2024-04-21 16:21:04', '', '2024-04-21 20:14:46', NULL);
INSERT INTO `kpi_magnitude` VALUES (2, '中科院2分区SCI 期刊论文', 2, 100, NULL, '', '2024-04-21 20:15:07', '', NULL, NULL);
INSERT INTO `kpi_magnitude` VALUES (3, '中科院3分区SCI 期刊论文', 2, 50, NULL, '', '2024-04-21 20:15:34', '', NULL, NULL);
INSERT INTO `kpi_magnitude` VALUES (4, '中科院4分区SCI 期刊论文', 2, 25, NULL, '', '2024-04-21 20:15:54', '', NULL, NULL);
INSERT INTO `kpi_magnitude` VALUES (5, '卓越计划行动计划期刊论文', 2, 75, NULL, '', '2024-04-21 22:28:52', '', NULL, NULL);
INSERT INTO `kpi_magnitude` VALUES (6, 'ESI高被引论文', 2, 0, 100, '', '2024-04-21 22:29:28', '', NULL, NULL);
INSERT INTO `kpi_magnitude` VALUES (7, 'ESI 热点论文', 2, 0, 150, '', '2024-04-21 22:29:51', '', NULL, NULL);
INSERT INTO `kpi_magnitude` VALUES (8, 'EI 期刊论文（不在分区列表中的 SCI 期刊）', 2, 20, NULL, '', '2024-04-21 22:30:03', '', NULL, NULL);
INSERT INTO `kpi_magnitude` VALUES (9, 'CCF A类期刊及会议论文', 2, 250, NULL, '', '2024-04-21 22:30:29', '', NULL, NULL);
INSERT INTO `kpi_magnitude` VALUES (10, 'CCF B类期刊及会议论文', 2, 150, NULL, '', '2024-04-21 22:30:51', '', NULL, NULL);
INSERT INTO `kpi_magnitude` VALUES (11, 'CCF B类期刊及会议论文', 2, 75, NULL, '', '2024-04-21 22:30:59', '', NULL, NULL);
INSERT INTO `kpi_magnitude` VALUES (12, '中文核心期刊论文', 2, 15, NULL, '', '2024-04-21 22:31:09', '', NULL, NULL);
INSERT INTO `kpi_magnitude` VALUES (13, '国家发明专利', 5, 30, NULL, '', '2024-04-21 22:31:31', '', NULL, NULL);
INSERT INTO `kpi_magnitude` VALUES (14, '实用新型专利', 5, 10, NULL, '', '2024-04-21 22:33:30', '', NULL, NULL);
INSERT INTO `kpi_magnitude` VALUES (15, '标准', 5, 0, NULL, '', '2024-04-21 22:36:00', '', NULL, NULL);
INSERT INTO `kpi_magnitude` VALUES (16, '纵向项目1', 3, 100, 12, '', '2024-05-08 15:26:05', '', NULL, NULL);
INSERT INTO `kpi_magnitude` VALUES (17, '横向项目', 4, 100, 13, '', '2024-05-08 15:26:32', '', NULL, NULL);
INSERT INTO `kpi_magnitude` VALUES (18, '标准1', 6, 50, 0, '', '2024-05-08 17:03:03', '', NULL, NULL);
INSERT INTO `kpi_magnitude` VALUES (19, '国家一等奖', 7, 60, 0, '', '2024-05-08 17:03:23', '', NULL, NULL);
INSERT INTO `kpi_magnitude` VALUES (20, '优秀论文1', 11, 70, 0, '', '2024-05-08 17:05:12', '', NULL, NULL);
INSERT INTO `kpi_magnitude` VALUES (21, '国际任职1', 9, 88, 0, '', '2024-05-08 17:05:47', '', NULL, NULL);
INSERT INTO `kpi_magnitude` VALUES (22, '科技成果1', 10, 45, 0, '', '2024-05-08 17:06:07', '', NULL, NULL);

-- ----------------------------
-- Table structure for kpi_organization
-- ----------------------------
DROP TABLE IF EXISTS `kpi_organization`;
CREATE TABLE `kpi_organization`  (
  `organization_id` bigint(20) NOT NULL AUTO_INCREMENT COMMENT '国际学术组织任职id',
  `organization_name` varchar(255) CHARACTER SET utf8mb4 COLLATE utf8mb4_general_ci DEFAULT NULL COMMENT '国际学术组织名称',
  `teacher_id` bigint(20) DEFAULT NULL COMMENT '教师id',
  `take_office_time` datetime(0) DEFAULT NULL COMMENT '任职日期',
  `magnitude_id` bigint(20) DEFAULT NULL COMMENT '量值id',
  `project_score` int(11) DEFAULT NULL COMMENT '项目得分',
  `kpi_year` varchar(255) CHARACTER SET utf8mb4 COLLATE utf8mb4_general_ci DEFAULT NULL COMMENT 'kpi年份',
  `audit_state` varchar(2) CHARACTER SET utf8mb4 COLLATE utf8mb4_general_ci DEFAULT NULL COMMENT '审核状态（0待审核 1审核通过 2审核驳回）',
  `reject_cause` varchar(255) CHARACTER SET utf8mb4 COLLATE utf8mb4_general_ci DEFAULT NULL COMMENT '驳回原因',
  `create_by` varchar(64) CHARACTER SET utf8mb4 COLLATE utf8mb4_general_ci DEFAULT '' COMMENT '创建者',
  `create_time` datetime(0) DEFAULT NULL COMMENT '创建时间',
  `update_by` varchar(64) CHARACTER SET utf8mb4 COLLATE utf8mb4_general_ci DEFAULT '' COMMENT '更新者',
  `update_time` datetime(0) DEFAULT NULL COMMENT '更新时间',
  `remark` varchar(500) CHARACTER SET utf8mb4 COLLATE utf8mb4_general_ci DEFAULT NULL COMMENT '备注',
  PRIMARY KEY (`organization_id`) USING BTREE
) ENGINE = InnoDB AUTO_INCREMENT = 1 CHARACTER SET = utf8mb4 COLLATE = utf8mb4_general_ci COMMENT = '国际学术组织任职' ROW_FORMAT = Dynamic;

-- ----------------------------
-- Records of kpi_organization
-- ----------------------------
INSERT INTO `kpi_organization` VALUES (1, 'wto', 5, '2024-05-08 00:00:00', 21, 88, '2024', '1', NULL, '', '2024-05-08 20:21:32', '', '2024-05-08 20:23:11', NULL);

-- ----------------------------
-- Table structure for kpi_paper_no_teach
-- ----------------------------
DROP TABLE IF EXISTS `kpi_paper_no_teach`;
CREATE TABLE `kpi_paper_no_teach`  (
  `paper_no_teach_id` bigint(20) NOT NULL AUTO_INCREMENT COMMENT '非教学类科研论文id',
  `teacher_id` bigint(20) DEFAULT NULL COMMENT '教师id',
  `paper_name` varchar(255) CHARACTER SET utf8mb4 COLLATE utf8mb4_general_ci DEFAULT NULL COMMENT '论文名称',
  `periodical_name` varchar(255) CHARACTER SET utf8mb4 COLLATE utf8mb4_general_ci DEFAULT NULL COMMENT '期刊/会议名称',
  `publish_time` datetime(0) DEFAULT NULL COMMENT '发表日期',
  `Issue_number` varchar(255) CHARACTER SET utf8mb4 COLLATE utf8mb4_general_ci DEFAULT NULL COMMENT '期卷号',
  `issn_number` varchar(255) CHARACTER SET utf8mb4 COLLATE utf8mb4_general_ci DEFAULT NULL COMMENT 'ISSN号',
  `start_end_page_number` varchar(255) CHARACTER SET utf8mb4 COLLATE utf8mb4_general_ci DEFAULT NULL COMMENT '起止页码',
  `ranking` int(11) DEFAULT NULL COMMENT '排名',
  `magnitude_id` bigint(20) DEFAULT NULL COMMENT '量值id',
  `project_score` int(11) DEFAULT NULL COMMENT '项目得分',
  `kpi_year` varchar(255) CHARACTER SET utf8mb4 COLLATE utf8mb4_general_ci DEFAULT NULL COMMENT 'kpi年份',
  `audit_state` varchar(2) CHARACTER SET utf8mb4 COLLATE utf8mb4_general_ci DEFAULT NULL COMMENT '审核状态（0待审核 1审核通过 2审核驳回）',
  `reject_cause` varchar(255) CHARACTER SET utf8mb4 COLLATE utf8mb4_general_ci DEFAULT NULL COMMENT '驳回原因',
  `create_by` varchar(64) CHARACTER SET utf8mb4 COLLATE utf8mb4_general_ci DEFAULT '' COMMENT '创建者',
  `create_time` datetime(0) DEFAULT NULL COMMENT '创建时间',
  `update_by` varchar(64) CHARACTER SET utf8mb4 COLLATE utf8mb4_general_ci DEFAULT '' COMMENT '更新者',
  `update_time` datetime(0) DEFAULT NULL COMMENT '更新时间',
  `remark` varchar(500) CHARACTER SET utf8mb4 COLLATE utf8mb4_general_ci DEFAULT NULL COMMENT '备注',
  PRIMARY KEY (`paper_no_teach_id`) USING BTREE
) ENGINE = InnoDB AUTO_INCREMENT = 1 CHARACTER SET = utf8mb4 COLLATE = utf8mb4_general_ci COMMENT = '非教学类科研论文' ROW_FORMAT = Dynamic;

-- ----------------------------
-- Records of kpi_paper_no_teach
-- ----------------------------
INSERT INTO `kpi_paper_no_teach` VALUES (1, 5, 'ceshilunwen', 'cw', '2024-05-15 00:00:00', '1', '1', '1-35', NULL, 1, 200, '2024', '2', '驳回', '', '2024-05-08 14:08:19', '', '2024-05-08 14:27:24', NULL);
INSERT INTO `kpi_paper_no_teach` VALUES (2, 5, 'cs', '1', '2024-05-15 00:00:00', '1', '1', '1-22', 1, 2, 100, '2024', '1', NULL, '', '2024-05-08 14:40:30', '', '2024-05-08 14:43:16', NULL);

-- ----------------------------
-- Table structure for kpi_project
-- ----------------------------
DROP TABLE IF EXISTS `kpi_project`;
CREATE TABLE `kpi_project`  (
  `project_id` bigint(20) NOT NULL AUTO_INCREMENT COMMENT '项目id',
  `teacher_id` bigint(20) DEFAULT NULL COMMENT '教师id',
  `project_name` varchar(255) CHARACTER SET utf8mb4 COLLATE utf8mb4_general_ci DEFAULT NULL COMMENT '项目名称',
  `project_source` varchar(255) CHARACTER SET utf8mb4 COLLATE utf8mb4_general_ci DEFAULT NULL COMMENT '项目来源',
  `project_number` varchar(255) CHARACTER SET utf8mb4 COLLATE utf8mb4_general_ci DEFAULT NULL COMMENT '项目编号',
  `finance_account_number` varchar(255) CHARACTER SET utf8mb4 COLLATE utf8mb4_general_ci DEFAULT NULL COMMENT '财务资金账户编号',
  `project_start_time` datetime(0) DEFAULT NULL COMMENT '项目起始时间',
  `project_end_time` datetime(0) DEFAULT NULL COMMENT '项目结束时间',
  `account_expenditure` decimal(10, 2) DEFAULT NULL COMMENT '到账经费',
  `out_expenditure` decimal(10, 2) DEFAULT NULL COMMENT '外拨经费',
  `actual_expenditure` decimal(10, 2) DEFAULT NULL COMMENT '实际经费',
  `is_first_appropriation` varchar(2) CHARACTER SET utf8mb4 COLLATE utf8mb4_general_ci DEFAULT NULL COMMENT '是否首次拨款（0否 1是）',
  `ranking` int(11) DEFAULT NULL COMMENT '排名',
  `magnitude_id` bigint(20) DEFAULT NULL COMMENT '量值id',
  `project_score` int(11) DEFAULT NULL COMMENT '项目得分',
  `kpi_year` varchar(255) CHARACTER SET utf8mb4 COLLATE utf8mb4_general_ci DEFAULT NULL COMMENT 'kpi年份',
  `audit_state` varchar(2) CHARACTER SET utf8mb4 COLLATE utf8mb4_general_ci DEFAULT NULL COMMENT '审核状态（0待审核 1审核通过 2审核驳回）',
  `reject_cause` varchar(255) CHARACTER SET utf8mb4 COLLATE utf8mb4_general_ci DEFAULT NULL COMMENT '驳回原因',
  `create_by` varchar(64) CHARACTER SET utf8mb4 COLLATE utf8mb4_general_ci DEFAULT '' COMMENT '创建者',
  `create_time` datetime(0) DEFAULT NULL COMMENT '创建时间',
  `update_by` varchar(64) CHARACTER SET utf8mb4 COLLATE utf8mb4_general_ci DEFAULT '' COMMENT '更新者',
  `update_time` datetime(0) DEFAULT NULL COMMENT '更新时间',
  `remark` varchar(500) CHARACTER SET utf8mb4 COLLATE utf8mb4_general_ci DEFAULT NULL COMMENT '备注',
  PRIMARY KEY (`project_id`) USING BTREE
) ENGINE = InnoDB AUTO_INCREMENT = 1 CHARACTER SET = utf8mb4 COLLATE = utf8mb4_general_ci COMMENT = '项目信息' ROW_FORMAT = Dynamic;

-- ----------------------------
-- Records of kpi_project
-- ----------------------------
INSERT INTO `kpi_project` VALUES (1, 5, '横向11', '1', '1', '1', '2024-05-08 00:00:00', '2025-05-15 00:00:00', 150.00, 150.00, 150.00, '1', 1, 17, 111, '2024', '1', NULL, '', '2024-05-08 15:31:55', '', '2024-05-08 15:33:58', NULL);

-- ----------------------------
-- Table structure for kpi_science
-- ----------------------------
DROP TABLE IF EXISTS `kpi_science`;
CREATE TABLE `kpi_science`  (
  `science_id` bigint(20) NOT NULL AUTO_INCREMENT COMMENT '科技成果id',
  `teacher_id` bigint(20) DEFAULT NULL COMMENT '教师id',
  `science_name` varchar(255) CHARACTER SET utf8mb4 COLLATE utf8mb4_general_ci DEFAULT NULL COMMENT '科技成果名称',
  `science_number` varchar(255) CHARACTER SET utf8mb4 COLLATE utf8mb4_general_ci DEFAULT NULL COMMENT '科技成果合同编号',
  `publish_time` datetime(0) DEFAULT NULL COMMENT '发表日期',
  `science_money` decimal(10, 2) DEFAULT NULL COMMENT '金额',
  `ranking` int(11) DEFAULT NULL COMMENT '排名',
  `magnitude_id` bigint(20) DEFAULT NULL COMMENT '量值id',
  `project_score` int(11) DEFAULT NULL COMMENT '项目得分',
  `kpi_year` varchar(255) CHARACTER SET utf8mb4 COLLATE utf8mb4_general_ci DEFAULT NULL COMMENT 'kpi年份',
  `audit_state` varchar(2) CHARACTER SET utf8mb4 COLLATE utf8mb4_general_ci DEFAULT NULL COMMENT '审核状态（0待审核 1审核通过 2审核驳回）',
  `reject_cause` varchar(255) CHARACTER SET utf8mb4 COLLATE utf8mb4_general_ci DEFAULT NULL COMMENT '驳回原因',
  `create_by` varchar(64) CHARACTER SET utf8mb4 COLLATE utf8mb4_general_ci DEFAULT '' COMMENT '创建者',
  `create_time` datetime(0) DEFAULT NULL COMMENT '创建时间',
  `update_by` varchar(64) CHARACTER SET utf8mb4 COLLATE utf8mb4_general_ci DEFAULT '' COMMENT '更新者',
  `update_time` datetime(0) DEFAULT NULL COMMENT '更新时间',
  `remark` varchar(500) CHARACTER SET utf8mb4 COLLATE utf8mb4_general_ci DEFAULT NULL COMMENT '备注',
  PRIMARY KEY (`science_id`) USING BTREE
) ENGINE = InnoDB AUTO_INCREMENT = 1 CHARACTER SET = utf8mb4 COLLATE = utf8mb4_general_ci COMMENT = '科技成果' ROW_FORMAT = Dynamic;

-- ----------------------------
-- Records of kpi_science
-- ----------------------------
INSERT INTO `kpi_science` VALUES (3, 5, '1', '1', '2024-05-08 00:00:00', 11.00, 1, 22, 45, '2024', '1', NULL, '', '2024-05-08 20:43:38', '', '2024-05-08 20:46:13', NULL);

-- ----------------------------
-- Table structure for kpi_standard
-- ----------------------------
DROP TABLE IF EXISTS `kpi_standard`;
CREATE TABLE `kpi_standard`  (
  `standard_id` bigint(20) NOT NULL AUTO_INCREMENT COMMENT '标准id',
  `teacher_id` bigint(20) DEFAULT NULL COMMENT '教师id',
  `standard_name` varchar(255) CHARACTER SET utf8mb4 COLLATE utf8mb4_general_ci DEFAULT NULL COMMENT '标准名称',
  `acquire_time` datetime(0) DEFAULT NULL COMMENT '获得日期',
  `ranking` int(11) DEFAULT NULL COMMENT '排名',
  `magnitude_id` bigint(20) DEFAULT NULL COMMENT '量值id',
  `project_score` int(11) DEFAULT NULL COMMENT '项目得分',
  `kpi_year` varchar(255) CHARACTER SET utf8mb4 COLLATE utf8mb4_general_ci DEFAULT NULL COMMENT 'kpi年份',
  `audit_state` varchar(2) CHARACTER SET utf8mb4 COLLATE utf8mb4_general_ci DEFAULT NULL COMMENT '审核状态（0待审核 1审核通过 2审核驳回）',
  `reject_cause` varchar(255) CHARACTER SET utf8mb4 COLLATE utf8mb4_general_ci DEFAULT NULL COMMENT '驳回原因',
  `create_by` varchar(64) CHARACTER SET utf8mb4 COLLATE utf8mb4_general_ci DEFAULT '' COMMENT '创建者',
  `create_time` datetime(0) DEFAULT NULL COMMENT '创建时间',
  `update_by` varchar(64) CHARACTER SET utf8mb4 COLLATE utf8mb4_general_ci DEFAULT '' COMMENT '更新者',
  `update_time` datetime(0) DEFAULT NULL COMMENT '更新时间',
  `remark` varchar(500) CHARACTER SET utf8mb4 COLLATE utf8mb4_general_ci DEFAULT NULL COMMENT '备注',
  PRIMARY KEY (`standard_id`) USING BTREE
) ENGINE = InnoDB AUTO_INCREMENT = 1 CHARACTER SET = utf8mb4 COLLATE = utf8mb4_general_ci COMMENT = '标准及平台' ROW_FORMAT = Dynamic;

-- ----------------------------
-- Records of kpi_standard
-- ----------------------------
INSERT INTO `kpi_standard` VALUES (3, 5, '标准1', '2024-05-08 00:00:00', 1, 18, 50, '2024', '1', NULL, '', '2024-05-08 17:45:41', '', '2024-05-08 17:45:50', NULL);

-- ----------------------------
-- Table structure for kpi_teacher
-- ----------------------------
DROP TABLE IF EXISTS `kpi_teacher`;
CREATE TABLE `kpi_teacher`  (
  `teacher_id` bigint(20) NOT NULL AUTO_INCREMENT COMMENT '老师id',
  `teacher_name` varchar(255) CHARACTER SET utf8mb4 COLLATE utf8mb4_general_ci DEFAULT NULL COMMENT '老师姓名',
  `teacher_career` varchar(255) CHARACTER SET utf8mb4 COLLATE utf8mb4_general_ci DEFAULT NULL COMMENT '老师职称',
  `teacher_department` bigint(20) DEFAULT NULL COMMENT '老师所在系',
  `teacher_avatar` varchar(255) CHARACTER SET utf8mb4 COLLATE utf8mb4_general_ci DEFAULT NULL COMMENT '老师头像',
  `teacher_tel` varchar(11) CHARACTER SET utf8mb4 COLLATE utf8mb4_general_ci DEFAULT NULL COMMENT '老师电话',
  `teacher_mail` varchar(255) CHARACTER SET utf8mb4 COLLATE utf8mb4_general_ci DEFAULT NULL COMMENT '老师邮箱',
  `create_by` varchar(64) CHARACTER SET utf8mb4 COLLATE utf8mb4_general_ci DEFAULT '' COMMENT '创建者',
  `create_time` datetime(0) DEFAULT NULL COMMENT '创建时间',
  `update_by` varchar(64) CHARACTER SET utf8mb4 COLLATE utf8mb4_general_ci DEFAULT '' COMMENT '更新者',
  `update_time` datetime(0) DEFAULT NULL COMMENT '更新时间',
  `remark` varchar(500) CHARACTER SET utf8mb4 COLLATE utf8mb4_general_ci DEFAULT NULL COMMENT '备注',
  PRIMARY KEY (`teacher_id`) USING BTREE
) ENGINE = InnoDB AUTO_INCREMENT = 7 CHARACTER SET = utf8mb4 COLLATE = utf8mb4_general_ci COMMENT = '老师基本信息' ROW_FORMAT = Dynamic;

-- ----------------------------
-- Records of kpi_teacher
-- ----------------------------
INSERT INTO `kpi_teacher` VALUES (5, 'wanG', '1', 101, '/profile/avatar/2024/04/30/jstx_20240430111031A001.jpeg', '15564542121', '15564542121@163.com', '', '2024-04-30 16:23:49', '', '2024-04-30 16:24:50', NULL);
INSERT INTO `kpi_teacher` VALUES (6, '王老师', '老师', 101, '/profile/avatar/2024/04/30/jstx_20240430111031A001.jpeg', '15564542123', 'YuanPan@qq.com', '', '2024-05-08 12:49:34', '', '2024-05-08 13:58:05', NULL);

-- ----------------------------
-- Table structure for kpi_type
-- ----------------------------
DROP TABLE IF EXISTS `kpi_type`;
CREATE TABLE `kpi_type`  (
  `type_id` bigint(20) NOT NULL AUTO_INCREMENT COMMENT 'kpi分类id',
  `type_name` varchar(255) CHARACTER SET utf8mb4 COLLATE utf8mb4_general_ci DEFAULT NULL COMMENT 'kpi分类名称',
  `type_status` varchar(255) CHARACTER SET utf8mb4 COLLATE utf8mb4_general_ci DEFAULT NULL COMMENT 'kpi分类状态（0正常 1停用）',
  `create_by` varchar(64) CHARACTER SET utf8mb4 COLLATE utf8mb4_general_ci DEFAULT '' COMMENT '创建者',
  `create_time` datetime(0) DEFAULT NULL COMMENT '创建时间',
  `update_by` varchar(64) CHARACTER SET utf8mb4 COLLATE utf8mb4_general_ci DEFAULT '' COMMENT '更新者',
  `update_time` datetime(0) DEFAULT NULL COMMENT '更新时间',
  `remark` varchar(500) CHARACTER SET utf8mb4 COLLATE utf8mb4_general_ci DEFAULT NULL COMMENT '备注',
  PRIMARY KEY (`type_id`) USING BTREE
) ENGINE = InnoDB AUTO_INCREMENT = 10 CHARACTER SET = utf8mb4 COLLATE = utf8mb4_general_ci COMMENT = 'kpi分类' ROW_FORMAT = Dynamic;

-- ----------------------------
-- Records of kpi_type
-- ----------------------------
INSERT INTO `kpi_type` VALUES (2, '非教学类科研论文', '0', '', '2024-04-21 15:22:20', '', '2024-04-21 16:07:47', NULL);
INSERT INTO `kpi_type` VALUES (3, '纵向项目', '0', '', '2024-04-21 15:22:33', '', NULL, NULL);
INSERT INTO `kpi_type` VALUES (4, '横向项目', '0', '', '2024-04-21 19:01:01', '', '2024-04-21 19:01:11', NULL);
INSERT INTO `kpi_type` VALUES (5, '知识产权', '0', '', '2024-04-21 20:12:05', '', NULL, NULL);
INSERT INTO `kpi_type` VALUES (6, '标准及平台', '0', '', '2024-04-21 20:12:18', '', '2024-05-08 17:04:00', NULL);
INSERT INTO `kpi_type` VALUES (7, '奖项', '0', '', '2024-04-21 20:12:32', '', NULL, NULL);
INSERT INTO `kpi_type` VALUES (9, '国际学术组织任职', '0', '', '2024-04-21 20:13:06', '', NULL, NULL);
INSERT INTO `kpi_type` VALUES (10, '科技成果转化', '0', '', '2024-04-21 20:14:01', '', NULL, NULL);
INSERT INTO `kpi_type` VALUES (11, '优秀论文/讲座', '0', '', '2024-05-08 17:04:46', '', NULL, NULL);

-- ----------------------------
-- Table structure for sys_config
-- ----------------------------
DROP TABLE IF EXISTS `sys_config`;
CREATE TABLE `sys_config`  (
  `config_id` int(11) NOT NULL AUTO_INCREMENT COMMENT '参数主键',
  `config_name` varchar(100) CHARACTER SET utf8mb4 COLLATE utf8mb4_general_ci DEFAULT '' COMMENT '参数名称',
  `config_key` varchar(100) CHARACTER SET utf8mb4 COLLATE utf8mb4_general_ci DEFAULT '' COMMENT '参数键名',
  `config_value` varchar(500) CHARACTER SET utf8mb4 COLLATE utf8mb4_general_ci DEFAULT '' COMMENT '参数键值',
  `config_type` char(1) CHARACTER SET utf8mb4 COLLATE utf8mb4_general_ci DEFAULT 'N' COMMENT '系统内置（Y是 N否）',
  `create_by` varchar(64) CHARACTER SET utf8mb4 COLLATE utf8mb4_general_ci DEFAULT '' COMMENT '创建者',
  `create_time` datetime(0) DEFAULT NULL COMMENT '创建时间',
  `update_by` varchar(64) CHARACTER SET utf8mb4 COLLATE utf8mb4_general_ci DEFAULT '' COMMENT '更新者',
  `update_time` datetime(0) DEFAULT NULL COMMENT '更新时间',
  `remark` varchar(500) CHARACTER SET utf8mb4 COLLATE utf8mb4_general_ci DEFAULT NULL COMMENT '备注',
  PRIMARY KEY (`config_id`) USING BTREE
) ENGINE = InnoDB AUTO_INCREMENT = 100 CHARACTER SET = utf8mb4 COLLATE = utf8mb4_general_ci COMMENT = '参数配置表' ROW_FORMAT = Dynamic;

-- ----------------------------
-- Records of sys_config
-- ----------------------------
INSERT INTO `sys_config` VALUES (1, '主框架页-默认皮肤样式名称', 'sys.index.skinName', 'skin-blue', 'Y', 'admin', '2024-04-18 20:27:37', '', NULL, '蓝色 skin-blue、绿色 skin-green、紫色 skin-purple、红色 skin-red、黄色 skin-yellow');
INSERT INTO `sys_config` VALUES (2, '用户管理-账号初始密码', 'sys.user.initPassword', '123456', 'Y', 'admin', '2024-04-18 20:27:37', '', NULL, '初始化密码 123456');
INSERT INTO `sys_config` VALUES (3, '主框架页-侧边栏主题', 'sys.index.sideTheme', 'theme-dark', 'Y', 'admin', '2024-04-18 20:27:37', '', NULL, '深色主题theme-dark，浅色主题theme-light');
INSERT INTO `sys_config` VALUES (4, '账号自助-验证码开关', 'sys.account.captchaEnabled', 'true', 'Y', 'admin', '2024-04-18 20:27:37', '', NULL, '是否开启验证码功能（true开启，false关闭）');
INSERT INTO `sys_config` VALUES (5, '账号自助-是否开启用户注册功能', 'sys.account.registerUser', 'false', 'Y', 'admin', '2024-04-18 20:27:37', '', NULL, '是否开启注册用户功能（true开启，false关闭）');
INSERT INTO `sys_config` VALUES (6, '用户登录-黑名单列表', 'sys.login.blackIPList', '', 'Y', 'admin', '2024-04-18 20:27:37', '', NULL, '设置登录IP黑名单限制，多个匹配项以;分隔，支持匹配（*通配、网段）');

-- ----------------------------
-- Table structure for sys_dept
-- ----------------------------
DROP TABLE IF EXISTS `sys_dept`;
CREATE TABLE `sys_dept`  (
  `dept_id` bigint(20) NOT NULL AUTO_INCREMENT COMMENT '部门id',
  `parent_id` bigint(20) DEFAULT 0 COMMENT '父部门id',
  `ancestors` varchar(50) CHARACTER SET utf8mb4 COLLATE utf8mb4_general_ci DEFAULT '' COMMENT '祖级列表',
  `dept_name` varchar(30) CHARACTER SET utf8mb4 COLLATE utf8mb4_general_ci DEFAULT '' COMMENT '部门名称',
  `order_num` int(11) DEFAULT 0 COMMENT '显示顺序',
  `leader` varchar(20) CHARACTER SET utf8mb4 COLLATE utf8mb4_general_ci DEFAULT NULL COMMENT '负责人',
  `phone` varchar(11) CHARACTER SET utf8mb4 COLLATE utf8mb4_general_ci DEFAULT NULL COMMENT '联系电话',
  `email` varchar(50) CHARACTER SET utf8mb4 COLLATE utf8mb4_general_ci DEFAULT NULL COMMENT '邮箱',
  `status` char(1) CHARACTER SET utf8mb4 COLLATE utf8mb4_general_ci DEFAULT '0' COMMENT '部门状态（0正常 1停用）',
  `del_flag` char(1) CHARACTER SET utf8mb4 COLLATE utf8mb4_general_ci DEFAULT '0' COMMENT '删除标志（0代表存在 2代表删除）',
  `create_by` varchar(64) CHARACTER SET utf8mb4 COLLATE utf8mb4_general_ci DEFAULT '' COMMENT '创建者',
  `create_time` datetime(0) DEFAULT NULL COMMENT '创建时间',
  `update_by` varchar(64) CHARACTER SET utf8mb4 COLLATE utf8mb4_general_ci DEFAULT '' COMMENT '更新者',
  `update_time` datetime(0) DEFAULT NULL COMMENT '更新时间',
  PRIMARY KEY (`dept_id`) USING BTREE
) ENGINE = InnoDB AUTO_INCREMENT = 201 CHARACTER SET = utf8mb4 COLLATE = utf8mb4_general_ci COMMENT = '部门表' ROW_FORMAT = Dynamic;

-- ----------------------------
-- Records of sys_dept
-- ----------------------------
INSERT INTO `sys_dept` VALUES (100, 0, '0', '东北林业大学', 0, 'YuanPan', '15888888888', 'YuanPan@qq.com', '0', '0', 'admin', '2024-04-18 20:27:37', 'admin', '2024-04-27 14:49:06');
INSERT INTO `sys_dept` VALUES (101, 100, '0,100', '信息系', 1, '1', '15888888888', '1@qq.com', '0', '0', 'admin', '2024-04-18 20:27:37', 'admin', '2024-04-27 14:52:37');
INSERT INTO `sys_dept` VALUES (200, 100, '0,100', '文学系', 2, NULL, NULL, NULL, '0', '0', 'admin', '2024-04-27 14:52:59', '', NULL);

-- ----------------------------
-- Table structure for sys_dict_data
-- ----------------------------
DROP TABLE IF EXISTS `sys_dict_data`;
CREATE TABLE `sys_dict_data`  (
  `dict_code` bigint(20) NOT NULL AUTO_INCREMENT COMMENT '字典编码',
  `dict_sort` int(11) DEFAULT 0 COMMENT '字典排序',
  `dict_label` varchar(100) CHARACTER SET utf8mb4 COLLATE utf8mb4_general_ci DEFAULT '' COMMENT '字典标签',
  `dict_value` varchar(100) CHARACTER SET utf8mb4 COLLATE utf8mb4_general_ci DEFAULT '' COMMENT '字典键值',
  `dict_type` varchar(100) CHARACTER SET utf8mb4 COLLATE utf8mb4_general_ci DEFAULT '' COMMENT '字典类型',
  `css_class` varchar(100) CHARACTER SET utf8mb4 COLLATE utf8mb4_general_ci DEFAULT NULL COMMENT '样式属性（其他样式扩展）',
  `list_class` varchar(100) CHARACTER SET utf8mb4 COLLATE utf8mb4_general_ci DEFAULT NULL COMMENT '表格回显样式',
  `is_default` char(1) CHARACTER SET utf8mb4 COLLATE utf8mb4_general_ci DEFAULT 'N' COMMENT '是否默认（Y是 N否）',
  `status` char(1) CHARACTER SET utf8mb4 COLLATE utf8mb4_general_ci DEFAULT '0' COMMENT '状态（0正常 1停用）',
  `create_by` varchar(64) CHARACTER SET utf8mb4 COLLATE utf8mb4_general_ci DEFAULT '' COMMENT '创建者',
  `create_time` datetime(0) DEFAULT NULL COMMENT '创建时间',
  `update_by` varchar(64) CHARACTER SET utf8mb4 COLLATE utf8mb4_general_ci DEFAULT '' COMMENT '更新者',
  `update_time` datetime(0) DEFAULT NULL COMMENT '更新时间',
  `remark` varchar(500) CHARACTER SET utf8mb4 COLLATE utf8mb4_general_ci DEFAULT NULL COMMENT '备注',
  PRIMARY KEY (`dict_code`) USING BTREE
) ENGINE = InnoDB AUTO_INCREMENT = 105 CHARACTER SET = utf8mb4 COLLATE = utf8mb4_general_ci COMMENT = '字典数据表' ROW_FORMAT = Dynamic;

-- ----------------------------
-- Records of sys_dict_data
-- ----------------------------
INSERT INTO `sys_dict_data` VALUES (1, 1, '男', '0', 'sys_user_sex', '', '', 'Y', '0', 'admin', '2024-04-18 20:27:37', '', NULL, '性别男');
INSERT INTO `sys_dict_data` VALUES (2, 2, '女', '1', 'sys_user_sex', '', '', 'N', '0', 'admin', '2024-04-18 20:27:37', '', NULL, '性别女');
INSERT INTO `sys_dict_data` VALUES (3, 3, '未知', '2', 'sys_user_sex', '', '', 'N', '0', 'admin', '2024-04-18 20:27:37', '', NULL, '性别未知');
INSERT INTO `sys_dict_data` VALUES (4, 1, '显示', '0', 'sys_show_hide', '', 'primary', 'Y', '0', 'admin', '2024-04-18 20:27:37', '', NULL, '显示菜单');
INSERT INTO `sys_dict_data` VALUES (5, 2, '隐藏', '1', 'sys_show_hide', '', 'danger', 'N', '0', 'admin', '2024-04-18 20:27:37', '', NULL, '隐藏菜单');
INSERT INTO `sys_dict_data` VALUES (6, 1, '正常', '0', 'sys_normal_disable', '', 'primary', 'Y', '0', 'admin', '2024-04-18 20:27:37', '', NULL, '正常状态');
INSERT INTO `sys_dict_data` VALUES (7, 2, '停用', '1', 'sys_normal_disable', '', 'danger', 'N', '0', 'admin', '2024-04-18 20:27:37', '', NULL, '停用状态');
INSERT INTO `sys_dict_data` VALUES (8, 1, '正常', '0', 'sys_job_status', '', 'primary', 'Y', '0', 'admin', '2024-04-18 20:27:37', '', NULL, '正常状态');
INSERT INTO `sys_dict_data` VALUES (9, 2, '暂停', '1', 'sys_job_status', '', 'danger', 'N', '0', 'admin', '2024-04-18 20:27:37', '', NULL, '停用状态');
INSERT INTO `sys_dict_data` VALUES (10, 1, '默认', 'DEFAULT', 'sys_job_group', '', '', 'Y', '0', 'admin', '2024-04-18 20:27:37', '', NULL, '默认分组');
INSERT INTO `sys_dict_data` VALUES (11, 2, '系统', 'SYSTEM', 'sys_job_group', '', '', 'N', '0', 'admin', '2024-04-18 20:27:37', '', NULL, '系统分组');
INSERT INTO `sys_dict_data` VALUES (12, 1, '是', 'Y', 'sys_yes_no', '', 'primary', 'Y', '0', 'admin', '2024-04-18 20:27:37', '', NULL, '系统默认是');
INSERT INTO `sys_dict_data` VALUES (13, 2, '否', 'N', 'sys_yes_no', '', 'danger', 'N', '0', 'admin', '2024-04-18 20:27:37', '', NULL, '系统默认否');
INSERT INTO `sys_dict_data` VALUES (14, 1, '通知', '1', 'sys_notice_type', '', 'warning', 'Y', '0', 'admin', '2024-04-18 20:27:37', '', NULL, '通知');
INSERT INTO `sys_dict_data` VALUES (15, 2, '公告', '2', 'sys_notice_type', '', 'success', 'N', '0', 'admin', '2024-04-18 20:27:37', '', NULL, '公告');
INSERT INTO `sys_dict_data` VALUES (16, 1, '正常', '0', 'sys_notice_status', '', 'primary', 'Y', '0', 'admin', '2024-04-18 20:27:37', '', NULL, '正常状态');
INSERT INTO `sys_dict_data` VALUES (17, 2, '关闭', '1', 'sys_notice_status', '', 'danger', 'N', '0', 'admin', '2024-04-18 20:27:37', '', NULL, '关闭状态');
INSERT INTO `sys_dict_data` VALUES (18, 99, '其他', '0', 'sys_oper_type', '', 'info', 'N', '0', 'admin', '2024-04-18 20:27:37', '', NULL, '其他操作');
INSERT INTO `sys_dict_data` VALUES (19, 1, '新增', '1', 'sys_oper_type', '', 'info', 'N', '0', 'admin', '2024-04-18 20:27:37', '', NULL, '新增操作');
INSERT INTO `sys_dict_data` VALUES (20, 2, '修改', '2', 'sys_oper_type', '', 'info', 'N', '0', 'admin', '2024-04-18 20:27:37', '', NULL, '修改操作');
INSERT INTO `sys_dict_data` VALUES (21, 3, '删除', '3', 'sys_oper_type', '', 'danger', 'N', '0', 'admin', '2024-04-18 20:27:37', '', NULL, '删除操作');
INSERT INTO `sys_dict_data` VALUES (22, 4, '授权', '4', 'sys_oper_type', '', 'primary', 'N', '0', 'admin', '2024-04-18 20:27:37', '', NULL, '授权操作');
INSERT INTO `sys_dict_data` VALUES (23, 5, '导出', '5', 'sys_oper_type', '', 'warning', 'N', '0', 'admin', '2024-04-18 20:27:37', '', NULL, '导出操作');
INSERT INTO `sys_dict_data` VALUES (24, 6, '导入', '6', 'sys_oper_type', '', 'warning', 'N', '0', 'admin', '2024-04-18 20:27:37', '', NULL, '导入操作');
INSERT INTO `sys_dict_data` VALUES (25, 7, '强退', '7', 'sys_oper_type', '', 'danger', 'N', '0', 'admin', '2024-04-18 20:27:37', '', NULL, '强退操作');
INSERT INTO `sys_dict_data` VALUES (26, 8, '生成代码', '8', 'sys_oper_type', '', 'warning', 'N', '0', 'admin', '2024-04-18 20:27:37', '', NULL, '生成操作');
INSERT INTO `sys_dict_data` VALUES (27, 9, '清空数据', '9', 'sys_oper_type', '', 'danger', 'N', '0', 'admin', '2024-04-18 20:27:37', '', NULL, '清空操作');
INSERT INTO `sys_dict_data` VALUES (28, 1, '成功', '0', 'sys_common_status', '', 'primary', 'N', '0', 'admin', '2024-04-18 20:27:37', '', NULL, '正常状态');
INSERT INTO `sys_dict_data` VALUES (29, 2, '失败', '1', 'sys_common_status', '', 'danger', 'N', '0', 'admin', '2024-04-18 20:27:37', '', NULL, '停用状态');
INSERT INTO `sys_dict_data` VALUES (100, 0, '待审核', '0', 'kpi_audit_state', NULL, 'primary', 'N', '0', 'admin', '2024-04-25 17:07:40', '', NULL, NULL);
INSERT INTO `sys_dict_data` VALUES (101, 0, '审核成功', '1', 'kpi_audit_state', NULL, 'success', 'N', '0', 'admin', '2024-04-25 17:07:57', '', NULL, NULL);
INSERT INTO `sys_dict_data` VALUES (102, 0, '审核驳回', '2', 'kpi_audit_state', NULL, 'danger', 'N', '0', 'admin', '2024-04-25 17:08:11', '', NULL, NULL);
INSERT INTO `sys_dict_data` VALUES (103, 0, '否', '0', 'is_first_appropriation', NULL, 'danger', 'N', '0', 'admin', '2024-04-25 17:09:19', '', NULL, NULL);
INSERT INTO `sys_dict_data` VALUES (104, 0, '是', '1', 'is_first_appropriation', NULL, 'primary', 'N', '0', 'admin', '2024-04-25 17:09:27', 'admin', '2024-04-25 17:09:33', NULL);

-- ----------------------------
-- Table structure for sys_dict_type
-- ----------------------------
DROP TABLE IF EXISTS `sys_dict_type`;
CREATE TABLE `sys_dict_type`  (
  `dict_id` bigint(20) NOT NULL AUTO_INCREMENT COMMENT '字典主键',
  `dict_name` varchar(100) CHARACTER SET utf8mb4 COLLATE utf8mb4_general_ci DEFAULT '' COMMENT '字典名称',
  `dict_type` varchar(100) CHARACTER SET utf8mb4 COLLATE utf8mb4_general_ci DEFAULT '' COMMENT '字典类型',
  `status` char(1) CHARACTER SET utf8mb4 COLLATE utf8mb4_general_ci DEFAULT '0' COMMENT '状态（0正常 1停用）',
  `create_by` varchar(64) CHARACTER SET utf8mb4 COLLATE utf8mb4_general_ci DEFAULT '' COMMENT '创建者',
  `create_time` datetime(0) DEFAULT NULL COMMENT '创建时间',
  `update_by` varchar(64) CHARACTER SET utf8mb4 COLLATE utf8mb4_general_ci DEFAULT '' COMMENT '更新者',
  `update_time` datetime(0) DEFAULT NULL COMMENT '更新时间',
  `remark` varchar(500) CHARACTER SET utf8mb4 COLLATE utf8mb4_general_ci DEFAULT NULL COMMENT '备注',
  PRIMARY KEY (`dict_id`) USING BTREE,
  UNIQUE INDEX `dict_type`(`dict_type`) USING BTREE
) ENGINE = InnoDB AUTO_INCREMENT = 12 CHARACTER SET = utf8mb4 COLLATE = utf8mb4_general_ci COMMENT = '字典类型表' ROW_FORMAT = Dynamic;

-- ----------------------------
-- Records of sys_dict_type
-- ----------------------------
INSERT INTO `sys_dict_type` VALUES (1, '用户性别', 'sys_user_sex', '0', 'admin', '2024-04-18 20:27:37', '', NULL, '用户性别列表');
INSERT INTO `sys_dict_type` VALUES (2, '菜单状态', 'sys_show_hide', '0', 'admin', '2024-04-18 20:27:37', '', NULL, '菜单状态列表');
INSERT INTO `sys_dict_type` VALUES (3, '系统开关', 'sys_normal_disable', '0', 'admin', '2024-04-18 20:27:37', '', NULL, '系统开关列表');
INSERT INTO `sys_dict_type` VALUES (4, '任务状态', 'sys_job_status', '0', 'admin', '2024-04-18 20:27:37', '', NULL, '任务状态列表');
INSERT INTO `sys_dict_type` VALUES (5, '任务分组', 'sys_job_group', '0', 'admin', '2024-04-18 20:27:37', '', NULL, '任务分组列表');
INSERT INTO `sys_dict_type` VALUES (6, '系统是否', 'sys_yes_no', '0', 'admin', '2024-04-18 20:27:37', '', NULL, '系统是否列表');
INSERT INTO `sys_dict_type` VALUES (7, '通知类型', 'sys_notice_type', '0', 'admin', '2024-04-18 20:27:37', '', NULL, '通知类型列表');
INSERT INTO `sys_dict_type` VALUES (8, '通知状态', 'sys_notice_status', '0', 'admin', '2024-04-18 20:27:37', '', NULL, '通知状态列表');
INSERT INTO `sys_dict_type` VALUES (9, '操作类型', 'sys_oper_type', '0', 'admin', '2024-04-18 20:27:37', '', NULL, '操作类型列表');
INSERT INTO `sys_dict_type` VALUES (10, '系统状态', 'sys_common_status', '0', 'admin', '2024-04-18 20:27:37', '', NULL, '登录状态列表');
INSERT INTO `sys_dict_type` VALUES (11, '审核状态', 'kpi_audit_state', '0', 'admin', '2024-04-25 17:04:34', 'admin', '2024-04-25 17:05:20', NULL);
INSERT INTO `sys_dict_type` VALUES (12, '是否首次拨款', 'is_first_appropriation', '0', 'admin', '2024-04-25 17:08:59', '', NULL, NULL);

-- ----------------------------
-- Table structure for sys_job
-- ----------------------------
DROP TABLE IF EXISTS `sys_job`;
CREATE TABLE `sys_job`  (
  `job_id` bigint(20) NOT NULL AUTO_INCREMENT COMMENT '任务ID',
  `job_name` varchar(64) CHARACTER SET utf8mb4 COLLATE utf8mb4_general_ci NOT NULL DEFAULT '' COMMENT '任务名称',
  `job_group` varchar(64) CHARACTER SET utf8mb4 COLLATE utf8mb4_general_ci NOT NULL DEFAULT 'DEFAULT' COMMENT '任务组名',
  `invoke_target` varchar(500) CHARACTER SET utf8mb4 COLLATE utf8mb4_general_ci NOT NULL COMMENT '调用目标字符串',
  `cron_expression` varchar(255) CHARACTER SET utf8mb4 COLLATE utf8mb4_general_ci DEFAULT '' COMMENT 'cron执行表达式',
  `misfire_policy` varchar(20) CHARACTER SET utf8mb4 COLLATE utf8mb4_general_ci DEFAULT '3' COMMENT '计划执行错误策略（1立即执行 2执行一次 3放弃执行）',
  `concurrent` char(1) CHARACTER SET utf8mb4 COLLATE utf8mb4_general_ci DEFAULT '1' COMMENT '是否并发执行（0允许 1禁止）',
  `status` char(1) CHARACTER SET utf8mb4 COLLATE utf8mb4_general_ci DEFAULT '0' COMMENT '状态（0正常 1暂停）',
  `create_by` varchar(64) CHARACTER SET utf8mb4 COLLATE utf8mb4_general_ci DEFAULT '' COMMENT '创建者',
  `create_time` datetime(0) DEFAULT NULL COMMENT '创建时间',
  `update_by` varchar(64) CHARACTER SET utf8mb4 COLLATE utf8mb4_general_ci DEFAULT '' COMMENT '更新者',
  `update_time` datetime(0) DEFAULT NULL COMMENT '更新时间',
  `remark` varchar(500) CHARACTER SET utf8mb4 COLLATE utf8mb4_general_ci DEFAULT '' COMMENT '备注信息',
  PRIMARY KEY (`job_id`, `job_name`, `job_group`) USING BTREE
) ENGINE = InnoDB AUTO_INCREMENT = 100 CHARACTER SET = utf8mb4 COLLATE = utf8mb4_general_ci COMMENT = '定时任务调度表' ROW_FORMAT = Dynamic;

-- ----------------------------
-- Records of sys_job
-- ----------------------------
INSERT INTO `sys_job` VALUES (1, '系统默认（无参）', 'DEFAULT', 'ryTask.ryNoParams', '0/10 * * * * ?', '3', '1', '1', 'admin', '2024-04-18 20:27:38', '', NULL, '');
INSERT INTO `sys_job` VALUES (2, '系统默认（有参）', 'DEFAULT', 'ryTask.ryParams(\'ry\')', '0/15 * * * * ?', '3', '1', '1', 'admin', '2024-04-18 20:27:38', '', NULL, '');
INSERT INTO `sys_job` VALUES (3, '系统默认（多参）', 'DEFAULT', 'ryTask.ryMultipleParams(\'ry\', true, 2000L, 316.50D, 100)', '0/20 * * * * ?', '3', '1', '1', 'admin', '2024-04-18 20:27:38', '', NULL, '');

-- ----------------------------
-- Table structure for sys_job_log
-- ----------------------------
DROP TABLE IF EXISTS `sys_job_log`;
CREATE TABLE `sys_job_log`  (
  `job_log_id` bigint(20) NOT NULL AUTO_INCREMENT COMMENT '任务日志ID',
  `job_name` varchar(64) CHARACTER SET utf8mb4 COLLATE utf8mb4_general_ci NOT NULL COMMENT '任务名称',
  `job_group` varchar(64) CHARACTER SET utf8mb4 COLLATE utf8mb4_general_ci NOT NULL COMMENT '任务组名',
  `invoke_target` varchar(500) CHARACTER SET utf8mb4 COLLATE utf8mb4_general_ci NOT NULL COMMENT '调用目标字符串',
  `job_message` varchar(500) CHARACTER SET utf8mb4 COLLATE utf8mb4_general_ci DEFAULT NULL COMMENT '日志信息',
  `status` char(1) CHARACTER SET utf8mb4 COLLATE utf8mb4_general_ci DEFAULT '0' COMMENT '执行状态（0正常 1失败）',
  `exception_info` varchar(2000) CHARACTER SET utf8mb4 COLLATE utf8mb4_general_ci DEFAULT '' COMMENT '异常信息',
  `create_time` datetime(0) DEFAULT NULL COMMENT '创建时间',
  PRIMARY KEY (`job_log_id`) USING BTREE
) ENGINE = InnoDB CHARACTER SET = utf8mb4 COLLATE = utf8mb4_general_ci COMMENT = '定时任务调度日志表' ROW_FORMAT = Dynamic;

-- ----------------------------
-- Table structure for sys_logininfor
-- ----------------------------
DROP TABLE IF EXISTS `sys_logininfor`;
CREATE TABLE `sys_logininfor`  (
  `info_id` bigint(20) NOT NULL AUTO_INCREMENT COMMENT '访问ID',
  `user_name` varchar(50) CHARACTER SET utf8mb4 COLLATE utf8mb4_general_ci DEFAULT '' COMMENT '用户账号',
  `ipaddr` varchar(128) CHARACTER SET utf8mb4 COLLATE utf8mb4_general_ci DEFAULT '' COMMENT '登录IP地址',
  `login_location` varchar(255) CHARACTER SET utf8mb4 COLLATE utf8mb4_general_ci DEFAULT '' COMMENT '登录地点',
  `browser` varchar(50) CHARACTER SET utf8mb4 COLLATE utf8mb4_general_ci DEFAULT '' COMMENT '浏览器类型',
  `os` varchar(50) CHARACTER SET utf8mb4 COLLATE utf8mb4_general_ci DEFAULT '' COMMENT '操作系统',
  `status` char(1) CHARACTER SET utf8mb4 COLLATE utf8mb4_general_ci DEFAULT '0' COMMENT '登录状态（0成功 1失败）',
  `msg` varchar(255) CHARACTER SET utf8mb4 COLLATE utf8mb4_general_ci DEFAULT '' COMMENT '提示消息',
  `login_time` datetime(0) DEFAULT NULL COMMENT '访问时间',
  PRIMARY KEY (`info_id`) USING BTREE,
  INDEX `idx_sys_logininfor_s`(`status`) USING BTREE,
  INDEX `idx_sys_logininfor_lt`(`login_time`) USING BTREE
) ENGINE = InnoDB AUTO_INCREMENT = 131 CHARACTER SET = utf8mb4 COLLATE = utf8mb4_general_ci COMMENT = '系统访问记录' ROW_FORMAT = Dynamic;

-- ----------------------------
-- Records of sys_logininfor
-- ----------------------------
INSERT INTO `sys_logininfor` VALUES (100, 'admin', '127.0.0.1', '内网IP', 'Chrome 12', 'Windows 10', '0', '登录成功', '2024-04-18 20:31:09');
INSERT INTO `sys_logininfor` VALUES (101, 'admin', '127.0.0.1', '内网IP', 'Chrome 12', 'Windows 10', '0', '登录成功', '2024-04-19 10:33:31');
INSERT INTO `sys_logininfor` VALUES (102, 'admin', '127.0.0.1', '内网IP', 'Chrome 12', 'Windows 10', '0', '登录成功', '2024-04-21 14:22:05');
INSERT INTO `sys_logininfor` VALUES (103, 'admin', '127.0.0.1', '内网IP', 'Chrome 12', 'Windows 10', '0', '退出成功', '2024-04-21 14:26:12');
INSERT INTO `sys_logininfor` VALUES (104, 'admin', '127.0.0.1', '内网IP', 'Chrome 12', 'Windows 10', '0', '登录成功', '2024-04-21 14:26:43');
INSERT INTO `sys_logininfor` VALUES (105, 'admin', '127.0.0.1', '内网IP', 'Chrome 12', 'Windows 10', '0', '登录成功', '2024-04-21 18:54:44');
INSERT INTO `sys_logininfor` VALUES (106, 'admin', '127.0.0.1', '内网IP', 'Chrome 12', 'Windows 10', '0', '登录成功', '2024-04-21 19:31:39');
INSERT INTO `sys_logininfor` VALUES (107, 'admin', '127.0.0.1', '内网IP', 'Chrome 12', 'Windows 10', '0', '登录成功', '2024-04-21 22:28:33');
INSERT INTO `sys_logininfor` VALUES (108, '18390933706', '127.0.0.1', '内网IP', 'Chrome 12', 'Windows 10', '1', '验证码错误', '2024-04-22 13:41:05');
INSERT INTO `sys_logininfor` VALUES (109, 'admin', '127.0.0.1', '内网IP', 'Chrome 12', 'Windows 10', '1', '验证码错误', '2024-04-22 13:41:14');
INSERT INTO `sys_logininfor` VALUES (110, 'admin', '127.0.0.1', '内网IP', 'Chrome 12', 'Windows 10', '0', '登录成功', '2024-04-22 13:41:17');
INSERT INTO `sys_logininfor` VALUES (111, 'admin', '127.0.0.1', '内网IP', 'Chrome 12', 'Windows 10', '0', '登录成功', '2024-04-22 15:30:37');
INSERT INTO `sys_logininfor` VALUES (112, 'admin', '127.0.0.1', '内网IP', 'Chrome 12', 'Windows 10', '0', '登录成功', '2024-04-24 10:20:06');
INSERT INTO `sys_logininfor` VALUES (113, 'admin', '127.0.0.1', '内网IP', 'Chrome 12', 'Windows 10', '0', '登录成功', '2024-04-25 12:10:34');
INSERT INTO `sys_logininfor` VALUES (114, 'admin', '127.0.0.1', '内网IP', 'Chrome 12', 'Windows 10', '0', '登录成功', '2024-04-25 14:07:15');
INSERT INTO `sys_logininfor` VALUES (115, 'admin', '127.0.0.1', '内网IP', 'Chrome 12', 'Windows 10', '1', '验证码错误', '2024-04-25 14:42:40');
INSERT INTO `sys_logininfor` VALUES (116, 'admin', '127.0.0.1', '内网IP', 'Chrome 12', 'Windows 10', '0', '登录成功', '2024-04-25 14:42:49');
INSERT INTO `sys_logininfor` VALUES (117, 'admin', '127.0.0.1', '内网IP', 'Chrome 12', 'Windows 10', '0', '登录成功', '2024-04-25 16:47:24');
INSERT INTO `sys_logininfor` VALUES (118, 'admin', '127.0.0.1', '内网IP', 'Chrome 12', 'Windows 10', '0', '登录成功', '2024-04-25 20:18:14');
INSERT INTO `sys_logininfor` VALUES (119, 'admin', '127.0.0.1', '内网IP', 'Chrome 12', 'Windows 10', '0', '登录成功', '2024-04-26 09:42:06');
INSERT INTO `sys_logininfor` VALUES (120, 'admin', '127.0.0.1', '内网IP', 'Chrome 12', 'Windows 10', '0', '登录成功', '2024-04-27 14:32:18');
INSERT INTO `sys_logininfor` VALUES (121, 'admin', '127.0.0.1', '内网IP', 'Chrome 12', 'Windows 10', '0', '登录成功', '2024-04-27 16:29:12');
INSERT INTO `sys_logininfor` VALUES (122, 'admin', '127.0.0.1', '内网IP', 'Chrome 12', 'Windows 10', '0', '登录成功', '2024-04-30 11:02:03');
INSERT INTO `sys_logininfor` VALUES (123, '18390936655', '127.0.0.1', '内网IP', 'Chrome 12', 'Windows 10', '0', '登录成功', '2024-04-30 11:36:27');
INSERT INTO `sys_logininfor` VALUES (124, 'admin', '127.0.0.1', '内网IP', 'Chrome 12', 'Windows 10', '0', '登录成功', '2024-04-30 16:09:00');
INSERT INTO `sys_logininfor` VALUES (125, '18390936655', '127.0.0.1', '内网IP', 'Chrome 12', 'Windows 10', '0', '登录成功', '2024-04-30 16:19:32');
INSERT INTO `sys_logininfor` VALUES (126, '18390936655', '127.0.0.1', '内网IP', 'Chrome 12', 'Windows 10', '0', '退出成功', '2024-04-30 16:24:19');
INSERT INTO `sys_logininfor` VALUES (127, '15564542121', '127.0.0.1', '内网IP', 'Chrome 12', 'Windows 10', '0', '登录成功', '2024-04-30 16:24:26');
INSERT INTO `sys_logininfor` VALUES (128, 'admin', '127.0.0.1', '内网IP', 'Chrome 12', 'Windows 10', '0', '登录成功', '2024-05-07 14:44:56');
INSERT INTO `sys_logininfor` VALUES (129, 'admin', '127.0.0.1', '内网IP', 'Chrome 12', 'Windows 10', '0', '登录成功', '2024-05-08 11:54:55');
INSERT INTO `sys_logininfor` VALUES (130, 'admin', '127.0.0.1', '内网IP', 'Chrome 12', 'Windows 10', '0', '登录成功', '2024-05-08 12:38:45');
INSERT INTO `sys_logininfor` VALUES (131, 'admin', '127.0.0.1', '内网IP', 'Chrome 12', 'Windows 10', '0', '登录成功', '2024-05-08 13:52:37');
INSERT INTO `sys_logininfor` VALUES (132, '15564542121', '127.0.0.1', '内网IP', 'Chrome 12', 'Windows 10', '1', 'nested exception is org.apache.ibatis.exceptions.TooManyResultsException: Expected one result (or null) to be returned by selectOne(), but found: 2', '2024-05-08 13:56:10');
INSERT INTO `sys_logininfor` VALUES (133, '15564542121', '127.0.0.1', '内网IP', 'Chrome 12', 'Windows 10', '1', '验证码已失效', '2024-05-08 13:58:15');
INSERT INTO `sys_logininfor` VALUES (134, '15564542121', '127.0.0.1', '内网IP', 'Chrome 12', 'Windows 10', '0', '登录成功', '2024-05-08 13:58:19');
INSERT INTO `sys_logininfor` VALUES (135, '15564542121', '127.0.0.1', '内网IP', 'Chrome 12', 'Windows 10', '0', '退出成功', '2024-05-08 14:07:15');
INSERT INTO `sys_logininfor` VALUES (136, '15564542121', '127.0.0.1', '内网IP', 'Chrome 12', 'Windows 10', '0', '登录成功', '2024-05-08 14:07:33');
INSERT INTO `sys_logininfor` VALUES (137, '15564542121', '127.0.0.1', '内网IP', 'Chrome 12', 'Windows 10', '0', '退出成功', '2024-05-08 15:22:36');
INSERT INTO `sys_logininfor` VALUES (138, '15564542121', '127.0.0.1', '内网IP', 'Chrome 12', 'Windows 10', '0', '登录成功', '2024-05-08 15:23:02');
INSERT INTO `sys_logininfor` VALUES (139, '15564542121', '127.0.0.1', '内网IP', 'Chrome 12', 'Windows 10', '0', '退出成功', '2024-05-08 16:02:18');
INSERT INTO `sys_logininfor` VALUES (140, '15564542121', '127.0.0.1', '内网IP', 'Chrome 12', 'Windows 10', '0', '登录成功', '2024-05-08 16:02:26');
INSERT INTO `sys_logininfor` VALUES (141, '15564542121', '127.0.0.1', '内网IP', 'Chrome 12', 'Windows 10', '0', '退出成功', '2024-05-08 16:02:59');
INSERT INTO `sys_logininfor` VALUES (142, '15564542121', '127.0.0.1', '内网IP', 'Chrome 12', 'Windows 10', '0', '登录成功', '2024-05-08 16:03:07');
INSERT INTO `sys_logininfor` VALUES (143, '15564542121', '127.0.0.1', '内网IP', 'Chrome 12', 'Windows 10', '0', '退出成功', '2024-05-08 17:02:08');
INSERT INTO `sys_logininfor` VALUES (144, '15564542121', '127.0.0.1', '内网IP', 'Chrome 12', 'Windows 10', '0', '登录成功', '2024-05-08 17:02:15');
INSERT INTO `sys_logininfor` VALUES (145, '15564542121', '127.0.0.1', '内网IP', 'Chrome 12', 'Windows 10', '0', '退出成功', '2024-05-08 17:24:58');
INSERT INTO `sys_logininfor` VALUES (146, '15564542121', '127.0.0.1', '内网IP', 'Chrome 12', 'Windows 10', '0', '登录成功', '2024-05-08 17:25:24');
INSERT INTO `sys_logininfor` VALUES (147, '15564542121', '127.0.0.1', '内网IP', 'Chrome 12', 'Windows 10', '0', '退出成功', '2024-05-08 18:07:56');
INSERT INTO `sys_logininfor` VALUES (148, '15564542121', '127.0.0.1', '内网IP', 'Chrome 12', 'Windows 10', '0', '登录成功', '2024-05-08 18:08:04');
INSERT INTO `sys_logininfor` VALUES (149, '15564542121', '127.0.0.1', '内网IP', 'Chrome 12', 'Windows 10', '0', '退出成功', '2024-05-08 19:16:37');
INSERT INTO `sys_logininfor` VALUES (150, '15564542121', '127.0.0.1', '内网IP', 'Chrome 12', 'Windows 10', '1', '验证码已失效', '2024-05-08 19:20:38');
INSERT INTO `sys_logininfor` VALUES (151, '15564542121', '127.0.0.1', '内网IP', 'Chrome 12', 'Windows 10', '0', '登录成功', '2024-05-08 19:20:42');
INSERT INTO `sys_logininfor` VALUES (152, '15564542121', '127.0.0.1', '内网IP', 'Chrome 12', 'Windows 10', '0', '退出成功', '2024-05-08 20:16:50');
INSERT INTO `sys_logininfor` VALUES (153, '15564542121', '127.0.0.1', '内网IP', 'Chrome 12', 'Windows 10', '0', '登录成功', '2024-05-08 20:17:16');
INSERT INTO `sys_logininfor` VALUES (154, '15564542121', '127.0.0.1', '内网IP', 'Chrome 12', 'Windows 10', '0', '退出成功', '2024-05-08 20:41:11');
INSERT INTO `sys_logininfor` VALUES (155, '15564542121', '127.0.0.1', '内网IP', 'Chrome 12', 'Windows 10', '0', '登录成功', '2024-05-08 20:41:32');
INSERT INTO `sys_logininfor` VALUES (156, 'admin', '127.0.0.1', '内网IP', 'Chrome 12', 'Windows 10', '0', '登录成功', '2024-05-09 09:57:28');

-- ----------------------------
-- Table structure for sys_menu
-- ----------------------------
DROP TABLE IF EXISTS `sys_menu`;
CREATE TABLE `sys_menu`  (
  `menu_id` bigint(20) NOT NULL AUTO_INCREMENT COMMENT '菜单ID',
  `menu_name` varchar(50) CHARACTER SET utf8mb4 COLLATE utf8mb4_general_ci NOT NULL COMMENT '菜单名称',
  `parent_id` bigint(20) DEFAULT 0 COMMENT '父菜单ID',
  `order_num` int(11) DEFAULT 0 COMMENT '显示顺序',
  `path` varchar(200) CHARACTER SET utf8mb4 COLLATE utf8mb4_general_ci DEFAULT '' COMMENT '路由地址',
  `component` varchar(255) CHARACTER SET utf8mb4 COLLATE utf8mb4_general_ci DEFAULT NULL COMMENT '组件路径',
  `query` varchar(255) CHARACTER SET utf8mb4 COLLATE utf8mb4_general_ci DEFAULT NULL COMMENT '路由参数',
  `is_frame` int(11) DEFAULT 1 COMMENT '是否为外链（0是 1否）',
  `is_cache` int(11) DEFAULT 0 COMMENT '是否缓存（0缓存 1不缓存）',
  `menu_type` char(1) CHARACTER SET utf8mb4 COLLATE utf8mb4_general_ci DEFAULT '' COMMENT '菜单类型（M目录 C菜单 F按钮）',
  `visible` char(1) CHARACTER SET utf8mb4 COLLATE utf8mb4_general_ci DEFAULT '0' COMMENT '菜单状态（0显示 1隐藏）',
  `status` char(1) CHARACTER SET utf8mb4 COLLATE utf8mb4_general_ci DEFAULT '0' COMMENT '菜单状态（0正常 1停用）',
  `perms` varchar(100) CHARACTER SET utf8mb4 COLLATE utf8mb4_general_ci DEFAULT NULL COMMENT '权限标识',
  `icon` varchar(100) CHARACTER SET utf8mb4 COLLATE utf8mb4_general_ci DEFAULT '#' COMMENT '菜单图标',
  `create_by` varchar(64) CHARACTER SET utf8mb4 COLLATE utf8mb4_general_ci DEFAULT '' COMMENT '创建者',
  `create_time` datetime(0) DEFAULT NULL COMMENT '创建时间',
  `update_by` varchar(64) CHARACTER SET utf8mb4 COLLATE utf8mb4_general_ci DEFAULT '' COMMENT '更新者',
  `update_time` datetime(0) DEFAULT NULL COMMENT '更新时间',
  `remark` varchar(500) CHARACTER SET utf8mb4 COLLATE utf8mb4_general_ci DEFAULT '' COMMENT '备注',
  PRIMARY KEY (`menu_id`) USING BTREE
) ENGINE = InnoDB AUTO_INCREMENT = 2076 CHARACTER SET = utf8mb4 COLLATE = utf8mb4_general_ci COMMENT = '菜单权限表' ROW_FORMAT = Dynamic;

-- ----------------------------
-- Records of sys_menu
-- ----------------------------
INSERT INTO `sys_menu` VALUES (1, '系统管理', 0, 20, 'system', NULL, '', 1, 0, 'M', '0', '0', '', 'system', 'admin', '2024-04-18 20:27:37', 'admin', '2024-04-25 16:47:44', '系统管理目录');
INSERT INTO `sys_menu` VALUES (2, '系统监控', 0, 21, 'monitor', NULL, '', 1, 0, 'M', '0', '0', '', 'monitor', 'admin', '2024-04-18 20:27:37', 'admin', '2024-04-25 16:47:51', '系统监控目录');
INSERT INTO `sys_menu` VALUES (3, '系统工具', 0, 30, 'tool', NULL, '', 1, 0, 'M', '0', '0', '', 'tool', 'admin', '2024-04-18 20:27:37', 'admin', '2024-04-21 15:12:33', '系统工具目录');
INSERT INTO `sys_menu` VALUES (100, '用户管理', 1, 1, 'user', 'system/user/index', '', 1, 0, 'C', '0', '0', 'system:user:list', 'user', 'admin', '2024-04-18 20:27:37', '', NULL, '用户管理菜单');
INSERT INTO `sys_menu` VALUES (101, '角色管理', 1, 2, 'role', 'system/role/index', '', 1, 0, 'C', '0', '0', 'system:role:list', 'peoples', 'admin', '2024-04-18 20:27:37', '', NULL, '角色管理菜单');
INSERT INTO `sys_menu` VALUES (102, '菜单管理', 1, 3, 'menu', 'system/menu/index', '', 1, 0, 'C', '0', '0', 'system:menu:list', 'tree-table', 'admin', '2024-04-18 20:27:37', '', NULL, '菜单管理菜单');
INSERT INTO `sys_menu` VALUES (103, '部门管理', 1, 4, 'dept', 'system/dept/index', '', 1, 0, 'C', '0', '0', 'system:dept:list', 'tree', 'admin', '2024-04-18 20:27:37', '', NULL, '部门管理菜单');
INSERT INTO `sys_menu` VALUES (104, '岗位管理', 1, 5, 'post', 'system/post/index', '', 1, 0, 'C', '0', '0', 'system:post:list', 'post', 'admin', '2024-04-18 20:27:37', '', NULL, '岗位管理菜单');
INSERT INTO `sys_menu` VALUES (105, '字典管理', 1, 6, 'dict', 'system/dict/index', '', 1, 0, 'C', '0', '0', 'system:dict:list', 'dict', 'admin', '2024-04-18 20:27:37', '', NULL, '字典管理菜单');
INSERT INTO `sys_menu` VALUES (106, '参数设置', 1, 7, 'config', 'system/config/index', '', 1, 0, 'C', '0', '0', 'system:config:list', 'edit', 'admin', '2024-04-18 20:27:37', '', NULL, '参数设置菜单');
INSERT INTO `sys_menu` VALUES (107, '通知公告', 1, 8, 'notice', 'system/notice/index', '', 1, 0, 'C', '0', '0', 'system:notice:list', 'message', 'admin', '2024-04-18 20:27:37', '', NULL, '通知公告菜单');
INSERT INTO `sys_menu` VALUES (108, '日志管理', 1, 9, 'log', '', '', 1, 0, 'M', '0', '0', '', 'log', 'admin', '2024-04-18 20:27:37', '', NULL, '日志管理菜单');
INSERT INTO `sys_menu` VALUES (109, '在线用户', 2, 1, 'online', 'monitor/online/index', '', 1, 0, 'C', '0', '0', 'monitor:online:list', 'online', 'admin', '2024-04-18 20:27:37', '', NULL, '在线用户菜单');
INSERT INTO `sys_menu` VALUES (110, '定时任务', 2, 2, 'job', 'monitor/job/index', '', 1, 0, 'C', '0', '0', 'monitor:job:list', 'job', 'admin', '2024-04-18 20:27:37', '', NULL, '定时任务菜单');
INSERT INTO `sys_menu` VALUES (111, '数据监控', 2, 3, 'druid', 'monitor/druid/index', '', 1, 0, 'C', '0', '0', 'monitor:druid:list', 'druid', 'admin', '2024-04-18 20:27:37', '', NULL, '数据监控菜单');
INSERT INTO `sys_menu` VALUES (112, '服务监控', 2, 4, 'server', 'monitor/server/index', '', 1, 0, 'C', '0', '0', 'monitor:server:list', 'server', 'admin', '2024-04-18 20:27:37', '', NULL, '服务监控菜单');
INSERT INTO `sys_menu` VALUES (113, '缓存监控', 2, 5, 'cache', 'monitor/cache/index', '', 1, 0, 'C', '0', '0', 'monitor:cache:list', 'redis', 'admin', '2024-04-18 20:27:37', '', NULL, '缓存监控菜单');
INSERT INTO `sys_menu` VALUES (114, '缓存列表', 2, 6, 'cacheList', 'monitor/cache/list', '', 1, 0, 'C', '0', '0', 'monitor:cache:list', 'redis-list', 'admin', '2024-04-18 20:27:37', '', NULL, '缓存列表菜单');
INSERT INTO `sys_menu` VALUES (115, '表单构建', 3, 1, 'build', 'tool/build/index', '', 1, 0, 'C', '0', '0', 'tool:build:list', 'build', 'admin', '2024-04-18 20:27:37', '', NULL, '表单构建菜单');
INSERT INTO `sys_menu` VALUES (116, '代码生成', 3, 2, 'gen', 'tool/gen/index', '', 1, 0, 'C', '0', '0', 'tool:gen:list', 'code', 'admin', '2024-04-18 20:27:37', '', NULL, '代码生成菜单');
INSERT INTO `sys_menu` VALUES (117, '系统接口', 3, 3, 'swagger', 'tool/swagger/index', '', 1, 0, 'C', '0', '0', 'tool:swagger:list', 'swagger', 'admin', '2024-04-18 20:27:37', '', NULL, '系统接口菜单');
INSERT INTO `sys_menu` VALUES (500, '操作日志', 108, 1, 'operlog', 'monitor/operlog/index', '', 1, 0, 'C', '0', '0', 'monitor:operlog:list', 'form', 'admin', '2024-04-18 20:27:37', '', NULL, '操作日志菜单');
INSERT INTO `sys_menu` VALUES (501, '登录日志', 108, 2, 'logininfor', 'monitor/logininfor/index', '', 1, 0, 'C', '0', '0', 'monitor:logininfor:list', 'logininfor', 'admin', '2024-04-18 20:27:37', '', NULL, '登录日志菜单');
INSERT INTO `sys_menu` VALUES (1000, '用户查询', 100, 1, '', '', '', 1, 0, 'F', '0', '0', 'system:user:query', '#', 'admin', '2024-04-18 20:27:37', '', NULL, '');
INSERT INTO `sys_menu` VALUES (1001, '用户新增', 100, 2, '', '', '', 1, 0, 'F', '0', '0', 'system:user:add', '#', 'admin', '2024-04-18 20:27:37', '', NULL, '');
INSERT INTO `sys_menu` VALUES (1002, '用户修改', 100, 3, '', '', '', 1, 0, 'F', '0', '0', 'system:user:edit', '#', 'admin', '2024-04-18 20:27:37', '', NULL, '');
INSERT INTO `sys_menu` VALUES (1003, '用户删除', 100, 4, '', '', '', 1, 0, 'F', '0', '0', 'system:user:remove', '#', 'admin', '2024-04-18 20:27:37', '', NULL, '');
INSERT INTO `sys_menu` VALUES (1004, '用户导出', 100, 5, '', '', '', 1, 0, 'F', '0', '0', 'system:user:export', '#', 'admin', '2024-04-18 20:27:37', '', NULL, '');
INSERT INTO `sys_menu` VALUES (1005, '用户导入', 100, 6, '', '', '', 1, 0, 'F', '0', '0', 'system:user:import', '#', 'admin', '2024-04-18 20:27:37', '', NULL, '');
INSERT INTO `sys_menu` VALUES (1006, '重置密码', 100, 7, '', '', '', 1, 0, 'F', '0', '0', 'system:user:resetPwd', '#', 'admin', '2024-04-18 20:27:37', '', NULL, '');
INSERT INTO `sys_menu` VALUES (1007, '角色查询', 101, 1, '', '', '', 1, 0, 'F', '0', '0', 'system:role:query', '#', 'admin', '2024-04-18 20:27:37', '', NULL, '');
INSERT INTO `sys_menu` VALUES (1008, '角色新增', 101, 2, '', '', '', 1, 0, 'F', '0', '0', 'system:role:add', '#', 'admin', '2024-04-18 20:27:37', '', NULL, '');
INSERT INTO `sys_menu` VALUES (1009, '角色修改', 101, 3, '', '', '', 1, 0, 'F', '0', '0', 'system:role:edit', '#', 'admin', '2024-04-18 20:27:37', '', NULL, '');
INSERT INTO `sys_menu` VALUES (1010, '角色删除', 101, 4, '', '', '', 1, 0, 'F', '0', '0', 'system:role:remove', '#', 'admin', '2024-04-18 20:27:37', '', NULL, '');
INSERT INTO `sys_menu` VALUES (1011, '角色导出', 101, 5, '', '', '', 1, 0, 'F', '0', '0', 'system:role:export', '#', 'admin', '2024-04-18 20:27:37', '', NULL, '');
INSERT INTO `sys_menu` VALUES (1012, '菜单查询', 102, 1, '', '', '', 1, 0, 'F', '0', '0', 'system:menu:query', '#', 'admin', '2024-04-18 20:27:37', '', NULL, '');
INSERT INTO `sys_menu` VALUES (1013, '菜单新增', 102, 2, '', '', '', 1, 0, 'F', '0', '0', 'system:menu:add', '#', 'admin', '2024-04-18 20:27:37', '', NULL, '');
INSERT INTO `sys_menu` VALUES (1014, '菜单修改', 102, 3, '', '', '', 1, 0, 'F', '0', '0', 'system:menu:edit', '#', 'admin', '2024-04-18 20:27:37', '', NULL, '');
INSERT INTO `sys_menu` VALUES (1015, '菜单删除', 102, 4, '', '', '', 1, 0, 'F', '0', '0', 'system:menu:remove', '#', 'admin', '2024-04-18 20:27:37', '', NULL, '');
INSERT INTO `sys_menu` VALUES (1016, '部门查询', 103, 1, '', '', '', 1, 0, 'F', '0', '0', 'system:dept:query', '#', 'admin', '2024-04-18 20:27:37', '', NULL, '');
INSERT INTO `sys_menu` VALUES (1017, '部门新增', 103, 2, '', '', '', 1, 0, 'F', '0', '0', 'system:dept:add', '#', 'admin', '2024-04-18 20:27:37', '', NULL, '');
INSERT INTO `sys_menu` VALUES (1018, '部门修改', 103, 3, '', '', '', 1, 0, 'F', '0', '0', 'system:dept:edit', '#', 'admin', '2024-04-18 20:27:37', '', NULL, '');
INSERT INTO `sys_menu` VALUES (1019, '部门删除', 103, 4, '', '', '', 1, 0, 'F', '0', '0', 'system:dept:remove', '#', 'admin', '2024-04-18 20:27:37', '', NULL, '');
INSERT INTO `sys_menu` VALUES (1020, '岗位查询', 104, 1, '', '', '', 1, 0, 'F', '0', '0', 'system:post:query', '#', 'admin', '2024-04-18 20:27:37', '', NULL, '');
INSERT INTO `sys_menu` VALUES (1021, '岗位新增', 104, 2, '', '', '', 1, 0, 'F', '0', '0', 'system:post:add', '#', 'admin', '2024-04-18 20:27:37', '', NULL, '');
INSERT INTO `sys_menu` VALUES (1022, '岗位修改', 104, 3, '', '', '', 1, 0, 'F', '0', '0', 'system:post:edit', '#', 'admin', '2024-04-18 20:27:37', '', NULL, '');
INSERT INTO `sys_menu` VALUES (1023, '岗位删除', 104, 4, '', '', '', 1, 0, 'F', '0', '0', 'system:post:remove', '#', 'admin', '2024-04-18 20:27:37', '', NULL, '');
INSERT INTO `sys_menu` VALUES (1024, '岗位导出', 104, 5, '', '', '', 1, 0, 'F', '0', '0', 'system:post:export', '#', 'admin', '2024-04-18 20:27:37', '', NULL, '');
INSERT INTO `sys_menu` VALUES (1025, '字典查询', 105, 1, '#', '', '', 1, 0, 'F', '0', '0', 'system:dict:query', '#', 'admin', '2024-04-18 20:27:37', '', NULL, '');
INSERT INTO `sys_menu` VALUES (1026, '字典新增', 105, 2, '#', '', '', 1, 0, 'F', '0', '0', 'system:dict:add', '#', 'admin', '2024-04-18 20:27:37', '', NULL, '');
INSERT INTO `sys_menu` VALUES (1027, '字典修改', 105, 3, '#', '', '', 1, 0, 'F', '0', '0', 'system:dict:edit', '#', 'admin', '2024-04-18 20:27:37', '', NULL, '');
INSERT INTO `sys_menu` VALUES (1028, '字典删除', 105, 4, '#', '', '', 1, 0, 'F', '0', '0', 'system:dict:remove', '#', 'admin', '2024-04-18 20:27:37', '', NULL, '');
INSERT INTO `sys_menu` VALUES (1029, '字典导出', 105, 5, '#', '', '', 1, 0, 'F', '0', '0', 'system:dict:export', '#', 'admin', '2024-04-18 20:27:37', '', NULL, '');
INSERT INTO `sys_menu` VALUES (1030, '参数查询', 106, 1, '#', '', '', 1, 0, 'F', '0', '0', 'system:config:query', '#', 'admin', '2024-04-18 20:27:37', '', NULL, '');
INSERT INTO `sys_menu` VALUES (1031, '参数新增', 106, 2, '#', '', '', 1, 0, 'F', '0', '0', 'system:config:add', '#', 'admin', '2024-04-18 20:27:37', '', NULL, '');
INSERT INTO `sys_menu` VALUES (1032, '参数修改', 106, 3, '#', '', '', 1, 0, 'F', '0', '0', 'system:config:edit', '#', 'admin', '2024-04-18 20:27:37', '', NULL, '');
INSERT INTO `sys_menu` VALUES (1033, '参数删除', 106, 4, '#', '', '', 1, 0, 'F', '0', '0', 'system:config:remove', '#', 'admin', '2024-04-18 20:27:37', '', NULL, '');
INSERT INTO `sys_menu` VALUES (1034, '参数导出', 106, 5, '#', '', '', 1, 0, 'F', '0', '0', 'system:config:export', '#', 'admin', '2024-04-18 20:27:37', '', NULL, '');
INSERT INTO `sys_menu` VALUES (1035, '公告查询', 107, 1, '#', '', '', 1, 0, 'F', '0', '0', 'system:notice:query', '#', 'admin', '2024-04-18 20:27:37', '', NULL, '');
INSERT INTO `sys_menu` VALUES (1036, '公告新增', 107, 2, '#', '', '', 1, 0, 'F', '0', '0', 'system:notice:add', '#', 'admin', '2024-04-18 20:27:37', '', NULL, '');
INSERT INTO `sys_menu` VALUES (1037, '公告修改', 107, 3, '#', '', '', 1, 0, 'F', '0', '0', 'system:notice:edit', '#', 'admin', '2024-04-18 20:27:37', '', NULL, '');
INSERT INTO `sys_menu` VALUES (1038, '公告删除', 107, 4, '#', '', '', 1, 0, 'F', '0', '0', 'system:notice:remove', '#', 'admin', '2024-04-18 20:27:37', '', NULL, '');
INSERT INTO `sys_menu` VALUES (1039, '操作查询', 500, 1, '#', '', '', 1, 0, 'F', '0', '0', 'monitor:operlog:query', '#', 'admin', '2024-04-18 20:27:37', '', NULL, '');
INSERT INTO `sys_menu` VALUES (1040, '操作删除', 500, 2, '#', '', '', 1, 0, 'F', '0', '0', 'monitor:operlog:remove', '#', 'admin', '2024-04-18 20:27:37', '', NULL, '');
INSERT INTO `sys_menu` VALUES (1041, '日志导出', 500, 3, '#', '', '', 1, 0, 'F', '0', '0', 'monitor:operlog:export', '#', 'admin', '2024-04-18 20:27:37', '', NULL, '');
INSERT INTO `sys_menu` VALUES (1042, '登录查询', 501, 1, '#', '', '', 1, 0, 'F', '0', '0', 'monitor:logininfor:query', '#', 'admin', '2024-04-18 20:27:37', '', NULL, '');
INSERT INTO `sys_menu` VALUES (1043, '登录删除', 501, 2, '#', '', '', 1, 0, 'F', '0', '0', 'monitor:logininfor:remove', '#', 'admin', '2024-04-18 20:27:37', '', NULL, '');
INSERT INTO `sys_menu` VALUES (1044, '日志导出', 501, 3, '#', '', '', 1, 0, 'F', '0', '0', 'monitor:logininfor:export', '#', 'admin', '2024-04-18 20:27:37', '', NULL, '');
INSERT INTO `sys_menu` VALUES (1045, '账户解锁', 501, 4, '#', '', '', 1, 0, 'F', '0', '0', 'monitor:logininfor:unlock', '#', 'admin', '2024-04-18 20:27:37', '', NULL, '');
INSERT INTO `sys_menu` VALUES (1046, '在线查询', 109, 1, '#', '', '', 1, 0, 'F', '0', '0', 'monitor:online:query', '#', 'admin', '2024-04-18 20:27:37', '', NULL, '');
INSERT INTO `sys_menu` VALUES (1047, '批量强退', 109, 2, '#', '', '', 1, 0, 'F', '0', '0', 'monitor:online:batchLogout', '#', 'admin', '2024-04-18 20:27:37', '', NULL, '');
INSERT INTO `sys_menu` VALUES (1048, '单条强退', 109, 3, '#', '', '', 1, 0, 'F', '0', '0', 'monitor:online:forceLogout', '#', 'admin', '2024-04-18 20:27:37', '', NULL, '');
INSERT INTO `sys_menu` VALUES (1049, '任务查询', 110, 1, '#', '', '', 1, 0, 'F', '0', '0', 'monitor:job:query', '#', 'admin', '2024-04-18 20:27:37', '', NULL, '');
INSERT INTO `sys_menu` VALUES (1050, '任务新增', 110, 2, '#', '', '', 1, 0, 'F', '0', '0', 'monitor:job:add', '#', 'admin', '2024-04-18 20:27:37', '', NULL, '');
INSERT INTO `sys_menu` VALUES (1051, '任务修改', 110, 3, '#', '', '', 1, 0, 'F', '0', '0', 'monitor:job:edit', '#', 'admin', '2024-04-18 20:27:37', '', NULL, '');
INSERT INTO `sys_menu` VALUES (1052, '任务删除', 110, 4, '#', '', '', 1, 0, 'F', '0', '0', 'monitor:job:remove', '#', 'admin', '2024-04-18 20:27:37', '', NULL, '');
INSERT INTO `sys_menu` VALUES (1053, '状态修改', 110, 5, '#', '', '', 1, 0, 'F', '0', '0', 'monitor:job:changeStatus', '#', 'admin', '2024-04-18 20:27:37', '', NULL, '');
INSERT INTO `sys_menu` VALUES (1054, '任务导出', 110, 6, '#', '', '', 1, 0, 'F', '0', '0', 'monitor:job:export', '#', 'admin', '2024-04-18 20:27:37', '', NULL, '');
INSERT INTO `sys_menu` VALUES (1055, '生成查询', 116, 1, '#', '', '', 1, 0, 'F', '0', '0', 'tool:gen:query', '#', 'admin', '2024-04-18 20:27:37', '', NULL, '');
INSERT INTO `sys_menu` VALUES (1056, '生成修改', 116, 2, '#', '', '', 1, 0, 'F', '0', '0', 'tool:gen:edit', '#', 'admin', '2024-04-18 20:27:37', '', NULL, '');
INSERT INTO `sys_menu` VALUES (1057, '生成删除', 116, 3, '#', '', '', 1, 0, 'F', '0', '0', 'tool:gen:remove', '#', 'admin', '2024-04-18 20:27:37', '', NULL, '');
INSERT INTO `sys_menu` VALUES (1058, '导入代码', 116, 4, '#', '', '', 1, 0, 'F', '0', '0', 'tool:gen:import', '#', 'admin', '2024-04-18 20:27:37', '', NULL, '');
INSERT INTO `sys_menu` VALUES (1059, '预览代码', 116, 5, '#', '', '', 1, 0, 'F', '0', '0', 'tool:gen:preview', '#', 'admin', '2024-04-18 20:27:37', '', NULL, '');
INSERT INTO `sys_menu` VALUES (1060, '生成代码', 116, 6, '#', '', '', 1, 0, 'F', '0', '0', 'tool:gen:code', '#', 'admin', '2024-04-18 20:27:37', '', NULL, '');
INSERT INTO `sys_menu` VALUES (2000, '科研KPI分类管理', 0, 10, 'type', NULL, NULL, 1, 0, 'M', '0', '0', '', 'chart', 'admin', '2024-04-21 15:12:16', 'admin', '2024-04-25 16:47:56', '');
INSERT INTO `sys_menu` VALUES (2001, 'KPI项目分类', 2000, 2, 'type', 'kpi/type/index', NULL, 1, 0, 'C', '0', '0', 'kpi:type:list', 'eye-open', 'admin', '2024-04-21 15:16:30', 'admin', '2024-04-21 20:09:02', 'kpi分类菜单');
INSERT INTO `sys_menu` VALUES (2002, 'kpi分类查询', 2001, 1, '#', '', NULL, 1, 0, 'F', '0', '0', 'kpi:type:query', '#', 'admin', '2024-04-21 15:16:30', '', NULL, '');
INSERT INTO `sys_menu` VALUES (2003, 'kpi分类新增', 2001, 2, '#', '', NULL, 1, 0, 'F', '0', '0', 'kpi:type:add', '#', 'admin', '2024-04-21 15:16:30', '', NULL, '');
INSERT INTO `sys_menu` VALUES (2004, 'kpi分类修改', 2001, 3, '#', '', NULL, 1, 0, 'F', '0', '0', 'kpi:type:edit', '#', 'admin', '2024-04-21 15:16:30', '', NULL, '');
INSERT INTO `sys_menu` VALUES (2005, 'kpi分类删除', 2001, 4, '#', '', NULL, 1, 0, 'F', '0', '0', 'kpi:type:remove', '#', 'admin', '2024-04-21 15:16:30', '', NULL, '');
INSERT INTO `sys_menu` VALUES (2006, 'kpi分类导出', 2001, 5, '#', '', NULL, 1, 0, 'F', '0', '0', 'kpi:type:export', '#', 'admin', '2024-04-21 15:16:30', '', NULL, '');
INSERT INTO `sys_menu` VALUES (2007, 'KPI量值标准', 2000, 3, 'magnitude', 'kpi/magnitude/index', NULL, 1, 0, 'C', '0', '0', 'kpi:magnitude:list', 'money', 'admin', '2024-04-21 15:47:51', 'admin', '2024-04-21 20:09:27', 'KPI量值标准菜单');
INSERT INTO `sys_menu` VALUES (2008, 'KPI量值标准查询', 2007, 1, '#', '', NULL, 1, 0, 'F', '0', '0', 'kpi:magnitude:query', '#', 'admin', '2024-04-21 15:47:51', '', NULL, '');
INSERT INTO `sys_menu` VALUES (2009, 'KPI量值标准新增', 2007, 2, '#', '', NULL, 1, 0, 'F', '0', '0', 'kpi:magnitude:add', '#', 'admin', '2024-04-21 15:47:51', '', NULL, '');
INSERT INTO `sys_menu` VALUES (2010, 'KPI量值标准修改', 2007, 3, '#', '', NULL, 1, 0, 'F', '0', '0', 'kpi:magnitude:edit', '#', 'admin', '2024-04-21 15:47:51', '', NULL, '');
INSERT INTO `sys_menu` VALUES (2011, 'KPI量值标准删除', 2007, 4, '#', '', NULL, 1, 0, 'F', '0', '0', 'kpi:magnitude:remove', '#', 'admin', '2024-04-21 15:47:51', '', NULL, '');
INSERT INTO `sys_menu` VALUES (2012, 'KPI量值标准导出', 2007, 5, '#', '', NULL, 1, 0, 'F', '0', '0', 'kpi:magnitude:export', '#', 'admin', '2024-04-21 15:47:51', '', NULL, '');
INSERT INTO `sys_menu` VALUES (2013, '老师基本信息', 2074, 1, 'teacher', 'kpi/teacher/index', NULL, 1, 0, 'C', '0', '0', 'kpi:teacher:list', 'people', 'admin', '2024-04-21 19:34:20', 'admin', '2024-04-27 14:40:27', '老师基本信息菜单');
INSERT INTO `sys_menu` VALUES (2014, '老师基本信息查询', 2013, 1, '#', '', NULL, 1, 0, 'F', '0', '0', 'kpi:teacher:query', '#', 'admin', '2024-04-21 19:34:20', '', NULL, '');
INSERT INTO `sys_menu` VALUES (2015, '老师基本信息新增', 2013, 2, '#', '', NULL, 1, 0, 'F', '0', '0', 'kpi:teacher:add', '#', 'admin', '2024-04-21 19:34:20', '', NULL, '');
INSERT INTO `sys_menu` VALUES (2016, '老师基本信息修改', 2013, 3, '#', '', NULL, 1, 0, 'F', '0', '0', 'kpi:teacher:edit', '#', 'admin', '2024-04-21 19:34:20', '', NULL, '');
INSERT INTO `sys_menu` VALUES (2017, '老师基本信息删除', 2013, 4, '#', '', NULL, 1, 0, 'F', '0', '0', 'kpi:teacher:remove', '#', 'admin', '2024-04-21 19:34:20', '', NULL, '');
INSERT INTO `sys_menu` VALUES (2018, '非教学论文管理', 0, 1, 'noTeachPaper', NULL, NULL, 1, 0, 'M', '0', '0', NULL, 'druid', 'admin', '2024-04-25 16:49:41', '', NULL, '');
INSERT INTO `sys_menu` VALUES (2019, '项目管理', 0, 2, 'project', NULL, NULL, 1, 0, 'M', '0', '0', NULL, 'date-range', 'admin', '2024-04-25 16:50:18', '', NULL, '');
INSERT INTO `sys_menu` VALUES (2020, '知识产权管理', 0, 3, 'intellectual', NULL, NULL, 1, 0, 'M', '0', '0', '', 'language', 'admin', '2024-04-25 16:50:56', 'admin', '2024-04-25 16:56:11', '');
INSERT INTO `sys_menu` VALUES (2021, '标准管理', 0, 4, 'standard', NULL, NULL, 1, 0, 'M', '0', '0', NULL, 'button', 'admin', '2024-04-25 16:51:38', '', NULL, '');
INSERT INTO `sys_menu` VALUES (2022, '奖项管理', 0, 5, 'awards', NULL, NULL, 1, 0, 'M', '0', '0', '', 'checkbox', 'admin', '2024-04-25 16:52:09', 'admin', '2024-04-25 16:56:18', '');
INSERT INTO `sys_menu` VALUES (2023, '优秀论文/讲座管理', 0, 6, 'excellentPaperChair', NULL, NULL, 1, 0, 'M', '0', '0', NULL, 'clipboard', 'admin', '2024-04-25 16:54:07', '', NULL, '');
INSERT INTO `sys_menu` VALUES (2024, '国际学术组织任职管理', 0, 7, 'organization', NULL, NULL, 1, 0, 'M', '0', '0', NULL, 'international', 'admin', '2024-04-25 16:55:16', '', NULL, '');
INSERT INTO `sys_menu` VALUES (2025, '科技成果管理', 0, 8, 'science', NULL, NULL, 1, 0, 'M', '0', '0', NULL, 'monitor', 'admin', '2024-04-25 16:56:01', '', NULL, '');
INSERT INTO `sys_menu` VALUES (2026, '奖项信息', 2022, 1, 'awards', 'kpi/awards/index', NULL, 1, 0, 'C', '0', '0', 'kpi:awards:list', '#', 'admin', '2024-04-25 20:38:45', '', NULL, '奖项信息菜单');
INSERT INTO `sys_menu` VALUES (2027, '奖项信息查询', 2026, 1, '#', '', NULL, 1, 0, 'F', '0', '0', 'kpi:awards:query', '#', 'admin', '2024-04-25 20:38:45', '', NULL, '');
INSERT INTO `sys_menu` VALUES (2028, '奖项信息新增', 2026, 2, '#', '', NULL, 1, 0, 'F', '0', '0', 'kpi:awards:add', '#', 'admin', '2024-04-25 20:38:45', '', NULL, '');
INSERT INTO `sys_menu` VALUES (2029, '奖项信息修改', 2026, 3, '#', '', NULL, 1, 0, 'F', '0', '0', 'kpi:awards:edit', '#', 'admin', '2024-04-25 20:38:45', '', NULL, '');
INSERT INTO `sys_menu` VALUES (2030, '奖项信息删除', 2026, 4, '#', '', NULL, 1, 0, 'F', '0', '0', 'kpi:awards:remove', '#', 'admin', '2024-04-25 20:38:45', '', NULL, '');
INSERT INTO `sys_menu` VALUES (2031, '奖项信息导出', 2026, 5, '#', '', NULL, 1, 0, 'F', '0', '0', 'kpi:awards:export', '#', 'admin', '2024-04-25 20:38:45', '', NULL, '');
INSERT INTO `sys_menu` VALUES (2032, '指导优秀论文与讲座', 2023, 1, 'chai', 'kpi/chai/index', NULL, 1, 0, 'C', '0', '0', 'kpi:chai:list', '#', 'admin', '2024-04-25 20:38:53', '', NULL, '指导优秀论文与讲座菜单');
INSERT INTO `sys_menu` VALUES (2033, '指导优秀论文与讲座查询', 2032, 1, '#', '', NULL, 1, 0, 'F', '0', '0', 'kpi:chai:query', '#', 'admin', '2024-04-25 20:38:53', '', NULL, '');
INSERT INTO `sys_menu` VALUES (2034, '指导优秀论文与讲座新增', 2032, 2, '#', '', NULL, 1, 0, 'F', '0', '0', 'kpi:chai:add', '#', 'admin', '2024-04-25 20:38:53', '', NULL, '');
INSERT INTO `sys_menu` VALUES (2035, '指导优秀论文与讲座修改', 2032, 3, '#', '', NULL, 1, 0, 'F', '0', '0', 'kpi:chai:edit', '#', 'admin', '2024-04-25 20:38:53', '', NULL, '');
INSERT INTO `sys_menu` VALUES (2036, '指导优秀论文与讲座删除', 2032, 4, '#', '', NULL, 1, 0, 'F', '0', '0', 'kpi:chai:remove', '#', 'admin', '2024-04-25 20:38:53', '', NULL, '');
INSERT INTO `sys_menu` VALUES (2037, '指导优秀论文与讲座导出', 2032, 5, '#', '', NULL, 1, 0, 'F', '0', '0', 'kpi:chai:export', '#', 'admin', '2024-04-25 20:38:53', '', NULL, '');
INSERT INTO `sys_menu` VALUES (2038, '知识产权', 2020, 1, 'intellectual', 'kpi/intellectual/index', NULL, 1, 0, 'C', '0', '0', 'kpi:intellectual:list', '#', 'admin', '2024-04-25 20:39:01', '', NULL, '知识产权菜单');
INSERT INTO `sys_menu` VALUES (2039, '知识产权查询', 2038, 1, '#', '', NULL, 1, 0, 'F', '0', '0', 'kpi:intellectual:query', '#', 'admin', '2024-04-25 20:39:01', '', NULL, '');
INSERT INTO `sys_menu` VALUES (2040, '知识产权新增', 2038, 2, '#', '', NULL, 1, 0, 'F', '0', '0', 'kpi:intellectual:add', '#', 'admin', '2024-04-25 20:39:01', '', NULL, '');
INSERT INTO `sys_menu` VALUES (2041, '知识产权修改', 2038, 3, '#', '', NULL, 1, 0, 'F', '0', '0', 'kpi:intellectual:edit', '#', 'admin', '2024-04-25 20:39:01', '', NULL, '');
INSERT INTO `sys_menu` VALUES (2042, '知识产权删除', 2038, 4, '#', '', NULL, 1, 0, 'F', '0', '0', 'kpi:intellectual:remove', '#', 'admin', '2024-04-25 20:39:01', '', NULL, '');
INSERT INTO `sys_menu` VALUES (2043, '知识产权导出', 2038, 5, '#', '', NULL, 1, 0, 'F', '0', '0', 'kpi:intellectual:export', '#', 'admin', '2024-04-25 20:39:01', '', NULL, '');
INSERT INTO `sys_menu` VALUES (2044, '非教学类科研论文', 2018, 1, 'paperNoTeach', 'kpi/paperNoTeach/index', NULL, 1, 0, 'C', '0', '0', 'kpi:paperNoTeach:list', '#', 'admin', '2024-04-25 20:39:15', '', NULL, '非教学类科研论文菜单');
INSERT INTO `sys_menu` VALUES (2045, '非教学类科研论文查询', 2044, 1, '#', '', NULL, 1, 0, 'F', '0', '0', 'kpi:paperNoTeach:query', '#', 'admin', '2024-04-25 20:39:15', '', NULL, '');
INSERT INTO `sys_menu` VALUES (2046, '非教学类科研论文新增', 2044, 2, '#', '', NULL, 1, 0, 'F', '0', '0', 'kpi:paperNoTeach:add', '#', 'admin', '2024-04-25 20:39:15', '', NULL, '');
INSERT INTO `sys_menu` VALUES (2047, '非教学类科研论文修改', 2044, 3, '#', '', NULL, 1, 0, 'F', '0', '0', 'kpi:paperNoTeach:edit', '#', 'admin', '2024-04-25 20:39:15', '', NULL, '');
INSERT INTO `sys_menu` VALUES (2048, '非教学类科研论文删除', 2044, 4, '#', '', NULL, 1, 0, 'F', '0', '0', 'kpi:paperNoTeach:remove', '#', 'admin', '2024-04-25 20:39:15', '', NULL, '');
INSERT INTO `sys_menu` VALUES (2049, '非教学类科研论文导出', 2044, 5, '#', '', NULL, 1, 0, 'F', '0', '0', 'kpi:paperNoTeach:export', '#', 'admin', '2024-04-25 20:39:15', '', NULL, '');
INSERT INTO `sys_menu` VALUES (2050, '项目信息', 2019, 1, 'project', 'kpi/project/index', NULL, 1, 0, 'C', '0', '0', 'kpi:project:list', '#', 'admin', '2024-04-25 20:39:22', 'admin', '2024-04-25 20:40:10', '项目信息菜单');
INSERT INTO `sys_menu` VALUES (2051, '项目信息查询', 2050, 1, '#', '', NULL, 1, 0, 'F', '0', '0', 'kpi:project:query', '#', 'admin', '2024-04-25 20:39:22', '', NULL, '');
INSERT INTO `sys_menu` VALUES (2052, '项目信息新增', 2050, 2, '#', '', NULL, 1, 0, 'F', '0', '0', 'kpi:project:add', '#', 'admin', '2024-04-25 20:39:22', '', NULL, '');
INSERT INTO `sys_menu` VALUES (2053, '项目信息修改', 2050, 3, '#', '', NULL, 1, 0, 'F', '0', '0', 'kpi:project:edit', '#', 'admin', '2024-04-25 20:39:22', '', NULL, '');
INSERT INTO `sys_menu` VALUES (2054, '项目信息删除', 2050, 4, '#', '', NULL, 1, 0, 'F', '0', '0', 'kpi:project:remove', '#', 'admin', '2024-04-25 20:39:22', '', NULL, '');
INSERT INTO `sys_menu` VALUES (2055, '项目信息导出', 2050, 5, '#', '', NULL, 1, 0, 'F', '0', '0', 'kpi:project:export', '#', 'admin', '2024-04-25 20:39:22', '', NULL, '');
INSERT INTO `sys_menu` VALUES (2056, '科技成果', 2025, 1, 'science', 'kpi/science/index', NULL, 1, 0, 'C', '0', '0', 'kpi:science:list', '#', 'admin', '2024-04-25 20:39:31', '', NULL, '科技成果菜单');
INSERT INTO `sys_menu` VALUES (2057, '科技成果查询', 2056, 1, '#', '', NULL, 1, 0, 'F', '0', '0', 'kpi:science:query', '#', 'admin', '2024-04-25 20:39:31', '', NULL, '');
INSERT INTO `sys_menu` VALUES (2058, '科技成果新增', 2056, 2, '#', '', NULL, 1, 0, 'F', '0', '0', 'kpi:science:add', '#', 'admin', '2024-04-25 20:39:31', '', NULL, '');
INSERT INTO `sys_menu` VALUES (2059, '科技成果修改', 2056, 3, '#', '', NULL, 1, 0, 'F', '0', '0', 'kpi:science:edit', '#', 'admin', '2024-04-25 20:39:31', '', NULL, '');
INSERT INTO `sys_menu` VALUES (2060, '科技成果删除', 2056, 4, '#', '', NULL, 1, 0, 'F', '0', '0', 'kpi:science:remove', '#', 'admin', '2024-04-25 20:39:31', '', NULL, '');
INSERT INTO `sys_menu` VALUES (2061, '科技成果导出', 2056, 5, '#', '', NULL, 1, 0, 'F', '0', '0', 'kpi:science:export', '#', 'admin', '2024-04-25 20:39:31', '', NULL, '');
INSERT INTO `sys_menu` VALUES (2062, '标准及平台', 2021, 1, 'standard', 'kpi/standard/index', NULL, 1, 0, 'C', '0', '0', 'kpi:standard:list', '#', 'admin', '2024-04-25 20:39:38', '', NULL, '标准及平台菜单');
INSERT INTO `sys_menu` VALUES (2063, '标准及平台查询', 2062, 1, '#', '', NULL, 1, 0, 'F', '0', '0', 'kpi:standard:query', '#', 'admin', '2024-04-25 20:39:38', '', NULL, '');
INSERT INTO `sys_menu` VALUES (2064, '标准及平台新增', 2062, 2, '#', '', NULL, 1, 0, 'F', '0', '0', 'kpi:standard:add', '#', 'admin', '2024-04-25 20:39:38', '', NULL, '');
INSERT INTO `sys_menu` VALUES (2065, '标准及平台修改', 2062, 3, '#', '', NULL, 1, 0, 'F', '0', '0', 'kpi:standard:edit', '#', 'admin', '2024-04-25 20:39:38', '', NULL, '');
INSERT INTO `sys_menu` VALUES (2066, '标准及平台删除', 2062, 4, '#', '', NULL, 1, 0, 'F', '0', '0', 'kpi:standard:remove', '#', 'admin', '2024-04-25 20:39:38', '', NULL, '');
INSERT INTO `sys_menu` VALUES (2067, '标准及平台导出', 2062, 5, '#', '', NULL, 1, 0, 'F', '0', '0', 'kpi:standard:export', '#', 'admin', '2024-04-25 20:39:38', '', NULL, '');
INSERT INTO `sys_menu` VALUES (2068, '国际学术组织任职', 2024, 1, 'organization', 'kpi/organization/index', NULL, 1, 0, 'C', '0', '0', 'kpi:organization:list', '#', 'admin', '2024-04-25 20:41:08', '', NULL, '国际学术组织任职菜单');
INSERT INTO `sys_menu` VALUES (2069, '国际学术组织任职查询', 2068, 1, '#', '', NULL, 1, 0, 'F', '0', '0', 'kpi:organization:query', '#', 'admin', '2024-04-25 20:41:08', '', NULL, '');
INSERT INTO `sys_menu` VALUES (2070, '国际学术组织任职新增', 2068, 2, '#', '', NULL, 1, 0, 'F', '0', '0', 'kpi:organization:add', '#', 'admin', '2024-04-25 20:41:08', '', NULL, '');
INSERT INTO `sys_menu` VALUES (2071, '国际学术组织任职修改', 2068, 3, '#', '', NULL, 1, 0, 'F', '0', '0', 'kpi:organization:edit', '#', 'admin', '2024-04-25 20:41:08', '', NULL, '');
INSERT INTO `sys_menu` VALUES (2072, '国际学术组织任职删除', 2068, 4, '#', '', NULL, 1, 0, 'F', '0', '0', 'kpi:organization:remove', '#', 'admin', '2024-04-25 20:41:08', '', NULL, '');
INSERT INTO `sys_menu` VALUES (2073, '国际学术组织任职导出', 2068, 5, '#', '', NULL, 1, 0, 'F', '0', '0', 'kpi:organization:export', '#', 'admin', '2024-04-25 20:41:08', '', NULL, '');
INSERT INTO `sys_menu` VALUES (2074, '老师管理', 0, 0, 'tea', NULL, NULL, 1, 0, 'M', '0', '0', NULL, 'logininfor', 'admin', '2024-04-27 14:40:13', '', NULL, '');
INSERT INTO `sys_menu` VALUES (2075, 'kpi得分统计', 2074, 2, 'statistics', 'kpi/teacher/kpi', NULL, 1, 0, 'C', '0', '0', 'kpi:teacher:list', 'chart', 'admin', '2024-05-08 12:41:41', '', NULL, '');
INSERT INTO `sys_menu` VALUES (2076, '我的非教学论文', 2018, 2, 'myPaperNoTeach', 'kpi/paperNoTeach/teacher', NULL, 1, 0, 'C', '0', '0', 'kpi:paperNoTeach:list', '#', 'admin', '2024-05-08 13:55:03', '', NULL, '');
INSERT INTO `sys_menu` VALUES (2077, '我的项目信息', 2019, 2, 'myProject', 'kpi/project/teacher', NULL, 1, 0, 'C', '0', '0', 'kpi:project:list', '#', 'admin', '2024-05-08 15:21:57', '', NULL, '');
INSERT INTO `sys_menu` VALUES (2078, '我的知识产权', 2020, 2, 'myIntellectual', 'kpi/intellectual/teacher', NULL, 1, 0, 'C', '0', '0', 'kpi:intellectual:list', '#', 'admin', '2024-05-08 16:02:00', '', NULL, '');
INSERT INTO `sys_menu` VALUES (2079, '我的标准及平台', 2021, 2, 'myStandard', 'kpi/standard/teacher', NULL, 1, 0, 'C', '0', '0', 'kpi:standard:list', '#', 'admin', '2024-05-08 16:53:59', '', NULL, '');
INSERT INTO `sys_menu` VALUES (2080, '我的奖项信息', 2022, 2, 'myAwards', 'kpi/awards/teacher', NULL, 1, 0, 'C', '0', '0', 'kpi:awards:list', '#', 'admin', '2024-05-08 17:24:29', '', NULL, '');
INSERT INTO `sys_menu` VALUES (2081, '我的优秀论文/讲座', 2023, 2, 'myChai', 'kpi/chai/teacher', NULL, 1, 0, 'C', '0', '0', 'kpi:chai:list', '#', 'admin', '2024-05-08 18:07:19', '', NULL, '');
INSERT INTO `sys_menu` VALUES (2082, '我的国际学术任职', 2024, 2, 'myOrganization', 'kpi/organization/teacher', NULL, 1, 0, 'C', '0', '0', 'kpi:organization:list', '#', 'admin', '2024-05-08 19:13:38', 'admin', '2024-05-08 19:16:18', '');
INSERT INTO `sys_menu` VALUES (2083, '我的科技成果', 2025, 2, 'myScience', 'kpi/science/teacher', NULL, 1, 0, 'C', '0', '0', 'kpi:science:list', '#', 'admin', '2024-05-08 20:40:47', '', NULL, '');

-- ----------------------------
-- Table structure for sys_notice
-- ----------------------------
DROP TABLE IF EXISTS `sys_notice`;
CREATE TABLE `sys_notice`  (
  `notice_id` int(11) NOT NULL AUTO_INCREMENT COMMENT '公告ID',
  `notice_title` varchar(50) CHARACTER SET utf8mb4 COLLATE utf8mb4_general_ci NOT NULL COMMENT '公告标题',
  `notice_type` char(1) CHARACTER SET utf8mb4 COLLATE utf8mb4_general_ci NOT NULL COMMENT '公告类型（1通知 2公告）',
  `notice_content` longblob COMMENT '公告内容',
  `status` char(1) CHARACTER SET utf8mb4 COLLATE utf8mb4_general_ci DEFAULT '0' COMMENT '公告状态（0正常 1关闭）',
  `create_by` varchar(64) CHARACTER SET utf8mb4 COLLATE utf8mb4_general_ci DEFAULT '' COMMENT '创建者',
  `create_time` datetime(0) DEFAULT NULL COMMENT '创建时间',
  `update_by` varchar(64) CHARACTER SET utf8mb4 COLLATE utf8mb4_general_ci DEFAULT '' COMMENT '更新者',
  `update_time` datetime(0) DEFAULT NULL COMMENT '更新时间',
  `remark` varchar(255) CHARACTER SET utf8mb4 COLLATE utf8mb4_general_ci DEFAULT NULL COMMENT '备注',
  PRIMARY KEY (`notice_id`) USING BTREE
) ENGINE = InnoDB CHARACTER SET = utf8mb4 COLLATE = utf8mb4_general_ci COMMENT = '通知公告表' ROW_FORMAT = Dynamic;

-- ----------------------------
-- Table structure for sys_oper_log
-- ----------------------------
DROP TABLE IF EXISTS `sys_oper_log`;
CREATE TABLE `sys_oper_log`  (
  `oper_id` bigint(20) NOT NULL AUTO_INCREMENT COMMENT '日志主键',
  `title` varchar(50) CHARACTER SET utf8mb4 COLLATE utf8mb4_general_ci DEFAULT '' COMMENT '模块标题',
  `business_type` int(11) DEFAULT 0 COMMENT '业务类型（0其它 1新增 2修改 3删除）',
  `method` varchar(100) CHARACTER SET utf8mb4 COLLATE utf8mb4_general_ci DEFAULT '' COMMENT '方法名称',
  `request_method` varchar(10) CHARACTER SET utf8mb4 COLLATE utf8mb4_general_ci DEFAULT '' COMMENT '请求方式',
  `operator_type` int(11) DEFAULT 0 COMMENT '操作类别（0其它 1后台用户 2手机端用户）',
  `oper_name` varchar(50) CHARACTER SET utf8mb4 COLLATE utf8mb4_general_ci DEFAULT '' COMMENT '操作人员',
  `dept_name` varchar(50) CHARACTER SET utf8mb4 COLLATE utf8mb4_general_ci DEFAULT '' COMMENT '部门名称',
  `oper_url` varchar(255) CHARACTER SET utf8mb4 COLLATE utf8mb4_general_ci DEFAULT '' COMMENT '请求URL',
  `oper_ip` varchar(128) CHARACTER SET utf8mb4 COLLATE utf8mb4_general_ci DEFAULT '' COMMENT '主机地址',
  `oper_location` varchar(255) CHARACTER SET utf8mb4 COLLATE utf8mb4_general_ci DEFAULT '' COMMENT '操作地点',
  `oper_param` varchar(2000) CHARACTER SET utf8mb4 COLLATE utf8mb4_general_ci DEFAULT '' COMMENT '请求参数',
  `json_result` varchar(2000) CHARACTER SET utf8mb4 COLLATE utf8mb4_general_ci DEFAULT '' COMMENT '返回参数',
  `status` int(11) DEFAULT 0 COMMENT '操作状态（0正常 1异常）',
  `error_msg` varchar(2000) CHARACTER SET utf8mb4 COLLATE utf8mb4_general_ci DEFAULT '' COMMENT '错误消息',
  `oper_time` datetime(0) DEFAULT NULL COMMENT '操作时间',
  `cost_time` bigint(20) DEFAULT 0 COMMENT '消耗时间',
  PRIMARY KEY (`oper_id`) USING BTREE,
  INDEX `idx_sys_oper_log_bt`(`business_type`) USING BTREE,
  INDEX `idx_sys_oper_log_s`(`status`) USING BTREE,
  INDEX `idx_sys_oper_log_ot`(`oper_time`) USING BTREE
) ENGINE = InnoDB AUTO_INCREMENT = 304 CHARACTER SET = utf8mb4 COLLATE = utf8mb4_general_ci COMMENT = '操作日志记录' ROW_FORMAT = Dynamic;

-- ----------------------------
-- Records of sys_oper_log
-- ----------------------------
INSERT INTO `sys_oper_log` VALUES (100, '用户管理', 2, 'com.ruoyi.web.controller.system.SysUserController.edit()', 'PUT', 1, 'admin', '研发部门', '/system/user', '127.0.0.1', '内网IP', '{\"admin\":false,\"avatar\":\"\",\"createBy\":\"admin\",\"createTime\":\"2024-04-18 20:27:37\",\"delFlag\":\"0\",\"dept\":{\"ancestors\":\"0,100,101\",\"children\":[],\"deptId\":105,\"deptName\":\"测试部门\",\"leader\":\"若依\",\"orderNum\":3,\"params\":{},\"parentId\":101,\"status\":\"0\"},\"deptId\":100,\"email\":\"ry@qq.com\",\"loginDate\":\"2024-04-18 20:27:37\",\"loginIp\":\"127.0.0.1\",\"nickName\":\"一级学科秘书\",\"params\":{},\"phonenumber\":\"13571653612\",\"postIds\":[4],\"remark\":\"测试员\",\"roleIds\":[2],\"roles\":[{\"admin\":false,\"dataScope\":\"2\",\"deptCheckStrictly\":false,\"flag\":false,\"menuCheckStrictly\":false,\"params\":{},\"roleId\":2,\"roleKey\":\"common\",\"roleName\":\"普通角色\",\"roleSort\":2,\"status\":\"0\"}],\"sex\":\"0\",\"status\":\"0\",\"updateBy\":\"admin\",\"userId\":2,\"userName\":\"ry\"}', '{\"msg\":\"操作成功\",\"code\":200}', 0, NULL, '2024-04-19 10:34:17', 34);
INSERT INTO `sys_oper_log` VALUES (101, '用户管理', 2, 'com.ruoyi.web.controller.system.SysUserController.edit()', 'PUT', 1, 'admin', '研发部门', '/system/user', '127.0.0.1', '内网IP', '{\"admin\":false,\"avatar\":\"\",\"createBy\":\"admin\",\"createTime\":\"2024-04-18 20:27:37\",\"delFlag\":\"0\",\"dept\":{\"ancestors\":\"0\",\"children\":[],\"deptId\":100,\"deptName\":\"若依科技\",\"leader\":\"若依\",\"orderNum\":0,\"params\":{},\"parentId\":0,\"status\":\"0\"},\"email\":\"ry@qq.com\",\"loginDate\":\"2024-04-18 20:27:37\",\"loginIp\":\"127.0.0.1\",\"nickName\":\"一级学科秘书\",\"params\":{},\"phonenumber\":\"13571653612\",\"postIds\":[4],\"remark\":\"测试员\",\"roleIds\":[2],\"roles\":[{\"admin\":false,\"dataScope\":\"2\",\"deptCheckStrictly\":false,\"flag\":false,\"menuCheckStrictly\":false,\"params\":{},\"roleId\":2,\"roleKey\":\"common\",\"roleName\":\"普通角色\",\"roleSort\":2,\"status\":\"0\"}],\"sex\":\"0\",\"status\":\"0\",\"updateBy\":\"admin\",\"userId\":2,\"userName\":\"ry\"}', '{\"msg\":\"操作成功\",\"code\":200}', 0, NULL, '2024-04-19 10:34:27', 24);
INSERT INTO `sys_oper_log` VALUES (102, '用户管理', 2, 'com.ruoyi.web.controller.system.SysUserController.changeStatus()', 'PUT', 1, 'admin', '研发部门', '/system/user/changeStatus', '127.0.0.1', '内网IP', '{\"admin\":false,\"params\":{},\"status\":\"1\",\"updateBy\":\"admin\",\"userId\":2}', '{\"msg\":\"操作成功\",\"code\":200}', 0, NULL, '2024-04-19 10:34:40', 5);
INSERT INTO `sys_oper_log` VALUES (103, '用户管理', 2, 'com.ruoyi.web.controller.system.SysUserController.changeStatus()', 'PUT', 1, 'admin', '研发部门', '/system/user/changeStatus', '127.0.0.1', '内网IP', '{\"admin\":false,\"params\":{},\"status\":\"0\",\"updateBy\":\"admin\",\"userId\":2}', '{\"msg\":\"操作成功\",\"code\":200}', 0, NULL, '2024-04-19 10:34:42', 13);
INSERT INTO `sys_oper_log` VALUES (104, '角色管理', 2, 'com.ruoyi.web.controller.system.SysRoleController.edit()', 'PUT', 1, 'admin', '研发部门', '/system/role', '127.0.0.1', '内网IP', '{\"admin\":false,\"createTime\":\"2024-04-18 20:27:37\",\"dataScope\":\"2\",\"delFlag\":\"0\",\"deptCheckStrictly\":true,\"flag\":false,\"menuCheckStrictly\":true,\"menuIds\":[1,100,1000,1001,1002,1003,1004,1005,1006,101,1007,1008,1009,1010,1011,102,1012,1013,1014,1015,103,1016,1017,1018,1019,104,1020,1021,1022,1023,1024,105,1025,1026,1027,1028,1029,106,1030,1031,1032,1033,1034,107,1035,1036,1037,1038,108,500,1039,1040,1041,501,1042,1043,1044,1045,2,109,1046,1047,1048,110,1049,1050,1051,1052,1053,1054,111,112,113,114,3,115,116,1055,1056,1057,1058,1059,1060,117,4],\"params\":{},\"remark\":\"普通角色\",\"roleId\":2,\"roleKey\":\"common\",\"roleName\":\"老师\",\"roleSort\":2,\"status\":\"0\",\"updateBy\":\"admin\"}', '{\"msg\":\"操作成功\",\"code\":200}', 0, NULL, '2024-04-19 10:35:34', 31);
INSERT INTO `sys_oper_log` VALUES (105, '角色管理', 1, 'com.ruoyi.web.controller.system.SysRoleController.add()', 'POST', 1, 'admin', '研发部门', '/system/role', '127.0.0.1', '内网IP', '{\"admin\":false,\"createBy\":\"admin\",\"deptCheckStrictly\":true,\"deptIds\":[],\"flag\":false,\"menuCheckStrictly\":true,\"menuIds\":[1,100,1000,1001,1002,1003,1004,1005,1006,101,1007,1008,1009,1010,1011,102,1012,1013,1014,1015,103,1016,1017,1018,1019,104,1020,1021,1022,1023,1024,105,1025,1026,1027,1028,1029,106,1030,1031,1032,1033,1034,107,1035,1036,1037,1038,108,500,1039,1040,1041,501,1042,1043,1044,1045,2,109,1046,1047,1048,110,1049,1050,1051,1052,1053,1054,111,112,113,114,3,115,116,1055,1056,1057,1058,1059,1060,117],\"params\":{},\"roleId\":100,\"roleKey\":\"111\",\"roleName\":\"一级学科秘书\",\"roleSort\":2,\"status\":\"0\"}', '{\"msg\":\"操作成功\",\"code\":200}', 0, NULL, '2024-04-19 10:35:54', 30);
INSERT INTO `sys_oper_log` VALUES (106, '角色管理', 2, 'com.ruoyi.web.controller.system.SysRoleController.edit()', 'PUT', 1, 'admin', '研发部门', '/system/role', '127.0.0.1', '内网IP', '{\"admin\":false,\"createTime\":\"2024-04-19 10:35:54\",\"dataScope\":\"1\",\"delFlag\":\"0\",\"deptCheckStrictly\":true,\"flag\":false,\"menuCheckStrictly\":true,\"menuIds\":[1,100,1000,1001,1002,1003,1004,1005,1006,101,1007,1008,1009,1010,1011,102,1012,1013,1014,1015,103,1016,1017,1018,1019,104,1020,1021,1022,1023,1024,105,1025,1026,1027,1028,1029,106,1030,1031,1032,1033,1034,107,1035,1036,1037,1038,108,500,1039,1040,1041,501,1042,1043,1044,1045,2,109,1046,1047,1048,110,1049,1050,1051,1052,1053,1054,111,112,113,114,3,115,116,1055,1056,1057,1058,1059,1060,117],\"params\":{},\"roleId\":100,\"roleKey\":\"3\",\"roleName\":\"一级学科秘书\",\"roleSort\":2,\"status\":\"0\",\"updateBy\":\"admin\"}', '{\"msg\":\"操作成功\",\"code\":200}', 0, NULL, '2024-04-19 10:36:01', 21);
INSERT INTO `sys_oper_log` VALUES (107, '角色管理', 1, 'com.ruoyi.web.controller.system.SysRoleController.add()', 'POST', 1, 'admin', '研发部门', '/system/role', '127.0.0.1', '内网IP', '{\"admin\":false,\"createBy\":\"admin\",\"deptCheckStrictly\":true,\"deptIds\":[],\"flag\":false,\"menuCheckStrictly\":true,\"menuIds\":[],\"params\":{},\"roleId\":101,\"roleKey\":\"4\",\"roleName\":\"二级学科秘书\",\"roleSort\":3,\"status\":\"0\"}', '{\"msg\":\"操作成功\",\"code\":200}', 0, NULL, '2024-04-19 10:36:17', 17);
INSERT INTO `sys_oper_log` VALUES (108, '角色管理', 2, 'com.ruoyi.web.controller.system.SysRoleController.edit()', 'PUT', 1, 'admin', '研发部门', '/system/role', '127.0.0.1', '内网IP', '{\"admin\":false,\"createTime\":\"2024-04-19 10:35:54\",\"dataScope\":\"1\",\"delFlag\":\"0\",\"deptCheckStrictly\":true,\"flag\":false,\"menuCheckStrictly\":true,\"menuIds\":[1,100,1000,1001,1002,1003,1004,1005,1006,101,1007,1008,1009,1010,1011,102,1012,1013,1014,1015,103,1016,1017,1018,1019,104,1020,1021,1022,1023,1024,105,1025,1026,1027,1028,1029,106,1030,1031,1032,1033,1034,107,1035,1036,1037,1038,108,500,1039,1040,1041,501,1042,1043,1044,1045,2,109,1046,1047,1048,110,1049,1050,1051,1052,1053,1054,111,112,113,114,3,115,116,1055,1056,1057,1058,1059,1060,117],\"params\":{},\"roleId\":100,\"roleKey\":\"3\",\"roleName\":\"一级学科秘书\",\"roleSort\":3,\"status\":\"0\",\"updateBy\":\"admin\"}', '{\"msg\":\"操作成功\",\"code\":200}', 0, NULL, '2024-04-19 10:36:26', 16);
INSERT INTO `sys_oper_log` VALUES (109, '用户头像', 2, 'com.ruoyi.web.controller.system.SysProfileController.avatar()', 'POST', 1, 'admin', '研发部门', '/system/user/profile/avatar', '127.0.0.1', '内网IP', '', '{\"msg\":\"操作成功\",\"imgUrl\":\"/profile/avatar/2024/04/19/报名照片_20240419103658A001.jpg\",\"code\":200}', 0, NULL, '2024-04-19 10:36:58', 52);
INSERT INTO `sys_oper_log` VALUES (110, '个人信息', 2, 'com.ruoyi.web.controller.system.SysProfileController.updateProfile()', 'PUT', 1, 'admin', '研发部门', '/system/user/profile', '127.0.0.1', '内网IP', '{\"admin\":false,\"email\":\"yp20200924j@126.com\",\"nickName\":\"袁畔\",\"params\":{},\"phonenumber\":\"13571653612\",\"sex\":\"0\"}', '{\"msg\":\"修改用户\'admin\'失败，手机号码已存在\",\"code\":500}', 0, NULL, '2024-04-19 10:37:17', 2);
INSERT INTO `sys_oper_log` VALUES (111, '个人信息', 2, 'com.ruoyi.web.controller.system.SysProfileController.updateProfile()', 'PUT', 1, 'admin', '研发部门', '/system/user/profile', '127.0.0.1', '内网IP', '{\"admin\":false,\"email\":\"yp20200924j@126.com\",\"nickName\":\"袁畔\",\"params\":{},\"phonenumber\":\"13571653612\",\"sex\":\"0\"}', '{\"msg\":\"修改用户\'admin\'失败，手机号码已存在\",\"code\":500}', 0, NULL, '2024-04-19 10:37:22', 2);
INSERT INTO `sys_oper_log` VALUES (112, '个人信息', 2, 'com.ruoyi.web.controller.system.SysProfileController.updateProfile()', 'PUT', 1, 'admin', '研发部门', '/system/user/profile', '127.0.0.1', '内网IP', '{\"admin\":false,\"email\":\"yp20200924j@126.com\",\"nickName\":\"袁畔\",\"params\":{},\"phonenumber\":\"13571654533\",\"sex\":\"0\"}', '{\"msg\":\"操作成功\",\"code\":200}', 0, NULL, '2024-04-19 10:37:35', 14);
INSERT INTO `sys_oper_log` VALUES (113, '个人信息', 2, 'com.ruoyi.web.controller.system.SysProfileController.updateProfile()', 'PUT', 1, 'admin', '研发部门', '/system/user/profile', '127.0.0.1', '内网IP', '{\"admin\":false,\"email\":\"yp20200924j@126.com\",\"nickName\":\"袁畔\",\"params\":{},\"phonenumber\":\"13571654533\",\"sex\":\"0\"}', '{\"msg\":\"操作成功\",\"code\":200}', 0, NULL, '2024-04-19 10:37:47', 15);
INSERT INTO `sys_oper_log` VALUES (114, '岗位管理', 2, 'com.ruoyi.web.controller.system.SysPostController.edit()', 'PUT', 1, 'admin', '研发部门', '/system/post', '127.0.0.1', '内网IP', '{\"createBy\":\"admin\",\"createTime\":\"2024-04-18 20:27:37\",\"flag\":false,\"params\":{},\"postCode\":\"1\",\"postId\":1,\"postName\":\"一级学科教学秘书\",\"postSort\":1,\"remark\":\"\",\"status\":\"0\",\"updateBy\":\"admin\"}', '{\"msg\":\"操作成功\",\"code\":200}', 0, NULL, '2024-04-19 11:01:32', 10);
INSERT INTO `sys_oper_log` VALUES (115, '岗位管理', 2, 'com.ruoyi.web.controller.system.SysPostController.edit()', 'PUT', 1, 'admin', '研发部门', '/system/post', '127.0.0.1', '内网IP', '{\"createBy\":\"admin\",\"createTime\":\"2024-04-18 20:27:37\",\"flag\":false,\"params\":{},\"postCode\":\"2\",\"postId\":2,\"postName\":\"二级学科教学秘书\",\"postSort\":2,\"remark\":\"\",\"status\":\"0\",\"updateBy\":\"admin\"}', '{\"msg\":\"操作成功\",\"code\":200}', 0, NULL, '2024-04-19 11:01:42', 8);
INSERT INTO `sys_oper_log` VALUES (116, '岗位管理', 2, 'com.ruoyi.web.controller.system.SysPostController.edit()', 'PUT', 1, 'admin', '研发部门', '/system/post', '127.0.0.1', '内网IP', '{\"createBy\":\"admin\",\"createTime\":\"2024-04-18 20:27:37\",\"flag\":false,\"params\":{},\"postCode\":\"3\",\"postId\":3,\"postName\":\"老师\",\"postSort\":3,\"remark\":\"\",\"status\":\"0\",\"updateBy\":\"admin\"}', '{\"msg\":\"操作成功\",\"code\":200}', 0, NULL, '2024-04-19 11:01:57', 7);
INSERT INTO `sys_oper_log` VALUES (117, '岗位管理', 2, 'com.ruoyi.web.controller.system.SysPostController.edit()', 'PUT', 1, 'admin', '研发部门', '/system/post', '127.0.0.1', '内网IP', '{\"createBy\":\"admin\",\"createTime\":\"2024-04-18 20:27:37\",\"flag\":false,\"params\":{},\"postCode\":\"user\",\"postId\":4,\"postName\":\"测试员\",\"postSort\":4,\"remark\":\"\",\"status\":\"0\",\"updateBy\":\"admin\"}', '{\"msg\":\"操作成功\",\"code\":200}', 0, NULL, '2024-04-19 11:02:12', 24);
INSERT INTO `sys_oper_log` VALUES (118, '代码生成', 6, 'com.ruoyi.generator.controller.GenController.importTableSave()', 'POST', 1, 'admin', '研发部门', '/tool/gen/importTable', '127.0.0.1', '内网IP', '{\"tables\":\"kpi_type\"}', '{\"msg\":\"操作成功\",\"code\":200}', 0, NULL, '2024-04-21 14:40:17', 94);
INSERT INTO `sys_oper_log` VALUES (119, '代码生成', 3, 'com.ruoyi.generator.controller.GenController.remove()', 'DELETE', 1, 'admin', '研发部门', '/tool/gen/1', '127.0.0.1', '内网IP', '{}', '{\"msg\":\"操作成功\",\"code\":200}', 0, NULL, '2024-04-21 14:40:22', 46);
INSERT INTO `sys_oper_log` VALUES (120, '代码生成', 6, 'com.ruoyi.generator.controller.GenController.importTableSave()', 'POST', 1, 'admin', '研发部门', '/tool/gen/importTable', '127.0.0.1', '内网IP', '{\"tables\":\"kpi_type\"}', '{\"msg\":\"操作成功\",\"code\":200}', 0, NULL, '2024-04-21 14:41:30', 156);
INSERT INTO `sys_oper_log` VALUES (121, '角色管理', 2, 'com.ruoyi.web.controller.system.SysRoleController.edit()', 'PUT', 1, 'admin', '研发部门', '/system/role', '127.0.0.1', '内网IP', '{\"admin\":false,\"createTime\":\"2024-04-18 20:27:37\",\"dataScope\":\"2\",\"delFlag\":\"0\",\"deptCheckStrictly\":true,\"flag\":false,\"menuCheckStrictly\":true,\"menuIds\":[1,100,1000,1001,1002,1003,1004,1005,1006,101,1007,1008,1009,1010,1011,102,1012,1013,1014,1015,103,1016,1017,1018,1019,104,1020,1021,1022,1023,1024,105,1025,1026,1027,1028,1029,106,1030,1031,1032,1033,1034,107,1035,1036,1037,1038,108,500,1039,1040,1041,501,1042,1043,1044,1045,2,109,1046,1047,1048,110,1049,1050,1051,1052,1053,1054,111,112,113,114,3,115,116,1055,1056,1057,1058,1059,1060,117],\"params\":{},\"remark\":\"普通角色\",\"roleId\":2,\"roleKey\":\"common\",\"roleName\":\"老师\",\"roleSort\":2,\"status\":\"0\",\"updateBy\":\"admin\"}', '{\"msg\":\"操作成功\",\"code\":200}', 0, NULL, '2024-04-21 15:10:13', 40);
INSERT INTO `sys_oper_log` VALUES (122, '菜单管理', 3, 'com.ruoyi.web.controller.system.SysMenuController.remove()', 'DELETE', 1, 'admin', '研发部门', '/system/menu/4', '127.0.0.1', '内网IP', '{}', '{\"msg\":\"操作成功\",\"code\":200}', 0, NULL, '2024-04-21 15:10:43', 18);
INSERT INTO `sys_oper_log` VALUES (123, '菜单管理', 1, 'com.ruoyi.web.controller.system.SysMenuController.add()', 'POST', 1, 'admin', '研发部门', '/system/menu', '127.0.0.1', '内网IP', '{\"children\":[],\"createBy\":\"admin\",\"icon\":\"component\",\"isCache\":\"0\",\"isFrame\":\"1\",\"menuName\":\"kpi分类管理\",\"menuType\":\"M\",\"orderNum\":2,\"params\":{},\"parentId\":0,\"path\":\"type\",\"status\":\"0\",\"visible\":\"0\"}', '{\"msg\":\"操作成功\",\"code\":200}', 0, NULL, '2024-04-21 15:12:16', 22);
INSERT INTO `sys_oper_log` VALUES (124, '菜单管理', 2, 'com.ruoyi.web.controller.system.SysMenuController.edit()', 'PUT', 1, 'admin', '研发部门', '/system/menu', '127.0.0.1', '内网IP', '{\"children\":[],\"createTime\":\"2024-04-18 20:27:37\",\"icon\":\"system\",\"isCache\":\"0\",\"isFrame\":\"1\",\"menuId\":1,\"menuName\":\"系统管理\",\"menuType\":\"M\",\"orderNum\":10,\"params\":{},\"parentId\":0,\"path\":\"system\",\"perms\":\"\",\"query\":\"\",\"status\":\"0\",\"updateBy\":\"admin\",\"visible\":\"0\"}', '{\"msg\":\"操作成功\",\"code\":200}', 0, NULL, '2024-04-21 15:12:23', 7);
INSERT INTO `sys_oper_log` VALUES (125, '菜单管理', 2, 'com.ruoyi.web.controller.system.SysMenuController.edit()', 'PUT', 1, 'admin', '研发部门', '/system/menu', '127.0.0.1', '内网IP', '{\"children\":[],\"createTime\":\"2024-04-18 20:27:37\",\"icon\":\"monitor\",\"isCache\":\"0\",\"isFrame\":\"1\",\"menuId\":2,\"menuName\":\"系统监控\",\"menuType\":\"M\",\"orderNum\":20,\"params\":{},\"parentId\":0,\"path\":\"monitor\",\"perms\":\"\",\"query\":\"\",\"status\":\"0\",\"updateBy\":\"admin\",\"visible\":\"0\"}', '{\"msg\":\"操作成功\",\"code\":200}', 0, NULL, '2024-04-21 15:12:27', 12);
INSERT INTO `sys_oper_log` VALUES (126, '菜单管理', 2, 'com.ruoyi.web.controller.system.SysMenuController.edit()', 'PUT', 1, 'admin', '研发部门', '/system/menu', '127.0.0.1', '内网IP', '{\"children\":[],\"createTime\":\"2024-04-18 20:27:37\",\"icon\":\"tool\",\"isCache\":\"0\",\"isFrame\":\"1\",\"menuId\":3,\"menuName\":\"系统工具\",\"menuType\":\"M\",\"orderNum\":30,\"params\":{},\"parentId\":0,\"path\":\"tool\",\"perms\":\"\",\"query\":\"\",\"status\":\"0\",\"updateBy\":\"admin\",\"visible\":\"0\"}', '{\"msg\":\"操作成功\",\"code\":200}', 0, NULL, '2024-04-21 15:12:33', 17);
INSERT INTO `sys_oper_log` VALUES (127, '代码生成', 2, 'com.ruoyi.generator.controller.GenController.editSave()', 'PUT', 1, 'admin', '研发部门', '/tool/gen', '127.0.0.1', '内网IP', '{\"businessName\":\"type\",\"className\":\"KpiType\",\"columns\":[{\"capJavaField\":\"TypeId\",\"columnComment\":\"kpi分类id\",\"columnId\":9,\"columnName\":\"type_id\",\"columnType\":\"bigint\",\"createBy\":\"admin\",\"createTime\":\"2024-04-21 14:41:30\",\"dictType\":\"\",\"edit\":false,\"htmlType\":\"input\",\"increment\":true,\"insert\":true,\"isIncrement\":\"1\",\"isInsert\":\"1\",\"isPk\":\"1\",\"isRequired\":\"0\",\"javaField\":\"typeId\",\"javaType\":\"Long\",\"list\":false,\"params\":{},\"pk\":true,\"query\":false,\"queryType\":\"EQ\",\"required\":false,\"sort\":1,\"superColumn\":false,\"tableId\":2,\"updateBy\":\"\",\"usableColumn\":false},{\"capJavaField\":\"TypeName\",\"columnComment\":\"kpi分类名称\",\"columnId\":10,\"columnName\":\"type_name\",\"columnType\":\"varchar(255)\",\"createBy\":\"admin\",\"createTime\":\"2024-04-21 14:41:30\",\"dictType\":\"\",\"edit\":true,\"htmlType\":\"input\",\"increment\":false,\"insert\":true,\"isEdit\":\"1\",\"isIncrement\":\"0\",\"isInsert\":\"1\",\"isList\":\"1\",\"isPk\":\"0\",\"isQuery\":\"1\",\"isRequired\":\"1\",\"javaField\":\"typeName\",\"javaType\":\"String\",\"list\":true,\"params\":{},\"pk\":false,\"query\":true,\"queryType\":\"LIKE\",\"required\":true,\"sort\":2,\"superColumn\":false,\"tableId\":2,\"updateBy\":\"\",\"usableColumn\":false},{\"capJavaField\":\"TypeStatus\",\"columnComment\":\"kpi分类状态（0正常 1停用）\",\"columnId\":11,\"columnName\":\"type_status\",\"columnType\":\"varchar(255)\",\"createBy\":\"admin\",\"createTime\":\"2024-04-21 14:41:30\",\"dictType\":\"sys_normal_disable\",\"edit\":true,\"htmlType\":\"radio\",\"increment\":false,\"insert\":true,\"isEdit\":\"1\",\"isIncrement\":\"0\",\"isInsert\":\"1\",\"isList\":\"1\",\"isPk\":\"0\",\"isQuery\":\"1\",\"isRequired\":\"1\",\"javaField\":\"typeStatus\",\"javaType\":\"String\",\"list\":true,\"params\":{},\"pk\":false,\"query\":true,\"queryType\":\"EQ\",\"required\":true,\"sort\":3,\"superColumn\":false,\"tableId\":2,\"updateBy\":\"\",\"usableColumn\":false},{\"capJavaField\":\"CreateBy\",\"columnComment\":\"创建者\",\"columnId\":12,\"columnName\":\"create_by\",\"columnType\":\"varchar(64)\",\"createBy\":\"admin\",\"createTime\":\"2024-04-21 14:41:30\",\"dictType\":\"\",\"edit\":false,\"htmlType\":\"input\",\"increment\":false,\"insert\":true,\"isIncrement\":\"0\",\"isInsert\":\"1\",\"isPk\":\"0\",\"isRequired\"', '{\"msg\":\"操作成功\",\"code\":200}', 0, NULL, '2024-04-21 15:14:06', 47);
INSERT INTO `sys_oper_log` VALUES (128, '代码生成', 2, 'com.ruoyi.generator.controller.GenController.editSave()', 'PUT', 1, 'admin', '研发部门', '/tool/gen', '127.0.0.1', '内网IP', '{\"businessName\":\"type\",\"className\":\"KpiType\",\"columns\":[{\"capJavaField\":\"TypeId\",\"columnComment\":\"kpi分类id\",\"columnId\":9,\"columnName\":\"type_id\",\"columnType\":\"bigint\",\"createBy\":\"admin\",\"createTime\":\"2024-04-21 14:41:30\",\"dictType\":\"\",\"edit\":false,\"htmlType\":\"input\",\"increment\":true,\"insert\":true,\"isIncrement\":\"1\",\"isInsert\":\"1\",\"isPk\":\"1\",\"isRequired\":\"0\",\"javaField\":\"typeId\",\"javaType\":\"Long\",\"list\":false,\"params\":{},\"pk\":true,\"query\":false,\"queryType\":\"EQ\",\"required\":false,\"sort\":1,\"superColumn\":false,\"tableId\":2,\"updateBy\":\"\",\"updateTime\":\"2024-04-21 15:14:06\",\"usableColumn\":false},{\"capJavaField\":\"TypeName\",\"columnComment\":\"kpi分类名称\",\"columnId\":10,\"columnName\":\"type_name\",\"columnType\":\"varchar(255)\",\"createBy\":\"admin\",\"createTime\":\"2024-04-21 14:41:30\",\"dictType\":\"\",\"edit\":true,\"htmlType\":\"input\",\"increment\":false,\"insert\":true,\"isEdit\":\"1\",\"isIncrement\":\"0\",\"isInsert\":\"1\",\"isList\":\"1\",\"isPk\":\"0\",\"isQuery\":\"1\",\"isRequired\":\"1\",\"javaField\":\"typeName\",\"javaType\":\"String\",\"list\":true,\"params\":{},\"pk\":false,\"query\":true,\"queryType\":\"LIKE\",\"required\":true,\"sort\":2,\"superColumn\":false,\"tableId\":2,\"updateBy\":\"\",\"updateTime\":\"2024-04-21 15:14:06\",\"usableColumn\":false},{\"capJavaField\":\"TypeStatus\",\"columnComment\":\"kpi分类状态（0正常 1停用）\",\"columnId\":11,\"columnName\":\"type_status\",\"columnType\":\"varchar(255)\",\"createBy\":\"admin\",\"createTime\":\"2024-04-21 14:41:30\",\"dictType\":\"sys_normal_disable\",\"edit\":true,\"htmlType\":\"radio\",\"increment\":false,\"insert\":true,\"isEdit\":\"1\",\"isIncrement\":\"0\",\"isInsert\":\"1\",\"isList\":\"1\",\"isPk\":\"0\",\"isQuery\":\"1\",\"isRequired\":\"1\",\"javaField\":\"typeStatus\",\"javaType\":\"String\",\"list\":true,\"params\":{},\"pk\":false,\"query\":true,\"queryType\":\"EQ\",\"required\":true,\"sort\":3,\"superColumn\":false,\"tableId\":2,\"updateBy\":\"\",\"updateTime\":\"2024-04-21 15:14:06\",\"usableColumn\":false},{\"capJavaField\":\"CreateBy\",\"columnComment\":\"创建者\",\"columnId\":12,\"columnName\":\"create_by\",\"columnType\":\"varchar(64)\",\"createBy\":\"admin\",\"createTime\":\"2024-04-21 14:41:30\",\"dictType\":\"\",\"edit\":false,\"h', '{\"msg\":\"操作成功\",\"code\":200}', 0, NULL, '2024-04-21 15:15:51', 31);
INSERT INTO `sys_oper_log` VALUES (129, '代码生成', 8, 'com.ruoyi.generator.controller.GenController.batchGenCode()', 'GET', 1, 'admin', '研发部门', '/tool/gen/batchGenCode', '127.0.0.1', '内网IP', '{\"tables\":\"kpi_type\"}', NULL, 0, NULL, '2024-04-21 15:15:53', 58);
INSERT INTO `sys_oper_log` VALUES (130, 'kpi分类', 1, 'com.ruoyi.web.controller.kpi.KpiTypeController.add()', 'POST', 1, 'admin', '研发部门', '/kpi/type', '127.0.0.1', '内网IP', '{\"createTime\":\"2024-04-21 15:19:54\",\"params\":{},\"remark\":\"1\",\"typeId\":1,\"typeName\":\"1\",\"typeStatus\":\"0\"}', '{\"msg\":\"操作成功\",\"code\":200}', 0, NULL, '2024-04-21 15:19:54', 31);
INSERT INTO `sys_oper_log` VALUES (131, 'kpi分类', 3, 'com.ruoyi.web.controller.kpi.KpiTypeController.remove()', 'DELETE', 1, 'admin', '研发部门', '/kpi/type/1', '127.0.0.1', '内网IP', '{}', '{\"msg\":\"操作成功\",\"code\":200}', 0, NULL, '2024-04-21 15:19:57', 20);
INSERT INTO `sys_oper_log` VALUES (132, 'kpi分类', 1, 'com.ruoyi.web.controller.kpi.KpiTypeController.add()', 'POST', 1, 'admin', '研发部门', '/kpi/type', '127.0.0.1', '内网IP', '{\"createTime\":\"2024-04-21 15:22:19\",\"params\":{},\"typeId\":2,\"typeName\":\"非教学 类科研 论文\",\"typeStatus\":\"0\"}', '{\"msg\":\"操作成功\",\"code\":200}', 0, NULL, '2024-04-21 15:22:19', 25);
INSERT INTO `sys_oper_log` VALUES (133, 'kpi分类', 1, 'com.ruoyi.web.controller.kpi.KpiTypeController.add()', 'POST', 1, 'admin', '研发部门', '/kpi/type', '127.0.0.1', '内网IP', '{\"createTime\":\"2024-04-21 15:22:33\",\"params\":{},\"typeId\":3,\"typeName\":\"纵向项目\",\"typeStatus\":\"0\"}', '{\"msg\":\"操作成功\",\"code\":200}', 0, NULL, '2024-04-21 15:22:33', 18);
INSERT INTO `sys_oper_log` VALUES (134, '代码生成', 6, 'com.ruoyi.generator.controller.GenController.importTableSave()', 'POST', 1, 'admin', '研发部门', '/tool/gen/importTable', '127.0.0.1', '内网IP', '{\"tables\":\"kpi_magnitude\"}', '{\"msg\":\"操作成功\",\"code\":200}', 0, NULL, '2024-04-21 15:38:32', 96);
INSERT INTO `sys_oper_log` VALUES (135, '代码生成', 2, 'com.ruoyi.generator.controller.GenController.editSave()', 'PUT', 1, 'admin', '研发部门', '/tool/gen', '127.0.0.1', '内网IP', '{\"businessName\":\"magnitude\",\"className\":\"KpiMagnitude\",\"columns\":[{\"capJavaField\":\"MagnitudeId\",\"columnComment\":\"量值id\",\"columnId\":17,\"columnName\":\"magnitude_id\",\"columnType\":\"bigint\",\"createBy\":\"admin\",\"createTime\":\"2024-04-21 15:38:32\",\"dictType\":\"\",\"edit\":false,\"htmlType\":\"input\",\"increment\":true,\"insert\":true,\"isIncrement\":\"1\",\"isInsert\":\"1\",\"isPk\":\"1\",\"isRequired\":\"0\",\"javaField\":\"magnitudeId\",\"javaType\":\"Long\",\"list\":false,\"params\":{},\"pk\":true,\"query\":false,\"queryType\":\"EQ\",\"required\":false,\"sort\":1,\"superColumn\":false,\"tableId\":3,\"updateBy\":\"\",\"usableColumn\":false},{\"capJavaField\":\"TypeId\",\"columnComment\":\"分类id\",\"columnId\":18,\"columnName\":\"type_id\",\"columnType\":\"bigint\",\"createBy\":\"admin\",\"createTime\":\"2024-04-21 15:38:32\",\"dictType\":\"\",\"edit\":true,\"htmlType\":\"select\",\"increment\":false,\"insert\":true,\"isEdit\":\"1\",\"isIncrement\":\"0\",\"isInsert\":\"1\",\"isList\":\"1\",\"isPk\":\"0\",\"isQuery\":\"1\",\"isRequired\":\"0\",\"javaField\":\"typeId\",\"javaType\":\"Long\",\"list\":true,\"params\":{},\"pk\":false,\"query\":true,\"queryType\":\"EQ\",\"required\":false,\"sort\":2,\"superColumn\":false,\"tableId\":3,\"updateBy\":\"\",\"usableColumn\":false},{\"capJavaField\":\"BasicScore\",\"columnComment\":\"基础KPI分数\",\"columnId\":19,\"columnName\":\"basic_score\",\"columnType\":\"int\",\"createBy\":\"admin\",\"createTime\":\"2024-04-21 15:38:32\",\"dictType\":\"\",\"edit\":true,\"htmlType\":\"input\",\"increment\":false,\"insert\":true,\"isEdit\":\"1\",\"isIncrement\":\"0\",\"isInsert\":\"1\",\"isList\":\"1\",\"isPk\":\"0\",\"isQuery\":\"1\",\"isRequired\":\"0\",\"javaField\":\"basicScore\",\"javaType\":\"Long\",\"list\":true,\"params\":{},\"pk\":false,\"query\":true,\"queryType\":\"EQ\",\"required\":false,\"sort\":3,\"superColumn\":false,\"tableId\":3,\"updateBy\":\"\",\"usableColumn\":false},{\"capJavaField\":\"ExtroScore\",\"columnComment\":\"额外KPI分数（万元/分）\",\"columnId\":20,\"columnName\":\"extro_score\",\"columnType\":\"int\",\"createBy\":\"admin\",\"createTime\":\"2024-04-21 15:38:32\",\"dictType\":\"\",\"edit\":true,\"htmlType\":\"input\",\"increment\":false,\"insert\":true,\"isEdit\":\"1\",\"isIncrement\":\"0\",\"isInsert\":\"1\",\"isList\":\"1\",\"isPk\":\"0\",\"isQuery\":\"1', '{\"msg\":\"操作成功\",\"code\":200}', 0, NULL, '2024-04-21 15:44:08', 49);
INSERT INTO `sys_oper_log` VALUES (136, '代码生成', 2, 'com.ruoyi.generator.controller.GenController.synchDb()', 'GET', 1, 'admin', '研发部门', '/tool/gen/synchDb/kpi_magnitude', '127.0.0.1', '内网IP', '{}', '{\"msg\":\"操作成功\",\"code\":200}', 0, NULL, '2024-04-21 15:44:14', 48);
INSERT INTO `sys_oper_log` VALUES (137, '代码生成', 2, 'com.ruoyi.generator.controller.GenController.editSave()', 'PUT', 1, 'admin', '研发部门', '/tool/gen', '127.0.0.1', '内网IP', '{\"businessName\":\"magnitude\",\"className\":\"KpiMagnitude\",\"columns\":[{\"capJavaField\":\"MagnitudeId\",\"columnComment\":\"量值id\",\"columnId\":17,\"columnName\":\"magnitude_id\",\"columnType\":\"bigint\",\"createBy\":\"admin\",\"createTime\":\"2024-04-21 15:38:32\",\"dictType\":\"\",\"edit\":false,\"htmlType\":\"input\",\"increment\":true,\"insert\":true,\"isIncrement\":\"1\",\"isInsert\":\"1\",\"isPk\":\"1\",\"isRequired\":\"0\",\"javaField\":\"magnitudeId\",\"javaType\":\"Long\",\"list\":false,\"params\":{},\"pk\":true,\"query\":false,\"queryType\":\"EQ\",\"required\":false,\"sort\":1,\"superColumn\":false,\"tableId\":3,\"updateBy\":\"\",\"updateTime\":\"2024-04-21 15:44:14\",\"usableColumn\":false},{\"capJavaField\":\"MagnitudeName\",\"columnComment\":\"量值名称\",\"columnId\":26,\"columnName\":\"magnitude_name\",\"columnType\":\"varchar(255)\",\"createBy\":\"\",\"createTime\":\"2024-04-21 15:44:14\",\"dictType\":\"\",\"edit\":true,\"htmlType\":\"input\",\"increment\":false,\"insert\":true,\"isEdit\":\"1\",\"isIncrement\":\"0\",\"isInsert\":\"1\",\"isList\":\"1\",\"isPk\":\"0\",\"isQuery\":\"1\",\"isRequired\":\"1\",\"javaField\":\"magnitudeName\",\"javaType\":\"String\",\"list\":true,\"params\":{},\"pk\":false,\"query\":true,\"queryType\":\"LIKE\",\"required\":true,\"sort\":2,\"superColumn\":false,\"tableId\":3,\"updateBy\":\"\",\"usableColumn\":false},{\"capJavaField\":\"TypeId\",\"columnComment\":\"分类id\",\"columnId\":18,\"columnName\":\"type_id\",\"columnType\":\"bigint\",\"createBy\":\"admin\",\"createTime\":\"2024-04-21 15:38:32\",\"dictType\":\"\",\"edit\":true,\"htmlType\":\"select\",\"increment\":false,\"insert\":true,\"isEdit\":\"1\",\"isIncrement\":\"0\",\"isInsert\":\"1\",\"isList\":\"1\",\"isPk\":\"0\",\"isQuery\":\"1\",\"isRequired\":\"1\",\"javaField\":\"typeId\",\"javaType\":\"Long\",\"list\":true,\"params\":{},\"pk\":false,\"query\":true,\"queryType\":\"EQ\",\"required\":true,\"sort\":3,\"superColumn\":false,\"tableId\":3,\"updateBy\":\"\",\"updateTime\":\"2024-04-21 15:44:14\",\"usableColumn\":false},{\"capJavaField\":\"BasicScore\",\"columnComment\":\"基础KPI分数\",\"columnId\":19,\"columnName\":\"basic_score\",\"columnType\":\"int\",\"createBy\":\"admin\",\"createTime\":\"2024-04-21 15:38:32\",\"dictType\":\"\",\"edit\":true,\"htmlType\":\"input\",\"increment\":false,\"insert\":true,\"isEdi', '{\"msg\":\"操作成功\",\"code\":200}', 0, NULL, '2024-04-21 15:46:46', 35);
INSERT INTO `sys_oper_log` VALUES (138, '代码生成', 8, 'com.ruoyi.generator.controller.GenController.batchGenCode()', 'GET', 1, 'admin', '研发部门', '/tool/gen/batchGenCode', '127.0.0.1', '内网IP', '{\"tables\":\"kpi_magnitude\"}', NULL, 0, NULL, '2024-04-21 15:46:59', 52);
INSERT INTO `sys_oper_log` VALUES (139, '代码生成', 2, 'com.ruoyi.generator.controller.GenController.editSave()', 'PUT', 1, 'admin', '研发部门', '/tool/gen', '127.0.0.1', '内网IP', '{\"businessName\":\"magnitude\",\"className\":\"KpiMagnitude\",\"columns\":[{\"capJavaField\":\"MagnitudeId\",\"columnComment\":\"量值id\",\"columnId\":17,\"columnName\":\"magnitude_id\",\"columnType\":\"bigint\",\"createBy\":\"admin\",\"createTime\":\"2024-04-21 15:38:32\",\"dictType\":\"\",\"edit\":false,\"htmlType\":\"input\",\"increment\":true,\"insert\":true,\"isIncrement\":\"1\",\"isInsert\":\"1\",\"isPk\":\"1\",\"isRequired\":\"0\",\"javaField\":\"magnitudeId\",\"javaType\":\"Long\",\"list\":false,\"params\":{},\"pk\":true,\"query\":false,\"queryType\":\"EQ\",\"required\":false,\"sort\":1,\"superColumn\":false,\"tableId\":3,\"updateBy\":\"\",\"updateTime\":\"2024-04-21 15:46:46\",\"usableColumn\":false},{\"capJavaField\":\"MagnitudeName\",\"columnComment\":\"量值名称\",\"columnId\":26,\"columnName\":\"magnitude_name\",\"columnType\":\"varchar(255)\",\"createBy\":\"\",\"createTime\":\"2024-04-21 15:44:14\",\"dictType\":\"\",\"edit\":true,\"htmlType\":\"input\",\"increment\":false,\"insert\":true,\"isEdit\":\"1\",\"isIncrement\":\"0\",\"isInsert\":\"1\",\"isList\":\"1\",\"isPk\":\"0\",\"isQuery\":\"1\",\"isRequired\":\"1\",\"javaField\":\"magnitudeName\",\"javaType\":\"String\",\"list\":true,\"params\":{},\"pk\":false,\"query\":true,\"queryType\":\"LIKE\",\"required\":true,\"sort\":2,\"superColumn\":false,\"tableId\":3,\"updateBy\":\"\",\"updateTime\":\"2024-04-21 15:46:46\",\"usableColumn\":false},{\"capJavaField\":\"TypeId\",\"columnComment\":\"分类id\",\"columnId\":18,\"columnName\":\"type_id\",\"columnType\":\"bigint\",\"createBy\":\"admin\",\"createTime\":\"2024-04-21 15:38:32\",\"dictType\":\"\",\"edit\":true,\"htmlType\":\"input\",\"increment\":false,\"insert\":true,\"isEdit\":\"1\",\"isIncrement\":\"0\",\"isInsert\":\"1\",\"isList\":\"1\",\"isPk\":\"0\",\"isQuery\":\"1\",\"isRequired\":\"1\",\"javaField\":\"typeId\",\"javaType\":\"Long\",\"list\":true,\"params\":{},\"pk\":false,\"query\":true,\"queryType\":\"EQ\",\"required\":true,\"sort\":3,\"superColumn\":false,\"tableId\":3,\"updateBy\":\"\",\"updateTime\":\"2024-04-21 15:46:46\",\"usableColumn\":false},{\"capJavaField\":\"BasicScore\",\"columnComment\":\"基础KPI分数\",\"columnId\":19,\"columnName\":\"basic_score\",\"columnType\":\"int\",\"createBy\":\"admin\",\"createTime\":\"2024-04-21 15:38:32\",\"dictType\":\"\",\"edit\":true,\"htmlType\":\"input\",\"inc', '{\"msg\":\"操作成功\",\"code\":200}', 0, NULL, '2024-04-21 15:59:03', 65);
INSERT INTO `sys_oper_log` VALUES (140, 'kpi分类', 2, 'com.ruoyi.web.controller.kpi.KpiTypeController.edit()', 'PUT', 1, 'admin', '研发部门', '/kpi/type', '127.0.0.1', '内网IP', '{\"createBy\":\"\",\"createTime\":\"2024-04-21 15:22:20\",\"params\":{},\"typeId\":2,\"typeName\":\"非教学类科研论文\",\"typeStatus\":\"0\",\"updateBy\":\"\",\"updateTime\":\"2024-04-21 16:07:46\"}', '{\"msg\":\"操作成功\",\"code\":200}', 0, NULL, '2024-04-21 16:07:46', 15);
INSERT INTO `sys_oper_log` VALUES (141, 'KPI量值标准', 1, 'com.ruoyi.web.controller.kpi.KpiMagnitudeController.add()', 'POST', 1, 'admin', '研发部门', '/kpi/magnitude', '127.0.0.1', '内网IP', '{\"basicScore\":100,\"createTime\":\"2024-04-21 16:21:03\",\"magnitudeId\":1,\"magnitudeName\":\"中科院 1 分区 SCI 期刊论文\",\"params\":{},\"typeId\":2}', '{\"msg\":\"操作成功\",\"code\":200}', 0, NULL, '2024-04-21 16:21:04', 10);
INSERT INTO `sys_oper_log` VALUES (142, 'KPI量值标准', 2, 'com.ruoyi.web.controller.kpi.KpiMagnitudeController.edit()', 'PUT', 1, 'admin', '研发部门', '/kpi/magnitude', '127.0.0.1', '内网IP', '{\"basicScore\":100,\"createBy\":\"\",\"createTime\":\"2024-04-21 16:21:04\",\"magnitudeId\":1,\"magnitudeName\":\"中科院1分区SCI 期刊论文\",\"params\":{},\"typeId\":2,\"updateBy\":\"\",\"updateTime\":\"2024-04-21 18:55:15\"}', '{\"msg\":\"操作成功\",\"code\":200}', 0, NULL, '2024-04-21 18:55:15', 5);
INSERT INTO `sys_oper_log` VALUES (143, 'kpi分类', 5, 'com.ruoyi.web.controller.kpi.KpiTypeController.export()', 'POST', 1, 'admin', '研发部门', '/kpi/type/export', '127.0.0.1', '内网IP', '{\"pageSize\":\"10\",\"pageNum\":\"1\"}', NULL, 0, NULL, '2024-04-21 18:56:06', 493);
INSERT INTO `sys_oper_log` VALUES (144, 'kpi分类', 1, 'com.ruoyi.web.controller.kpi.KpiTypeController.add()', 'POST', 1, 'admin', '研发部门', '/kpi/type', '127.0.0.1', '内网IP', '{\"createTime\":\"2024-04-21 19:01:01\",\"params\":{},\"typeId\":4,\"typeName\":\"纵向项目\",\"typeStatus\":\"0\"}', '{\"msg\":\"操作成功\",\"code\":200}', 0, NULL, '2024-04-21 19:01:01', 13);
INSERT INTO `sys_oper_log` VALUES (145, 'kpi分类', 2, 'com.ruoyi.web.controller.kpi.KpiTypeController.edit()', 'PUT', 1, 'admin', '研发部门', '/kpi/type', '127.0.0.1', '内网IP', '{\"createBy\":\"\",\"createTime\":\"2024-04-21 19:01:01\",\"params\":{},\"typeId\":4,\"typeName\":\"横向项目\",\"typeStatus\":\"0\",\"updateBy\":\"\",\"updateTime\":\"2024-04-21 19:01:10\"}', '{\"msg\":\"操作成功\",\"code\":200}', 0, NULL, '2024-04-21 19:01:10', 12);
INSERT INTO `sys_oper_log` VALUES (146, '代码生成', 6, 'com.ruoyi.generator.controller.GenController.importTableSave()', 'POST', 1, 'admin', '研发部门', '/tool/gen/importTable', '127.0.0.1', '内网IP', '{\"tables\":\"kpi_teacher\"}', '{\"msg\":\"操作成功\",\"code\":200}', 0, NULL, '2024-04-21 19:32:26', 44);
INSERT INTO `sys_oper_log` VALUES (147, '代码生成', 8, 'com.ruoyi.generator.controller.GenController.batchGenCode()', 'GET', 1, 'admin', '研发部门', '/tool/gen/batchGenCode', '127.0.0.1', '内网IP', '{\"tables\":\"kpi_teacher\"}', NULL, 0, NULL, '2024-04-21 19:33:50', 35);
INSERT INTO `sys_oper_log` VALUES (148, '代码生成', 2, 'com.ruoyi.generator.controller.GenController.synchDb()', 'GET', 1, 'admin', '研发部门', '/tool/gen/synchDb/kpi_teacher', '127.0.0.1', '内网IP', '{}', '{\"msg\":\"操作成功\",\"code\":200}', 0, NULL, '2024-04-21 19:49:34', 58);
INSERT INTO `sys_oper_log` VALUES (149, '代码生成', 2, 'com.ruoyi.generator.controller.GenController.editSave()', 'PUT', 1, 'admin', '研发部门', '/tool/gen', '127.0.0.1', '内网IP', '{\"businessName\":\"teacher\",\"className\":\"KpiTeacher\",\"columns\":[{\"capJavaField\":\"TeacherId\",\"columnComment\":\"老师id\",\"columnId\":27,\"columnName\":\"teacher_id\",\"columnType\":\"bigint\",\"createBy\":\"admin\",\"createTime\":\"2024-04-21 19:32:26\",\"dictType\":\"\",\"edit\":true,\"htmlType\":\"input\",\"increment\":false,\"insert\":true,\"isEdit\":\"1\",\"isIncrement\":\"0\",\"isInsert\":\"1\",\"isList\":\"1\",\"isPk\":\"1\",\"isQuery\":\"1\",\"isRequired\":\"0\",\"javaField\":\"teacherId\",\"javaType\":\"Long\",\"list\":true,\"params\":{},\"pk\":true,\"query\":true,\"queryType\":\"EQ\",\"required\":false,\"sort\":1,\"superColumn\":false,\"tableId\":4,\"updateBy\":\"\",\"updateTime\":\"2024-04-21 19:49:34\",\"usableColumn\":false},{\"capJavaField\":\"TeacherName\",\"columnComment\":\"老师姓名\",\"columnId\":28,\"columnName\":\"teacher_name\",\"columnType\":\"varchar(0)\",\"createBy\":\"admin\",\"createTime\":\"2024-04-21 19:32:26\",\"dictType\":\"\",\"edit\":true,\"htmlType\":\"input\",\"increment\":false,\"insert\":true,\"isEdit\":\"1\",\"isIncrement\":\"0\",\"isInsert\":\"1\",\"isList\":\"1\",\"isPk\":\"0\",\"isQuery\":\"1\",\"isRequired\":\"0\",\"javaField\":\"teacherName\",\"javaType\":\"String\",\"list\":true,\"params\":{},\"pk\":false,\"query\":true,\"queryType\":\"LIKE\",\"required\":false,\"sort\":2,\"superColumn\":false,\"tableId\":4,\"updateBy\":\"\",\"updateTime\":\"2024-04-21 19:49:34\",\"usableColumn\":false},{\"capJavaField\":\"TeacherCareer\",\"columnComment\":\"老师职称\",\"columnId\":29,\"columnName\":\"teacher_career\",\"columnType\":\"varchar(0)\",\"createBy\":\"admin\",\"createTime\":\"2024-04-21 19:32:26\",\"dictType\":\"\",\"edit\":true,\"htmlType\":\"input\",\"increment\":false,\"insert\":true,\"isEdit\":\"1\",\"isIncrement\":\"0\",\"isInsert\":\"1\",\"isList\":\"1\",\"isPk\":\"0\",\"isQuery\":\"1\",\"isRequired\":\"0\",\"javaField\":\"teacherCareer\",\"javaType\":\"String\",\"list\":true,\"params\":{},\"pk\":false,\"query\":true,\"queryType\":\"EQ\",\"required\":false,\"sort\":3,\"superColumn\":false,\"tableId\":4,\"updateBy\":\"\",\"updateTime\":\"2024-04-21 19:49:34\",\"usableColumn\":false},{\"capJavaField\":\"TeacherDepartment\",\"columnComment\":\"老师所在系\",\"columnId\":30,\"columnName\":\"teacher_department\",\"columnType\":\"varchar(0)\",\"createBy\":\"admin\",\"createTime', '{\"msg\":\"操作成功\",\"code\":200}', 0, NULL, '2024-04-21 19:49:49', 46);
INSERT INTO `sys_oper_log` VALUES (150, '代码生成', 2, 'com.ruoyi.generator.controller.GenController.editSave()', 'PUT', 1, 'admin', '研发部门', '/tool/gen', '127.0.0.1', '内网IP', '{\"businessName\":\"teacher\",\"className\":\"KpiTeacher\",\"columns\":[{\"capJavaField\":\"TeacherId\",\"columnComment\":\"老师id\",\"columnId\":27,\"columnName\":\"teacher_id\",\"columnType\":\"bigint\",\"createBy\":\"admin\",\"createTime\":\"2024-04-21 19:32:26\",\"dictType\":\"\",\"edit\":true,\"htmlType\":\"input\",\"increment\":false,\"insert\":true,\"isEdit\":\"1\",\"isIncrement\":\"0\",\"isInsert\":\"1\",\"isList\":\"1\",\"isPk\":\"1\",\"isQuery\":\"1\",\"isRequired\":\"0\",\"javaField\":\"teacherId\",\"javaType\":\"Long\",\"list\":true,\"params\":{},\"pk\":true,\"query\":true,\"queryType\":\"EQ\",\"required\":false,\"sort\":1,\"superColumn\":false,\"tableId\":4,\"updateBy\":\"\",\"updateTime\":\"2024-04-21 19:49:49\",\"usableColumn\":false},{\"capJavaField\":\"TeacherName\",\"columnComment\":\"老师姓名\",\"columnId\":28,\"columnName\":\"teacher_name\",\"columnType\":\"varchar(0)\",\"createBy\":\"admin\",\"createTime\":\"2024-04-21 19:32:26\",\"dictType\":\"\",\"edit\":true,\"htmlType\":\"input\",\"increment\":false,\"insert\":true,\"isEdit\":\"1\",\"isIncrement\":\"0\",\"isInsert\":\"1\",\"isList\":\"1\",\"isPk\":\"0\",\"isQuery\":\"1\",\"isRequired\":\"0\",\"javaField\":\"teacherName\",\"javaType\":\"String\",\"list\":true,\"params\":{},\"pk\":false,\"query\":true,\"queryType\":\"LIKE\",\"required\":false,\"sort\":2,\"superColumn\":false,\"tableId\":4,\"updateBy\":\"\",\"updateTime\":\"2024-04-21 19:49:49\",\"usableColumn\":false},{\"capJavaField\":\"TeacherCareer\",\"columnComment\":\"老师职称\",\"columnId\":29,\"columnName\":\"teacher_career\",\"columnType\":\"varchar(0)\",\"createBy\":\"admin\",\"createTime\":\"2024-04-21 19:32:26\",\"dictType\":\"\",\"edit\":true,\"htmlType\":\"input\",\"increment\":false,\"insert\":true,\"isEdit\":\"1\",\"isIncrement\":\"0\",\"isInsert\":\"1\",\"isList\":\"1\",\"isPk\":\"0\",\"isQuery\":\"1\",\"isRequired\":\"0\",\"javaField\":\"teacherCareer\",\"javaType\":\"String\",\"list\":true,\"params\":{},\"pk\":false,\"query\":true,\"queryType\":\"EQ\",\"required\":false,\"sort\":3,\"superColumn\":false,\"tableId\":4,\"updateBy\":\"\",\"updateTime\":\"2024-04-21 19:49:49\",\"usableColumn\":false},{\"capJavaField\":\"TeacherDepartment\",\"columnComment\":\"老师所在系\",\"columnId\":30,\"columnName\":\"teacher_department\",\"columnType\":\"varchar(0)\",\"createBy\":\"admin\",\"createTime', '{\"msg\":\"操作成功\",\"code\":200}', 0, NULL, '2024-04-21 19:50:43', 26);
INSERT INTO `sys_oper_log` VALUES (151, '代码生成', 2, 'com.ruoyi.generator.controller.GenController.editSave()', 'PUT', 1, 'admin', '研发部门', '/tool/gen', '127.0.0.1', '内网IP', '{\"businessName\":\"teacher\",\"className\":\"KpiTeacher\",\"columns\":[{\"capJavaField\":\"TeacherId\",\"columnComment\":\"老师id\",\"columnId\":27,\"columnName\":\"teacher_id\",\"columnType\":\"bigint\",\"createBy\":\"admin\",\"createTime\":\"2024-04-21 19:32:26\",\"dictType\":\"\",\"edit\":true,\"htmlType\":\"input\",\"increment\":false,\"insert\":true,\"isEdit\":\"1\",\"isIncrement\":\"0\",\"isInsert\":\"1\",\"isList\":\"1\",\"isPk\":\"1\",\"isQuery\":\"1\",\"isRequired\":\"0\",\"javaField\":\"teacherId\",\"javaType\":\"Long\",\"list\":true,\"params\":{},\"pk\":true,\"query\":true,\"queryType\":\"EQ\",\"required\":false,\"sort\":1,\"superColumn\":false,\"tableId\":4,\"updateBy\":\"\",\"updateTime\":\"2024-04-21 19:50:43\",\"usableColumn\":false},{\"capJavaField\":\"TeacherName\",\"columnComment\":\"老师姓名\",\"columnId\":28,\"columnName\":\"teacher_name\",\"columnType\":\"varchar(0)\",\"createBy\":\"admin\",\"createTime\":\"2024-04-21 19:32:26\",\"dictType\":\"\",\"edit\":true,\"htmlType\":\"input\",\"increment\":false,\"insert\":true,\"isEdit\":\"1\",\"isIncrement\":\"0\",\"isInsert\":\"1\",\"isList\":\"1\",\"isPk\":\"0\",\"isQuery\":\"1\",\"isRequired\":\"0\",\"javaField\":\"teacherName\",\"javaType\":\"String\",\"list\":true,\"params\":{},\"pk\":false,\"query\":true,\"queryType\":\"LIKE\",\"required\":false,\"sort\":2,\"superColumn\":false,\"tableId\":4,\"updateBy\":\"\",\"updateTime\":\"2024-04-21 19:50:43\",\"usableColumn\":false},{\"capJavaField\":\"TeacherCareer\",\"columnComment\":\"老师职称\",\"columnId\":29,\"columnName\":\"teacher_career\",\"columnType\":\"varchar(0)\",\"createBy\":\"admin\",\"createTime\":\"2024-04-21 19:32:26\",\"dictType\":\"\",\"edit\":true,\"htmlType\":\"input\",\"increment\":false,\"insert\":true,\"isEdit\":\"1\",\"isIncrement\":\"0\",\"isInsert\":\"1\",\"isList\":\"1\",\"isPk\":\"0\",\"isQuery\":\"1\",\"isRequired\":\"0\",\"javaField\":\"teacherCareer\",\"javaType\":\"String\",\"list\":true,\"params\":{},\"pk\":false,\"query\":true,\"queryType\":\"EQ\",\"required\":false,\"sort\":3,\"superColumn\":false,\"tableId\":4,\"updateBy\":\"\",\"updateTime\":\"2024-04-21 19:50:43\",\"usableColumn\":false},{\"capJavaField\":\"TeacherDepartment\",\"columnComment\":\"老师所在系\",\"columnId\":30,\"columnName\":\"teacher_department\",\"columnType\":\"varchar(0)\",\"createBy\":\"admin\",\"createTime', '{\"msg\":\"操作成功\",\"code\":200}', 0, NULL, '2024-04-21 19:51:00', 31);
INSERT INTO `sys_oper_log` VALUES (152, '代码生成', 2, 'com.ruoyi.generator.controller.GenController.editSave()', 'PUT', 1, 'admin', '研发部门', '/tool/gen', '127.0.0.1', '内网IP', '{\"businessName\":\"teacher\",\"className\":\"KpiTeacher\",\"columns\":[{\"capJavaField\":\"TeacherId\",\"columnComment\":\"老师id\",\"columnId\":27,\"columnName\":\"teacher_id\",\"columnType\":\"bigint\",\"createBy\":\"admin\",\"createTime\":\"2024-04-21 19:32:26\",\"dictType\":\"\",\"edit\":true,\"htmlType\":\"input\",\"increment\":false,\"insert\":true,\"isEdit\":\"1\",\"isIncrement\":\"0\",\"isInsert\":\"1\",\"isList\":\"1\",\"isPk\":\"1\",\"isQuery\":\"1\",\"isRequired\":\"0\",\"javaField\":\"teacherId\",\"javaType\":\"Long\",\"list\":true,\"params\":{},\"pk\":true,\"query\":true,\"queryType\":\"EQ\",\"required\":false,\"sort\":1,\"superColumn\":false,\"tableId\":4,\"updateBy\":\"\",\"updateTime\":\"2024-04-21 19:51:00\",\"usableColumn\":false},{\"capJavaField\":\"TeacherName\",\"columnComment\":\"老师姓名\",\"columnId\":28,\"columnName\":\"teacher_name\",\"columnType\":\"varchar(0)\",\"createBy\":\"admin\",\"createTime\":\"2024-04-21 19:32:26\",\"dictType\":\"\",\"edit\":true,\"htmlType\":\"input\",\"increment\":false,\"insert\":true,\"isEdit\":\"1\",\"isIncrement\":\"0\",\"isInsert\":\"1\",\"isList\":\"1\",\"isPk\":\"0\",\"isQuery\":\"1\",\"isRequired\":\"0\",\"javaField\":\"teacherName\",\"javaType\":\"String\",\"list\":true,\"params\":{},\"pk\":false,\"query\":true,\"queryType\":\"LIKE\",\"required\":false,\"sort\":2,\"superColumn\":false,\"tableId\":4,\"updateBy\":\"\",\"updateTime\":\"2024-04-21 19:51:00\",\"usableColumn\":false},{\"capJavaField\":\"TeacherCareer\",\"columnComment\":\"老师职称\",\"columnId\":29,\"columnName\":\"teacher_career\",\"columnType\":\"varchar(0)\",\"createBy\":\"admin\",\"createTime\":\"2024-04-21 19:32:26\",\"dictType\":\"\",\"edit\":true,\"htmlType\":\"input\",\"increment\":false,\"insert\":true,\"isEdit\":\"1\",\"isIncrement\":\"0\",\"isInsert\":\"1\",\"isList\":\"1\",\"isPk\":\"0\",\"isQuery\":\"1\",\"isRequired\":\"0\",\"javaField\":\"teacherCareer\",\"javaType\":\"String\",\"list\":true,\"params\":{},\"pk\":false,\"query\":true,\"queryType\":\"EQ\",\"required\":false,\"sort\":3,\"superColumn\":false,\"tableId\":4,\"updateBy\":\"\",\"updateTime\":\"2024-04-21 19:51:00\",\"usableColumn\":false},{\"capJavaField\":\"TeacherDepartment\",\"columnComment\":\"老师所在系\",\"columnId\":30,\"columnName\":\"teacher_department\",\"columnType\":\"varchar(0)\",\"createBy\":\"admin\",\"createTime', '{\"msg\":\"操作成功\",\"code\":200}', 0, NULL, '2024-04-21 19:51:25', 29);
INSERT INTO `sys_oper_log` VALUES (153, '用户管理', 2, 'com.ruoyi.web.controller.system.SysUserController.edit()', 'PUT', 1, 'admin', '研发部门', '/system/user', '127.0.0.1', '内网IP', '{\"admin\":false,\"avatar\":\"\",\"createBy\":\"admin\",\"createTime\":\"2024-04-18 20:27:37\",\"delFlag\":\"0\",\"dept\":{\"ancestors\":\"0\",\"children\":[],\"deptId\":100,\"deptName\":\"若依科技\",\"leader\":\"若依\",\"orderNum\":0,\"params\":{},\"parentId\":0,\"status\":\"0\"},\"deptId\":100,\"email\":\"ry@qq.com\",\"loginDate\":\"2024-04-18 20:27:37\",\"loginIp\":\"127.0.0.1\",\"nickName\":\"秘书\",\"params\":{},\"phonenumber\":\"13571653611\",\"postIds\":[4],\"remark\":\"测试员\",\"roleIds\":[2],\"roles\":[{\"admin\":false,\"dataScope\":\"2\",\"deptCheckStrictly\":false,\"flag\":false,\"menuCheckStrictly\":false,\"params\":{},\"roleId\":2,\"roleKey\":\"common\",\"roleName\":\"老师\",\"roleSort\":2,\"status\":\"0\"}],\"sex\":\"0\",\"status\":\"0\",\"updateBy\":\"admin\",\"userId\":2,\"userName\":\"ry\"}', '{\"msg\":\"操作成功\",\"code\":200}', 0, NULL, '2024-04-21 19:53:07', 24);
INSERT INTO `sys_oper_log` VALUES (154, '菜单管理', 2, 'com.ruoyi.web.controller.system.SysMenuController.edit()', 'PUT', 1, 'admin', '研发部门', '/system/menu', '127.0.0.1', '内网IP', '{\"children\":[],\"component\":\"\",\"createTime\":\"2024-04-21 19:34:20\",\"icon\":\"#\",\"isCache\":\"0\",\"isFrame\":\"1\",\"menuId\":2018,\"menuName\":\"老师基本信息导出\",\"menuType\":\"F\",\"orderNum\":5,\"params\":{},\"parentId\":0,\"path\":\"#\",\"perms\":\"kpi:teacher:export\",\"status\":\"0\",\"updateBy\":\"admin\",\"visible\":\"0\"}', '{\"msg\":\"操作成功\",\"code\":200}', 0, NULL, '2024-04-21 19:55:56', 17);
INSERT INTO `sys_oper_log` VALUES (155, '菜单管理', 2, 'com.ruoyi.web.controller.system.SysMenuController.edit()', 'PUT', 1, 'admin', '研发部门', '/system/menu', '127.0.0.1', '内网IP', '{\"children\":[],\"component\":\"\",\"createTime\":\"2024-04-21 19:34:20\",\"icon\":\"#\",\"isCache\":\"0\",\"isFrame\":\"1\",\"menuId\":2018,\"menuName\":\"老师基本信息导出\",\"menuType\":\"F\",\"orderNum\":5,\"params\":{},\"parentId\":2000,\"path\":\"#\",\"perms\":\"kpi:teacher:export\",\"status\":\"0\",\"updateBy\":\"admin\",\"visible\":\"0\"}', '{\"msg\":\"操作成功\",\"code\":200}', 0, NULL, '2024-04-21 19:58:26', 6);
INSERT INTO `sys_oper_log` VALUES (156, '菜单管理', 2, 'com.ruoyi.web.controller.system.SysMenuController.edit()', 'PUT', 1, 'admin', '研发部门', '/system/menu', '127.0.0.1', '内网IP', '{\"children\":[],\"createTime\":\"2024-04-21 15:12:16\",\"icon\":\"component\",\"isCache\":\"0\",\"isFrame\":\"1\",\"menuId\":2000,\"menuName\":\"kpi分类管理\",\"menuType\":\"M\",\"orderNum\":1,\"params\":{},\"parentId\":0,\"path\":\"type\",\"perms\":\"\",\"status\":\"0\",\"updateBy\":\"admin\",\"visible\":\"0\"}', '{\"msg\":\"操作成功\",\"code\":200}', 0, NULL, '2024-04-21 19:58:53', 7);
INSERT INTO `sys_oper_log` VALUES (157, '菜单管理', 2, 'com.ruoyi.web.controller.system.SysMenuController.edit()', 'PUT', 1, 'admin', '研发部门', '/system/menu', '127.0.0.1', '内网IP', '{\"children\":[],\"component\":\"\",\"createTime\":\"2024-04-21 19:34:20\",\"icon\":\"#\",\"isCache\":\"0\",\"isFrame\":\"1\",\"menuId\":2018,\"menuName\":\"老师基本信息导出\",\"menuType\":\"M\",\"orderNum\":1,\"params\":{},\"parentId\":2000,\"path\":\"#\",\"perms\":\"kpi:teacher:export\",\"status\":\"0\",\"updateBy\":\"admin\",\"visible\":\"0\"}', '{\"msg\":\"操作成功\",\"code\":200}', 0, NULL, '2024-04-21 19:59:20', 14);
INSERT INTO `sys_oper_log` VALUES (158, '菜单管理', 2, 'com.ruoyi.web.controller.system.SysMenuController.edit()', 'PUT', 1, 'admin', '研发部门', '/system/menu', '127.0.0.1', '内网IP', '{\"children\":[],\"createTime\":\"2024-04-21 15:12:16\",\"icon\":\"component\",\"isCache\":\"0\",\"isFrame\":\"1\",\"menuId\":2000,\"menuName\":\"科研KPI分类管理\",\"menuType\":\"M\",\"orderNum\":1,\"params\":{},\"parentId\":0,\"path\":\"type\",\"perms\":\"\",\"status\":\"0\",\"updateBy\":\"admin\",\"visible\":\"0\"}', '{\"msg\":\"操作成功\",\"code\":200}', 0, NULL, '2024-04-21 20:01:15', 7);
INSERT INTO `sys_oper_log` VALUES (159, '菜单管理', 2, 'com.ruoyi.web.controller.system.SysMenuController.edit()', 'PUT', 1, 'admin', '研发部门', '/system/menu', '127.0.0.1', '内网IP', '{\"children\":[],\"component\":\"kpi/type/index\",\"createTime\":\"2024-04-21 15:16:30\",\"icon\":\"#\",\"isCache\":\"0\",\"isFrame\":\"1\",\"menuId\":2001,\"menuName\":\"KPI项目分类\",\"menuType\":\"C\",\"orderNum\":1,\"params\":{},\"parentId\":2000,\"path\":\"type\",\"perms\":\"kpi:type:list\",\"status\":\"0\",\"updateBy\":\"admin\",\"visible\":\"0\"}', '{\"msg\":\"操作成功\",\"code\":200}', 0, NULL, '2024-04-21 20:02:04', 5);
INSERT INTO `sys_oper_log` VALUES (160, '菜单管理', 2, 'com.ruoyi.web.controller.system.SysMenuController.edit()', 'PUT', 1, 'admin', '研发部门', '/system/menu', '127.0.0.1', '内网IP', '{\"children\":[],\"component\":\"\",\"createTime\":\"2024-04-21 19:34:20\",\"icon\":\"#\",\"isCache\":\"0\",\"isFrame\":\"1\",\"menuId\":2018,\"menuName\":\"老师基本信息导出\",\"menuType\":\"C\",\"orderNum\":1,\"params\":{},\"parentId\":2000,\"path\":\"#\",\"perms\":\"kpi:teacher:export\",\"status\":\"0\",\"updateBy\":\"admin\",\"visible\":\"0\"}', '{\"msg\":\"操作成功\",\"code\":200}', 0, NULL, '2024-04-21 20:02:16', 13);
INSERT INTO `sys_oper_log` VALUES (161, '菜单管理', 2, 'com.ruoyi.web.controller.system.SysMenuController.edit()', 'PUT', 1, 'admin', '研发部门', '/system/menu', '127.0.0.1', '内网IP', '{\"children\":[],\"component\":\"\",\"createTime\":\"2024-04-21 19:34:20\",\"icon\":\"#\",\"isCache\":\"0\",\"isFrame\":\"1\",\"menuId\":2018,\"menuName\":\"教师基本信息\",\"menuType\":\"C\",\"orderNum\":1,\"params\":{},\"parentId\":2000,\"path\":\"#\",\"perms\":\"kpi:teacher:export\",\"status\":\"0\",\"updateBy\":\"admin\",\"visible\":\"0\"}', '{\"msg\":\"操作成功\",\"code\":200}', 0, NULL, '2024-04-21 20:02:55', 14);
INSERT INTO `sys_oper_log` VALUES (162, '菜单管理', 2, 'com.ruoyi.web.controller.system.SysMenuController.edit()', 'PUT', 1, 'admin', '研发部门', '/system/menu', '127.0.0.1', '内网IP', '{\"children\":[],\"createTime\":\"2024-04-21 15:12:16\",\"icon\":\"chart\",\"isCache\":\"0\",\"isFrame\":\"1\",\"menuId\":2000,\"menuName\":\"科研KPI分类管理\",\"menuType\":\"M\",\"orderNum\":1,\"params\":{},\"parentId\":0,\"path\":\"type\",\"perms\":\"\",\"status\":\"0\",\"updateBy\":\"admin\",\"visible\":\"0\"}', '{\"msg\":\"操作成功\",\"code\":200}', 0, NULL, '2024-04-21 20:03:29', 5);
INSERT INTO `sys_oper_log` VALUES (163, '菜单管理', 2, 'com.ruoyi.web.controller.system.SysMenuController.edit()', 'PUT', 1, 'admin', '研发部门', '/system/menu', '127.0.0.1', '内网IP', '{\"children\":[],\"component\":\"\",\"createTime\":\"2024-04-21 19:34:20\",\"icon\":\"#\",\"isCache\":\"0\",\"isFrame\":\"1\",\"menuId\":2018,\"menuName\":\"教师基本信息\",\"menuType\":\"C\",\"orderNum\":1,\"params\":{},\"parentId\":2000,\"path\":\"teacher\",\"perms\":\"kpi:teacher:export\",\"status\":\"0\",\"updateBy\":\"admin\",\"visible\":\"0\"}', '{\"msg\":\"操作成功\",\"code\":200}', 0, NULL, '2024-04-21 20:04:01', 13);
INSERT INTO `sys_oper_log` VALUES (164, '菜单管理', 3, 'com.ruoyi.web.controller.system.SysMenuController.remove()', 'DELETE', 1, 'admin', '研发部门', '/system/menu/2018', '127.0.0.1', '内网IP', '{}', '{\"msg\":\"操作成功\",\"code\":200}', 0, NULL, '2024-04-21 20:07:23', 14);
INSERT INTO `sys_oper_log` VALUES (165, '菜单管理', 2, 'com.ruoyi.web.controller.system.SysMenuController.edit()', 'PUT', 1, 'admin', '研发部门', '/system/menu', '127.0.0.1', '内网IP', '{\"children\":[],\"component\":\"kpi/teacher/index\",\"createTime\":\"2024-04-21 19:34:20\",\"icon\":\"#\",\"isCache\":\"0\",\"isFrame\":\"1\",\"menuId\":2013,\"menuName\":\"老师基本信息\",\"menuType\":\"C\",\"orderNum\":1,\"params\":{},\"parentId\":2000,\"path\":\"teacher\",\"perms\":\"kpi:teacher:list\",\"status\":\"0\",\"updateBy\":\"admin\",\"visible\":\"0\"}', '{\"msg\":\"操作成功\",\"code\":200}', 0, NULL, '2024-04-21 20:07:37', 13);
INSERT INTO `sys_oper_log` VALUES (166, '菜单管理', 2, 'com.ruoyi.web.controller.system.SysMenuController.edit()', 'PUT', 1, 'admin', '研发部门', '/system/menu', '127.0.0.1', '内网IP', '{\"children\":[],\"component\":\"kpi/type/index\",\"createTime\":\"2024-04-21 15:16:30\",\"icon\":\"#\",\"isCache\":\"0\",\"isFrame\":\"1\",\"menuId\":2001,\"menuName\":\"KPI项目分类\",\"menuType\":\"C\",\"orderNum\":2,\"params\":{},\"parentId\":2000,\"path\":\"type\",\"perms\":\"kpi:type:list\",\"status\":\"0\",\"updateBy\":\"admin\",\"visible\":\"0\"}', '{\"msg\":\"操作成功\",\"code\":200}', 0, NULL, '2024-04-21 20:08:17', 7);
INSERT INTO `sys_oper_log` VALUES (167, '菜单管理', 2, 'com.ruoyi.web.controller.system.SysMenuController.edit()', 'PUT', 1, 'admin', '研发部门', '/system/menu', '127.0.0.1', '内网IP', '{\"children\":[],\"component\":\"kpi/magnitude/index\",\"createTime\":\"2024-04-21 15:47:51\",\"icon\":\"#\",\"isCache\":\"0\",\"isFrame\":\"1\",\"menuId\":2007,\"menuName\":\"KPI量值标准\",\"menuType\":\"C\",\"orderNum\":3,\"params\":{},\"parentId\":2000,\"path\":\"magnitude\",\"perms\":\"kpi:magnitude:list\",\"status\":\"0\",\"updateBy\":\"admin\",\"visible\":\"0\"}', '{\"msg\":\"操作成功\",\"code\":200}', 0, NULL, '2024-04-21 20:08:24', 13);
INSERT INTO `sys_oper_log` VALUES (168, '菜单管理', 2, 'com.ruoyi.web.controller.system.SysMenuController.edit()', 'PUT', 1, 'admin', '研发部门', '/system/menu', '127.0.0.1', '内网IP', '{\"children\":[],\"component\":\"kpi/teacher/index\",\"createTime\":\"2024-04-21 19:34:20\",\"icon\":\"people\",\"isCache\":\"0\",\"isFrame\":\"1\",\"menuId\":2013,\"menuName\":\"老师基本信息\",\"menuType\":\"C\",\"orderNum\":1,\"params\":{},\"parentId\":2000,\"path\":\"teacher\",\"perms\":\"kpi:teacher:list\",\"status\":\"0\",\"updateBy\":\"admin\",\"visible\":\"0\"}', '{\"msg\":\"操作成功\",\"code\":200}', 0, NULL, '2024-04-21 20:08:40', 12);
INSERT INTO `sys_oper_log` VALUES (169, '菜单管理', 2, 'com.ruoyi.web.controller.system.SysMenuController.edit()', 'PUT', 1, 'admin', '研发部门', '/system/menu', '127.0.0.1', '内网IP', '{\"children\":[],\"component\":\"kpi/type/index\",\"createTime\":\"2024-04-21 15:16:30\",\"icon\":\"eye-open\",\"isCache\":\"0\",\"isFrame\":\"1\",\"menuId\":2001,\"menuName\":\"KPI项目分类\",\"menuType\":\"C\",\"orderNum\":2,\"params\":{},\"parentId\":2000,\"path\":\"type\",\"perms\":\"kpi:type:list\",\"status\":\"0\",\"updateBy\":\"admin\",\"visible\":\"0\"}', '{\"msg\":\"操作成功\",\"code\":200}', 0, NULL, '2024-04-21 20:09:02', 12);
INSERT INTO `sys_oper_log` VALUES (170, '菜单管理', 2, 'com.ruoyi.web.controller.system.SysMenuController.edit()', 'PUT', 1, 'admin', '研发部门', '/system/menu', '127.0.0.1', '内网IP', '{\"children\":[],\"component\":\"kpi/magnitude/index\",\"createTime\":\"2024-04-21 15:47:51\",\"icon\":\"money\",\"isCache\":\"0\",\"isFrame\":\"1\",\"menuId\":2007,\"menuName\":\"KPI量值标准\",\"menuType\":\"C\",\"orderNum\":3,\"params\":{},\"parentId\":2000,\"path\":\"magnitude\",\"perms\":\"kpi:magnitude:list\",\"status\":\"0\",\"updateBy\":\"admin\",\"visible\":\"0\"}', '{\"msg\":\"操作成功\",\"code\":200}', 0, NULL, '2024-04-21 20:09:27', 16);
INSERT INTO `sys_oper_log` VALUES (171, 'kpi分类', 1, 'com.ruoyi.web.controller.kpi.KpiTypeController.add()', 'POST', 1, 'admin', '研发部门', '/kpi/type', '127.0.0.1', '内网IP', '{\"createTime\":\"2024-04-21 20:12:04\",\"params\":{},\"typeId\":5,\"typeName\":\"知识产权\",\"typeStatus\":\"0\"}', '{\"msg\":\"操作成功\",\"code\":200}', 0, NULL, '2024-04-21 20:12:04', 16);
INSERT INTO `sys_oper_log` VALUES (172, 'kpi分类', 1, 'com.ruoyi.web.controller.kpi.KpiTypeController.add()', 'POST', 1, 'admin', '研发部门', '/kpi/type', '127.0.0.1', '内网IP', '{\"createTime\":\"2024-04-21 20:12:17\",\"params\":{},\"typeId\":6,\"typeName\":\"标准\",\"typeStatus\":\"0\"}', '{\"msg\":\"操作成功\",\"code\":200}', 0, NULL, '2024-04-21 20:12:17', 11);
INSERT INTO `sys_oper_log` VALUES (173, 'kpi分类', 1, 'com.ruoyi.web.controller.kpi.KpiTypeController.add()', 'POST', 1, 'admin', '研发部门', '/kpi/type', '127.0.0.1', '内网IP', '{\"createTime\":\"2024-04-21 20:12:31\",\"params\":{},\"typeId\":7,\"typeName\":\"奖项\",\"typeStatus\":\"0\"}', '{\"msg\":\"操作成功\",\"code\":200}', 0, NULL, '2024-04-21 20:12:31', 5);
INSERT INTO `sys_oper_log` VALUES (174, 'kpi分类', 1, 'com.ruoyi.web.controller.kpi.KpiTypeController.add()', 'POST', 1, 'admin', '研发部门', '/kpi/type', '127.0.0.1', '内网IP', '{\"createTime\":\"2024-04-21 20:12:39\",\"params\":{},\"typeId\":8,\"typeName\":\"平台\",\"typeStatus\":\"0\"}', '{\"msg\":\"操作成功\",\"code\":200}', 0, NULL, '2024-04-21 20:12:39', 11);
INSERT INTO `sys_oper_log` VALUES (175, 'kpi分类', 1, 'com.ruoyi.web.controller.kpi.KpiTypeController.add()', 'POST', 1, 'admin', '研发部门', '/kpi/type', '127.0.0.1', '内网IP', '{\"createTime\":\"2024-04-21 20:13:05\",\"params\":{},\"typeId\":9,\"typeName\":\"国际学术组织任职\",\"typeStatus\":\"0\"}', '{\"msg\":\"操作成功\",\"code\":200}', 0, NULL, '2024-04-21 20:13:05', 13);
INSERT INTO `sys_oper_log` VALUES (176, 'kpi分类', 1, 'com.ruoyi.web.controller.kpi.KpiTypeController.add()', 'POST', 1, 'admin', '研发部门', '/kpi/type', '127.0.0.1', '内网IP', '{\"createTime\":\"2024-04-21 20:14:01\",\"params\":{},\"typeId\":10,\"typeName\":\"科技成果转化\",\"typeStatus\":\"0\"}', '{\"msg\":\"操作成功\",\"code\":200}', 0, NULL, '2024-04-21 20:14:01', 4);
INSERT INTO `sys_oper_log` VALUES (177, 'KPI量值标准', 2, 'com.ruoyi.web.controller.kpi.KpiMagnitudeController.edit()', 'PUT', 1, 'admin', '研发部门', '/kpi/magnitude', '127.0.0.1', '内网IP', '{\"basicScore\":200,\"createBy\":\"\",\"createTime\":\"2024-04-21 16:21:04\",\"magnitudeId\":1,\"magnitudeName\":\"中科院1分区SCI 期刊论文\",\"params\":{},\"typeId\":2,\"updateBy\":\"\",\"updateTime\":\"2024-04-21 20:14:45\"}', '{\"msg\":\"操作成功\",\"code\":200}', 0, NULL, '2024-04-21 20:14:45', 8);
INSERT INTO `sys_oper_log` VALUES (178, 'KPI量值标准', 1, 'com.ruoyi.web.controller.kpi.KpiMagnitudeController.add()', 'POST', 1, 'admin', '研发部门', '/kpi/magnitude', '127.0.0.1', '内网IP', '{\"basicScore\":100,\"createTime\":\"2024-04-21 20:15:06\",\"magnitudeId\":2,\"magnitudeName\":\"中科院2分区SCI 期刊论文\",\"params\":{},\"typeId\":2}', '{\"msg\":\"操作成功\",\"code\":200}', 0, NULL, '2024-04-21 20:15:06', 6);
INSERT INTO `sys_oper_log` VALUES (179, 'KPI量值标准', 1, 'com.ruoyi.web.controller.kpi.KpiMagnitudeController.add()', 'POST', 1, 'admin', '研发部门', '/kpi/magnitude', '127.0.0.1', '内网IP', '{\"basicScore\":50,\"createTime\":\"2024-04-21 20:15:33\",\"magnitudeId\":3,\"magnitudeName\":\"中科院3分区SCI 期刊论文\",\"params\":{},\"typeId\":2}', '{\"msg\":\"操作成功\",\"code\":200}', 0, NULL, '2024-04-21 20:15:33', 10);
INSERT INTO `sys_oper_log` VALUES (180, 'KPI量值标准', 1, 'com.ruoyi.web.controller.kpi.KpiMagnitudeController.add()', 'POST', 1, 'admin', '研发部门', '/kpi/magnitude', '127.0.0.1', '内网IP', '{\"basicScore\":25,\"createTime\":\"2024-04-21 20:15:54\",\"magnitudeId\":4,\"magnitudeName\":\"中科院4分区SCI 期刊论文\",\"params\":{},\"typeId\":2}', '{\"msg\":\"操作成功\",\"code\":200}', 0, NULL, '2024-04-21 20:15:54', 14);
INSERT INTO `sys_oper_log` VALUES (181, '老师基本信息', 1, 'com.ruoyi.web.controller.kpi.KpiTeacherController.add()', 'POST', 1, 'admin', '研发部门', '/kpi/teacher', '127.0.0.1', '内网IP', '{\"createTime\":\"2024-04-21 20:17:11\",\"params\":{},\"teacherCareer\":\"副教授\",\"teacherDepartment\":\"计算机科学与技术\",\"teacherMail\":\"xxx\",\"teacherName\":\"李霖辉\",\"teacherTel\":13571653611}', NULL, 1, '\r\n### Error updating database.  Cause: com.mysql.cj.jdbc.exceptions.MysqlDataTruncation: Data truncation: Data too long for column \'teacher_name\' at row 1\r\n### The error may exist in file [D:\\workspace\\前端\\RuoYi-Vue-master\\RuoYi-Vue-master\\ruoyi-kpi\\target\\classes\\mapper\\kpi\\KpiTeacherMapper.xml]\r\n### The error may involve com.ruoyi.kpi.mapper.KpiTeacherMapper.insertKpiTeacher-Inline\r\n### The error occurred while setting parameters\r\n### SQL: insert into kpi_teacher          ( teacher_name,             teacher_career,             teacher_department,             teacher_tel,             teacher_mail,                          create_time )           values ( ?,             ?,             ?,             ?,             ?,                          ? )\r\n### Cause: com.mysql.cj.jdbc.exceptions.MysqlDataTruncation: Data truncation: Data too long for column \'teacher_name\' at row 1\n; Data truncation: Data too long for column \'teacher_name\' at row 1; nested exception is com.mysql.cj.jdbc.exceptions.MysqlDataTruncation: Data truncation: Data too long for column \'teacher_name\' at row 1', '2024-04-21 20:17:11', 48);
INSERT INTO `sys_oper_log` VALUES (182, '老师基本信息', 1, 'com.ruoyi.web.controller.kpi.KpiTeacherController.add()', 'POST', 1, 'admin', '研发部门', '/kpi/teacher', '127.0.0.1', '内网IP', '{\"createTime\":\"2024-04-21 20:17:19\",\"params\":{},\"teacherCareer\":\"副教授\",\"teacherDepartment\":\"计算机科学与技术\",\"teacherMail\":\"xxx@xx\",\"teacherName\":\"李霖辉\",\"teacherTel\":13571653611}', NULL, 1, '\r\n### Error updating database.  Cause: com.mysql.cj.jdbc.exceptions.MysqlDataTruncation: Data truncation: Data too long for column \'teacher_name\' at row 1\r\n### The error may exist in file [D:\\workspace\\前端\\RuoYi-Vue-master\\RuoYi-Vue-master\\ruoyi-kpi\\target\\classes\\mapper\\kpi\\KpiTeacherMapper.xml]\r\n### The error may involve com.ruoyi.kpi.mapper.KpiTeacherMapper.insertKpiTeacher-Inline\r\n### The error occurred while setting parameters\r\n### SQL: insert into kpi_teacher          ( teacher_name,             teacher_career,             teacher_department,             teacher_tel,             teacher_mail,                          create_time )           values ( ?,             ?,             ?,             ?,             ?,                          ? )\r\n### Cause: com.mysql.cj.jdbc.exceptions.MysqlDataTruncation: Data truncation: Data too long for column \'teacher_name\' at row 1\n; Data truncation: Data too long for column \'teacher_name\' at row 1; nested exception is com.mysql.cj.jdbc.exceptions.MysqlDataTruncation: Data truncation: Data too long for column \'teacher_name\' at row 1', '2024-04-21 20:17:19', 2);
INSERT INTO `sys_oper_log` VALUES (183, '老师基本信息', 1, 'com.ruoyi.web.controller.kpi.KpiTeacherController.add()', 'POST', 1, 'admin', '研发部门', '/kpi/teacher', '127.0.0.1', '内网IP', '{\"createTime\":\"2024-04-21 20:17:44\",\"params\":{},\"teacherCareer\":\"副教授\",\"teacherDepartment\":\"计算机科学与技术\",\"teacherMail\":\"1231321\",\"teacherName\":\"李霖辉\",\"teacherTel\":321321}', NULL, 1, '\r\n### Error updating database.  Cause: com.mysql.cj.jdbc.exceptions.MysqlDataTruncation: Data truncation: Data too long for column \'teacher_name\' at row 1\r\n### The error may exist in file [D:\\workspace\\前端\\RuoYi-Vue-master\\RuoYi-Vue-master\\ruoyi-kpi\\target\\classes\\mapper\\kpi\\KpiTeacherMapper.xml]\r\n### The error may involve com.ruoyi.kpi.mapper.KpiTeacherMapper.insertKpiTeacher-Inline\r\n### The error occurred while setting parameters\r\n### SQL: insert into kpi_teacher          ( teacher_name,             teacher_career,             teacher_department,             teacher_tel,             teacher_mail,                          create_time )           values ( ?,             ?,             ?,             ?,             ?,                          ? )\r\n### Cause: com.mysql.cj.jdbc.exceptions.MysqlDataTruncation: Data truncation: Data too long for column \'teacher_name\' at row 1\n; Data truncation: Data too long for column \'teacher_name\' at row 1; nested exception is com.mysql.cj.jdbc.exceptions.MysqlDataTruncation: Data truncation: Data too long for column \'teacher_name\' at row 1', '2024-04-21 20:17:44', 1);
INSERT INTO `sys_oper_log` VALUES (184, '老师基本信息', 1, 'com.ruoyi.web.controller.kpi.KpiTeacherController.add()', 'POST', 1, 'admin', '研发部门', '/kpi/teacher', '127.0.0.1', '内网IP', '{\"createTime\":\"2024-04-21 20:45:33\",\"params\":{},\"teacherCareer\":\"副教授\",\"teacherDepartment\":\"计算机科学与技术\",\"teacherMail\":\"xxx\",\"teacherName\":\"李霖辉\",\"teacherTel\":13571653611}', NULL, 1, '\r\n### Error updating database.  Cause: com.mysql.cj.jdbc.exceptions.MysqlDataTruncation: Data truncation: Data too long for column \'teacher_name\' at row 1\r\n### The error may exist in file [D:\\workspace\\前端\\RuoYi-Vue-master\\RuoYi-Vue-master\\ruoyi-kpi\\target\\classes\\mapper\\kpi\\KpiTeacherMapper.xml]\r\n### The error may involve com.ruoyi.kpi.mapper.KpiTeacherMapper.insertKpiTeacher-Inline\r\n### The error occurred while setting parameters\r\n### SQL: insert into kpi_teacher          ( teacher_name,             teacher_career,             teacher_department,             teacher_tel,             teacher_mail,                          create_time )           values ( ?,             ?,             ?,             ?,             ?,                          ? )\r\n### Cause: com.mysql.cj.jdbc.exceptions.MysqlDataTruncation: Data truncation: Data too long for column \'teacher_name\' at row 1\n; Data truncation: Data too long for column \'teacher_name\' at row 1; nested exception is com.mysql.cj.jdbc.exceptions.MysqlDataTruncation: Data truncation: Data too long for column \'teacher_name\' at row 1', '2024-04-21 20:45:33', 3);
INSERT INTO `sys_oper_log` VALUES (185, '代码生成', 2, 'com.ruoyi.generator.controller.GenController.editSave()', 'PUT', 1, 'admin', '研发部门', '/tool/gen', '127.0.0.1', '内网IP', '{\"businessName\":\"teacher\",\"className\":\"KpiTeacher\",\"columns\":[{\"capJavaField\":\"TeacherId\",\"columnComment\":\"老师id\",\"columnId\":27,\"columnName\":\"teacher_id\",\"columnType\":\"bigint\",\"createBy\":\"admin\",\"createTime\":\"2024-04-21 19:32:26\",\"dictType\":\"\",\"edit\":true,\"htmlType\":\"input\",\"increment\":false,\"insert\":true,\"isEdit\":\"1\",\"isIncrement\":\"0\",\"isInsert\":\"1\",\"isList\":\"1\",\"isPk\":\"1\",\"isQuery\":\"1\",\"isRequired\":\"1\",\"javaField\":\"teacherId\",\"javaType\":\"Long\",\"list\":true,\"params\":{},\"pk\":true,\"query\":true,\"queryType\":\"EQ\",\"required\":true,\"sort\":1,\"superColumn\":false,\"tableId\":4,\"updateBy\":\"\",\"updateTime\":\"2024-04-21 19:51:25\",\"usableColumn\":false},{\"capJavaField\":\"TeacherName\",\"columnComment\":\"姓名\",\"columnId\":28,\"columnName\":\"teacher_name\",\"columnType\":\"varchar(0)\",\"createBy\":\"admin\",\"createTime\":\"2024-04-21 19:32:26\",\"dictType\":\"\",\"edit\":true,\"htmlType\":\"input\",\"increment\":false,\"insert\":true,\"isEdit\":\"1\",\"isIncrement\":\"0\",\"isInsert\":\"1\",\"isList\":\"1\",\"isPk\":\"0\",\"isQuery\":\"1\",\"isRequired\":\"1\",\"javaField\":\"teacherName\",\"javaType\":\"String\",\"list\":true,\"params\":{},\"pk\":false,\"query\":true,\"queryType\":\"LIKE\",\"required\":true,\"sort\":2,\"superColumn\":false,\"tableId\":4,\"updateBy\":\"\",\"updateTime\":\"2024-04-21 19:51:25\",\"usableColumn\":false},{\"capJavaField\":\"TeacherCareer\",\"columnComment\":\"职称\",\"columnId\":29,\"columnName\":\"teacher_career\",\"columnType\":\"varchar(0)\",\"createBy\":\"admin\",\"createTime\":\"2024-04-21 19:32:26\",\"dictType\":\"\",\"edit\":true,\"htmlType\":\"input\",\"increment\":false,\"insert\":true,\"isEdit\":\"1\",\"isIncrement\":\"0\",\"isInsert\":\"1\",\"isList\":\"1\",\"isPk\":\"0\",\"isQuery\":\"1\",\"isRequired\":\"1\",\"javaField\":\"teacherCareer\",\"javaType\":\"String\",\"list\":true,\"params\":{},\"pk\":false,\"query\":true,\"queryType\":\"EQ\",\"required\":true,\"sort\":3,\"superColumn\":false,\"tableId\":4,\"updateBy\":\"\",\"updateTime\":\"2024-04-21 19:51:25\",\"usableColumn\":false},{\"capJavaField\":\"TeacherDepartment\",\"columnComment\":\"系\",\"columnId\":30,\"columnName\":\"teacher_department\",\"columnType\":\"varchar(0)\",\"createBy\":\"admin\",\"createTime\":\"2024-04-', '{\"msg\":\"操作成功\",\"code\":200}', 0, NULL, '2024-04-21 21:04:15', 25);
INSERT INTO `sys_oper_log` VALUES (186, '通知公告', 3, 'com.ruoyi.web.controller.system.SysNoticeController.remove()', 'DELETE', 1, 'admin', '研发部门', '/system/notice/1', '127.0.0.1', '内网IP', '{}', '{\"msg\":\"操作成功\",\"code\":200}', 0, NULL, '2024-04-21 21:05:40', 5);
INSERT INTO `sys_oper_log` VALUES (187, '通知公告', 3, 'com.ruoyi.web.controller.system.SysNoticeController.remove()', 'DELETE', 1, 'admin', '研发部门', '/system/notice/2', '127.0.0.1', '内网IP', '{}', '{\"msg\":\"操作成功\",\"code\":200}', 0, NULL, '2024-04-21 21:05:42', 8);
INSERT INTO `sys_oper_log` VALUES (188, '老师基本信息', 1, 'com.ruoyi.web.controller.kpi.KpiTeacherController.add()', 'POST', 1, 'admin', '研发部门', '/kpi/teacher', '127.0.0.1', '内网IP', '{\"createTime\":\"2024-04-21 21:11:19\",\"params\":{},\"teacherCareer\":\"副教授\",\"teacherDepartment\":\"计算机科学与技术\",\"teacherMail\":\"llhnefu.edu.com\",\"teacherName\":\"李霖辉\",\"teacherTel\":10086}', '{\"msg\":\"操作成功\",\"code\":200}', 0, NULL, '2024-04-21 21:11:19', 5);
INSERT INTO `sys_oper_log` VALUES (189, '老师基本信息', 1, 'com.ruoyi.web.controller.kpi.KpiTeacherController.add()', 'POST', 1, 'admin', '研发部门', '/kpi/teacher', '127.0.0.1', '内网IP', '{\"createTime\":\"2024-04-21 21:18:21\",\"params\":{},\"teacherCareer\":\"教授\",\"teacherDepartment\":\"计算机科学与技术\",\"teacherMail\":\"zsnefu.edu.cn\",\"teacherName\":\"张三\",\"teacherTel\":10086}', '{\"msg\":\"操作成功\",\"code\":200}', 0, NULL, '2024-04-21 21:18:21', 14);
INSERT INTO `sys_oper_log` VALUES (190, 'KPI量值标准', 1, 'com.ruoyi.web.controller.kpi.KpiMagnitudeController.add()', 'POST', 1, 'admin', '研发部门', '/kpi/magnitude', '127.0.0.1', '内网IP', '{\"basicScore\":75,\"createTime\":\"2024-04-21 22:28:51\",\"magnitudeId\":5,\"magnitudeName\":\"卓越计划行动计划期刊论文\",\"params\":{},\"typeId\":2}', '{\"msg\":\"操作成功\",\"code\":200}', 0, NULL, '2024-04-21 22:28:51', 4);
INSERT INTO `sys_oper_log` VALUES (191, 'KPI量值标准', 1, 'com.ruoyi.web.controller.kpi.KpiMagnitudeController.add()', 'POST', 1, 'admin', '研发部门', '/kpi/magnitude', '127.0.0.1', '内网IP', '{\"basicScore\":0,\"createTime\":\"2024-04-21 22:29:28\",\"extroScore\":100,\"magnitudeId\":6,\"magnitudeName\":\"ESI高被引论文\",\"params\":{},\"typeId\":2}', '{\"msg\":\"操作成功\",\"code\":200}', 0, NULL, '2024-04-21 22:29:28', 13);
INSERT INTO `sys_oper_log` VALUES (192, 'KPI量值标准', 1, 'com.ruoyi.web.controller.kpi.KpiMagnitudeController.add()', 'POST', 1, 'admin', '研发部门', '/kpi/magnitude', '127.0.0.1', '内网IP', '{\"basicScore\":0,\"createTime\":\"2024-04-21 22:29:50\",\"extroScore\":150,\"magnitudeId\":7,\"magnitudeName\":\"ESI 热点论文\",\"params\":{},\"typeId\":2}', '{\"msg\":\"操作成功\",\"code\":200}', 0, NULL, '2024-04-21 22:29:50', 12);
INSERT INTO `sys_oper_log` VALUES (193, 'KPI量值标准', 1, 'com.ruoyi.web.controller.kpi.KpiMagnitudeController.add()', 'POST', 1, 'admin', '研发部门', '/kpi/magnitude', '127.0.0.1', '内网IP', '{\"basicScore\":20,\"createTime\":\"2024-04-21 22:30:02\",\"magnitudeId\":8,\"magnitudeName\":\"EI 期刊论文（不在分区列表中的 SCI 期刊）\",\"params\":{},\"typeId\":2}', '{\"msg\":\"操作成功\",\"code\":200}', 0, NULL, '2024-04-21 22:30:02', 13);
INSERT INTO `sys_oper_log` VALUES (194, 'KPI量值标准', 1, 'com.ruoyi.web.controller.kpi.KpiMagnitudeController.add()', 'POST', 1, 'admin', '研发部门', '/kpi/magnitude', '127.0.0.1', '内网IP', '{\"basicScore\":250,\"createTime\":\"2024-04-21 22:30:28\",\"magnitudeId\":9,\"magnitudeName\":\"CCF A类期刊及会议论文\",\"params\":{},\"typeId\":2}', '{\"msg\":\"操作成功\",\"code\":200}', 0, NULL, '2024-04-21 22:30:28', 12);
INSERT INTO `sys_oper_log` VALUES (195, 'KPI量值标准', 1, 'com.ruoyi.web.controller.kpi.KpiMagnitudeController.add()', 'POST', 1, 'admin', '研发部门', '/kpi/magnitude', '127.0.0.1', '内网IP', '{\"basicScore\":150,\"createTime\":\"2024-04-21 22:30:51\",\"magnitudeId\":10,\"magnitudeName\":\"CCF B类期刊及会议论文\",\"params\":{},\"typeId\":2}', '{\"msg\":\"操作成功\",\"code\":200}', 0, NULL, '2024-04-21 22:30:51', 12);
INSERT INTO `sys_oper_log` VALUES (196, 'KPI量值标准', 1, 'com.ruoyi.web.controller.kpi.KpiMagnitudeController.add()', 'POST', 1, 'admin', '研发部门', '/kpi/magnitude', '127.0.0.1', '内网IP', '{\"basicScore\":75,\"createTime\":\"2024-04-21 22:30:59\",\"magnitudeId\":11,\"magnitudeName\":\"CCF B类期刊及会议论文\",\"params\":{},\"typeId\":2}', '{\"msg\":\"操作成功\",\"code\":200}', 0, NULL, '2024-04-21 22:30:59', 13);
INSERT INTO `sys_oper_log` VALUES (197, 'KPI量值标准', 1, 'com.ruoyi.web.controller.kpi.KpiMagnitudeController.add()', 'POST', 1, 'admin', '研发部门', '/kpi/magnitude', '127.0.0.1', '内网IP', '{\"basicScore\":15,\"createTime\":\"2024-04-21 22:31:09\",\"magnitudeId\":12,\"magnitudeName\":\"中文核心期刊论文\",\"params\":{},\"typeId\":2}', '{\"msg\":\"操作成功\",\"code\":200}', 0, NULL, '2024-04-21 22:31:09', 12);
INSERT INTO `sys_oper_log` VALUES (198, 'KPI量值标准', 1, 'com.ruoyi.web.controller.kpi.KpiMagnitudeController.add()', 'POST', 1, 'admin', '研发部门', '/kpi/magnitude', '127.0.0.1', '内网IP', '{\"basicScore\":30,\"createTime\":\"2024-04-21 22:31:30\",\"magnitudeId\":13,\"magnitudeName\":\"国家发明专利\",\"params\":{},\"typeId\":5}', '{\"msg\":\"操作成功\",\"code\":200}', 0, NULL, '2024-04-21 22:31:30', 11);
INSERT INTO `sys_oper_log` VALUES (199, 'KPI量值标准', 1, 'com.ruoyi.web.controller.kpi.KpiMagnitudeController.add()', 'POST', 1, 'admin', '研发部门', '/kpi/magnitude', '127.0.0.1', '内网IP', '{\"basicScore\":10,\"createTime\":\"2024-04-21 22:33:30\",\"magnitudeId\":14,\"magnitudeName\":\"实用新型专利\",\"params\":{},\"typeId\":5}', '{\"msg\":\"操作成功\",\"code\":200}', 0, NULL, '2024-04-21 22:33:30', 12);
INSERT INTO `sys_oper_log` VALUES (200, 'KPI量值标准', 1, 'com.ruoyi.web.controller.kpi.KpiMagnitudeController.add()', 'POST', 1, 'admin', '研发部门', '/kpi/magnitude', '127.0.0.1', '内网IP', '{\"basicScore\":0,\"createTime\":\"2024-04-21 22:35:59\",\"magnitudeId\":15,\"magnitudeName\":\"标准\",\"params\":{},\"typeId\":5}', '{\"msg\":\"操作成功\",\"code\":200}', 0, NULL, '2024-04-21 22:35:59', 11);
INSERT INTO `sys_oper_log` VALUES (201, 'kpi分类', 5, 'com.ruoyi.web.controller.kpi.KpiTypeController.export()', 'POST', 1, 'admin', '研发部门', '/kpi/type/export', '127.0.0.1', '内网IP', '{\"pageSize\":\"10\",\"pageNum\":\"1\"}', NULL, 0, NULL, '2024-04-21 22:42:03', 338);
INSERT INTO `sys_oper_log` VALUES (202, '代码生成', 2, 'com.ruoyi.generator.controller.GenController.editSave()', 'PUT', 1, 'admin', '研发部门', '/tool/gen', '127.0.0.1', '内网IP', '{\"businessName\":\"magnitude\",\"className\":\"KpiMagnitude\",\"columns\":[{\"capJavaField\":\"MagnitudeId\",\"columnComment\":\"量值id\",\"columnId\":17,\"columnName\":\"magnitude_id\",\"columnType\":\"bigint\",\"createBy\":\"admin\",\"createTime\":\"2024-04-21 15:38:32\",\"dictType\":\"\",\"edit\":false,\"htmlType\":\"input\",\"increment\":true,\"insert\":true,\"isIncrement\":\"1\",\"isInsert\":\"1\",\"isPk\":\"1\",\"isRequired\":\"0\",\"javaField\":\"magnitudeId\",\"javaType\":\"Long\",\"list\":false,\"params\":{},\"pk\":true,\"query\":false,\"queryType\":\"EQ\",\"required\":false,\"sort\":1,\"superColumn\":false,\"tableId\":3,\"updateBy\":\"\",\"updateTime\":\"2024-04-21 15:59:03\",\"usableColumn\":false},{\"capJavaField\":\"MagnitudeName\",\"columnComment\":\"量值名称\",\"columnId\":26,\"columnName\":\"magnitude_name\",\"columnType\":\"varchar(255)\",\"createBy\":\"\",\"createTime\":\"2024-04-21 15:44:14\",\"dictType\":\"\",\"edit\":true,\"htmlType\":\"input\",\"increment\":false,\"insert\":true,\"isEdit\":\"1\",\"isIncrement\":\"0\",\"isInsert\":\"1\",\"isList\":\"1\",\"isPk\":\"0\",\"isQuery\":\"1\",\"isRequired\":\"1\",\"javaField\":\"magnitudeName\",\"javaType\":\"String\",\"list\":true,\"params\":{},\"pk\":false,\"query\":true,\"queryType\":\"LIKE\",\"required\":true,\"sort\":2,\"superColumn\":false,\"tableId\":3,\"updateBy\":\"\",\"updateTime\":\"2024-04-21 15:59:03\",\"usableColumn\":false},{\"capJavaField\":\"TypeId\",\"columnComment\":\"分类id\",\"columnId\":18,\"columnName\":\"type_id\",\"columnType\":\"bigint\",\"createBy\":\"admin\",\"createTime\":\"2024-04-21 15:38:32\",\"dictType\":\"\",\"edit\":true,\"htmlType\":\"input\",\"increment\":false,\"insert\":true,\"isEdit\":\"1\",\"isIncrement\":\"0\",\"isInsert\":\"1\",\"isList\":\"1\",\"isPk\":\"0\",\"isQuery\":\"1\",\"isRequired\":\"1\",\"javaField\":\"typeId\",\"javaType\":\"Long\",\"list\":true,\"params\":{},\"pk\":false,\"query\":true,\"queryType\":\"EQ\",\"required\":true,\"sort\":3,\"superColumn\":false,\"tableId\":3,\"updateBy\":\"\",\"updateTime\":\"2024-04-21 15:59:03\",\"usableColumn\":false},{\"capJavaField\":\"BasicScore\",\"columnComment\":\"基础KPI分数\",\"columnId\":19,\"columnName\":\"basic_score\",\"columnType\":\"int\",\"createBy\":\"admin\",\"createTime\":\"2024-04-21 15:38:32\",\"dictType\":\"\",\"edit\":true,\"htmlType\":\"input\",\"inc', '{\"msg\":\"操作成功\",\"code\":200}', 0, NULL, '2024-04-25 14:07:38', 50);
INSERT INTO `sys_oper_log` VALUES (203, '菜单管理', 2, 'com.ruoyi.web.controller.system.SysMenuController.edit()', 'PUT', 1, 'admin', '研发部门', '/system/menu', '127.0.0.1', '内网IP', '{\"children\":[],\"createTime\":\"2024-04-18 20:27:37\",\"icon\":\"system\",\"isCache\":\"0\",\"isFrame\":\"1\",\"menuId\":1,\"menuName\":\"系统管理\",\"menuType\":\"M\",\"orderNum\":20,\"params\":{},\"parentId\":0,\"path\":\"system\",\"perms\":\"\",\"query\":\"\",\"status\":\"0\",\"updateBy\":\"admin\",\"visible\":\"0\"}', '{\"msg\":\"操作成功\",\"code\":200}', 0, NULL, '2024-04-25 16:47:44', 18);
INSERT INTO `sys_oper_log` VALUES (204, '菜单管理', 2, 'com.ruoyi.web.controller.system.SysMenuController.edit()', 'PUT', 1, 'admin', '研发部门', '/system/menu', '127.0.0.1', '内网IP', '{\"children\":[],\"createTime\":\"2024-04-18 20:27:37\",\"icon\":\"monitor\",\"isCache\":\"0\",\"isFrame\":\"1\",\"menuId\":2,\"menuName\":\"系统监控\",\"menuType\":\"M\",\"orderNum\":21,\"params\":{},\"parentId\":0,\"path\":\"monitor\",\"perms\":\"\",\"query\":\"\",\"status\":\"0\",\"updateBy\":\"admin\",\"visible\":\"0\"}', '{\"msg\":\"操作成功\",\"code\":200}', 0, NULL, '2024-04-25 16:47:51', 12);
INSERT INTO `sys_oper_log` VALUES (205, '菜单管理', 2, 'com.ruoyi.web.controller.system.SysMenuController.edit()', 'PUT', 1, 'admin', '研发部门', '/system/menu', '127.0.0.1', '内网IP', '{\"children\":[],\"createTime\":\"2024-04-21 15:12:16\",\"icon\":\"chart\",\"isCache\":\"0\",\"isFrame\":\"1\",\"menuId\":2000,\"menuName\":\"科研KPI分类管理\",\"menuType\":\"M\",\"orderNum\":10,\"params\":{},\"parentId\":0,\"path\":\"type\",\"perms\":\"\",\"status\":\"0\",\"updateBy\":\"admin\",\"visible\":\"0\"}', '{\"msg\":\"操作成功\",\"code\":200}', 0, NULL, '2024-04-25 16:47:56', 12);
INSERT INTO `sys_oper_log` VALUES (206, '菜单管理', 1, 'com.ruoyi.web.controller.system.SysMenuController.add()', 'POST', 1, 'admin', '研发部门', '/system/menu', '127.0.0.1', '内网IP', '{\"children\":[],\"createBy\":\"admin\",\"icon\":\"druid\",\"isCache\":\"0\",\"isFrame\":\"1\",\"menuName\":\"非教学论文管理\",\"menuType\":\"M\",\"orderNum\":1,\"params\":{},\"parentId\":0,\"path\":\"noTeachPaper\",\"status\":\"0\",\"visible\":\"0\"}', '{\"msg\":\"操作成功\",\"code\":200}', 0, NULL, '2024-04-25 16:49:41', 16);
INSERT INTO `sys_oper_log` VALUES (207, '菜单管理', 1, 'com.ruoyi.web.controller.system.SysMenuController.add()', 'POST', 1, 'admin', '研发部门', '/system/menu', '127.0.0.1', '内网IP', '{\"children\":[],\"createBy\":\"admin\",\"icon\":\"date-range\",\"isCache\":\"0\",\"isFrame\":\"1\",\"menuName\":\"项目管理\",\"menuType\":\"M\",\"orderNum\":2,\"params\":{},\"parentId\":0,\"path\":\"project\",\"status\":\"0\",\"visible\":\"0\"}', '{\"msg\":\"操作成功\",\"code\":200}', 0, NULL, '2024-04-25 16:50:18', 13);
INSERT INTO `sys_oper_log` VALUES (208, '菜单管理', 1, 'com.ruoyi.web.controller.system.SysMenuController.add()', 'POST', 1, 'admin', '研发部门', '/system/menu', '127.0.0.1', '内网IP', '{\"children\":[],\"createBy\":\"admin\",\"icon\":\"language\",\"isCache\":\"0\",\"isFrame\":\"1\",\"menuName\":\"知识产权\",\"menuType\":\"M\",\"orderNum\":3,\"params\":{},\"parentId\":0,\"path\":\"intellectual\",\"status\":\"0\",\"visible\":\"0\"}', '{\"msg\":\"操作成功\",\"code\":200}', 0, NULL, '2024-04-25 16:50:56', 11);
INSERT INTO `sys_oper_log` VALUES (209, '菜单管理', 1, 'com.ruoyi.web.controller.system.SysMenuController.add()', 'POST', 1, 'admin', '研发部门', '/system/menu', '127.0.0.1', '内网IP', '{\"children\":[],\"createBy\":\"admin\",\"icon\":\"button\",\"isCache\":\"0\",\"isFrame\":\"1\",\"menuName\":\"标准管理\",\"menuType\":\"M\",\"orderNum\":4,\"params\":{},\"parentId\":0,\"path\":\"standard\",\"status\":\"0\",\"visible\":\"0\"}', '{\"msg\":\"操作成功\",\"code\":200}', 0, NULL, '2024-04-25 16:51:38', 11);
INSERT INTO `sys_oper_log` VALUES (210, '菜单管理', 1, 'com.ruoyi.web.controller.system.SysMenuController.add()', 'POST', 1, 'admin', '研发部门', '/system/menu', '127.0.0.1', '内网IP', '{\"children\":[],\"createBy\":\"admin\",\"icon\":\"checkbox\",\"isCache\":\"0\",\"isFrame\":\"1\",\"menuName\":\"奖项\",\"menuType\":\"M\",\"orderNum\":5,\"params\":{},\"parentId\":0,\"path\":\"awards\",\"status\":\"0\",\"visible\":\"0\"}', '{\"msg\":\"操作成功\",\"code\":200}', 0, NULL, '2024-04-25 16:52:09', 10);
INSERT INTO `sys_oper_log` VALUES (211, '菜单管理', 1, 'com.ruoyi.web.controller.system.SysMenuController.add()', 'POST', 1, 'admin', '研发部门', '/system/menu', '127.0.0.1', '内网IP', '{\"children\":[],\"createBy\":\"admin\",\"icon\":\"clipboard\",\"isCache\":\"0\",\"isFrame\":\"1\",\"menuName\":\"优秀论文/讲座管理\",\"menuType\":\"M\",\"orderNum\":6,\"params\":{},\"parentId\":0,\"path\":\"excellentPaperChair\",\"status\":\"0\",\"visible\":\"0\"}', '{\"msg\":\"操作成功\",\"code\":200}', 0, NULL, '2024-04-25 16:54:07', 12);
INSERT INTO `sys_oper_log` VALUES (212, '菜单管理', 1, 'com.ruoyi.web.controller.system.SysMenuController.add()', 'POST', 1, 'admin', '研发部门', '/system/menu', '127.0.0.1', '内网IP', '{\"children\":[],\"createBy\":\"admin\",\"icon\":\"international\",\"isCache\":\"0\",\"isFrame\":\"1\",\"menuName\":\"国际学术组织任职管理\",\"menuType\":\"M\",\"orderNum\":7,\"params\":{},\"parentId\":0,\"path\":\"organization\",\"status\":\"0\",\"visible\":\"0\"}', '{\"msg\":\"操作成功\",\"code\":200}', 0, NULL, '2024-04-25 16:55:16', 13);
INSERT INTO `sys_oper_log` VALUES (213, '菜单管理', 1, 'com.ruoyi.web.controller.system.SysMenuController.add()', 'POST', 1, 'admin', '研发部门', '/system/menu', '127.0.0.1', '内网IP', '{\"children\":[],\"createBy\":\"admin\",\"icon\":\"monitor\",\"isCache\":\"0\",\"isFrame\":\"1\",\"menuName\":\"科技成果管理\",\"menuType\":\"M\",\"orderNum\":8,\"params\":{},\"parentId\":0,\"path\":\"science\",\"status\":\"0\",\"visible\":\"0\"}', '{\"msg\":\"操作成功\",\"code\":200}', 0, NULL, '2024-04-25 16:56:01', 11);
INSERT INTO `sys_oper_log` VALUES (214, '菜单管理', 2, 'com.ruoyi.web.controller.system.SysMenuController.edit()', 'PUT', 1, 'admin', '研发部门', '/system/menu', '127.0.0.1', '内网IP', '{\"children\":[],\"createTime\":\"2024-04-25 16:50:56\",\"icon\":\"language\",\"isCache\":\"0\",\"isFrame\":\"1\",\"menuId\":2020,\"menuName\":\"知识产权管理\",\"menuType\":\"M\",\"orderNum\":3,\"params\":{},\"parentId\":0,\"path\":\"intellectual\",\"perms\":\"\",\"status\":\"0\",\"updateBy\":\"admin\",\"visible\":\"0\"}', '{\"msg\":\"操作成功\",\"code\":200}', 0, NULL, '2024-04-25 16:56:11', 12);
INSERT INTO `sys_oper_log` VALUES (215, '菜单管理', 2, 'com.ruoyi.web.controller.system.SysMenuController.edit()', 'PUT', 1, 'admin', '研发部门', '/system/menu', '127.0.0.1', '内网IP', '{\"children\":[],\"createTime\":\"2024-04-25 16:52:09\",\"icon\":\"checkbox\",\"isCache\":\"0\",\"isFrame\":\"1\",\"menuId\":2022,\"menuName\":\"奖项管理\",\"menuType\":\"M\",\"orderNum\":5,\"params\":{},\"parentId\":0,\"path\":\"awards\",\"perms\":\"\",\"status\":\"0\",\"updateBy\":\"admin\",\"visible\":\"0\"}', '{\"msg\":\"操作成功\",\"code\":200}', 0, NULL, '2024-04-25 16:56:18', 12);
INSERT INTO `sys_oper_log` VALUES (216, '字典类型', 1, 'com.ruoyi.web.controller.system.SysDictTypeController.add()', 'POST', 1, 'admin', '研发部门', '/system/dict/type', '127.0.0.1', '内网IP', '{\"createBy\":\"admin\",\"dictName\":\"a\",\"dictType\":\"a\",\"params\":{},\"status\":\"0\"}', '{\"msg\":\"操作成功\",\"code\":200}', 0, NULL, '2024-04-25 17:04:34', 14);
INSERT INTO `sys_oper_log` VALUES (217, '字典类型', 2, 'com.ruoyi.web.controller.system.SysDictTypeController.edit()', 'PUT', 1, 'admin', '研发部门', '/system/dict/type', '127.0.0.1', '内网IP', '{\"createBy\":\"admin\",\"createTime\":\"2024-04-25 17:04:34\",\"dictId\":11,\"dictName\":\"a\",\"dictType\":\"kpi\",\"params\":{},\"status\":\"0\",\"updateBy\":\"admin\"}', '{\"msg\":\"操作成功\",\"code\":200}', 0, NULL, '2024-04-25 17:04:51', 17);
INSERT INTO `sys_oper_log` VALUES (218, '字典类型', 2, 'com.ruoyi.web.controller.system.SysDictTypeController.edit()', 'PUT', 1, 'admin', '研发部门', '/system/dict/type', '127.0.0.1', '内网IP', '{\"createBy\":\"admin\",\"createTime\":\"2024-04-25 17:04:34\",\"dictId\":11,\"dictName\":\"审核状态\",\"dictType\":\"kpi_audit_state\",\"params\":{},\"status\":\"0\",\"updateBy\":\"admin\"}', '{\"msg\":\"操作成功\",\"code\":200}', 0, NULL, '2024-04-25 17:05:20', 15);
INSERT INTO `sys_oper_log` VALUES (219, '字典数据', 1, 'com.ruoyi.web.controller.system.SysDictDataController.add()', 'POST', 1, 'admin', '研发部门', '/system/dict/data', '127.0.0.1', '内网IP', '{\"createBy\":\"admin\",\"default\":false,\"dictLabel\":\"待审核\",\"dictSort\":0,\"dictType\":\"kpi_audit_state\",\"dictValue\":\"0\",\"listClass\":\"primary\",\"params\":{},\"status\":\"0\"}', '{\"msg\":\"操作成功\",\"code\":200}', 0, NULL, '2024-04-25 17:07:40', 14);
INSERT INTO `sys_oper_log` VALUES (220, '字典数据', 1, 'com.ruoyi.web.controller.system.SysDictDataController.add()', 'POST', 1, 'admin', '研发部门', '/system/dict/data', '127.0.0.1', '内网IP', '{\"createBy\":\"admin\",\"default\":false,\"dictLabel\":\"审核成功\",\"dictSort\":0,\"dictType\":\"kpi_audit_state\",\"dictValue\":\"1\",\"listClass\":\"success\",\"params\":{},\"status\":\"0\"}', '{\"msg\":\"操作成功\",\"code\":200}', 0, NULL, '2024-04-25 17:07:57', 11);
INSERT INTO `sys_oper_log` VALUES (221, '字典数据', 1, 'com.ruoyi.web.controller.system.SysDictDataController.add()', 'POST', 1, 'admin', '研发部门', '/system/dict/data', '127.0.0.1', '内网IP', '{\"createBy\":\"admin\",\"default\":false,\"dictLabel\":\"审核驳回\",\"dictSort\":0,\"dictType\":\"kpi_audit_state\",\"dictValue\":\"2\",\"listClass\":\"danger\",\"params\":{},\"status\":\"0\"}', '{\"msg\":\"操作成功\",\"code\":200}', 0, NULL, '2024-04-25 17:08:11', 11);
INSERT INTO `sys_oper_log` VALUES (222, '字典类型', 1, 'com.ruoyi.web.controller.system.SysDictTypeController.add()', 'POST', 1, 'admin', '研发部门', '/system/dict/type', '127.0.0.1', '内网IP', '{\"createBy\":\"admin\",\"dictName\":\"是否首次拨款\",\"dictType\":\"is_first_appropriation\",\"params\":{},\"status\":\"0\"}', '{\"msg\":\"操作成功\",\"code\":200}', 0, NULL, '2024-04-25 17:08:59', 12);
INSERT INTO `sys_oper_log` VALUES (223, '字典数据', 1, 'com.ruoyi.web.controller.system.SysDictDataController.add()', 'POST', 1, 'admin', '研发部门', '/system/dict/data', '127.0.0.1', '内网IP', '{\"createBy\":\"admin\",\"default\":false,\"dictLabel\":\"否\",\"dictSort\":0,\"dictType\":\"is_first_appropriation\",\"dictValue\":\"0\",\"listClass\":\"danger\",\"params\":{},\"status\":\"0\"}', '{\"msg\":\"操作成功\",\"code\":200}', 0, NULL, '2024-04-25 17:09:20', 17);
INSERT INTO `sys_oper_log` VALUES (224, '字典数据', 1, 'com.ruoyi.web.controller.system.SysDictDataController.add()', 'POST', 1, 'admin', '研发部门', '/system/dict/data', '127.0.0.1', '内网IP', '{\"createBy\":\"admin\",\"default\":false,\"dictLabel\":\"是\",\"dictSort\":0,\"dictType\":\"is_first_appropriation\",\"dictValue\":\"1\",\"listClass\":\"success\",\"params\":{},\"status\":\"0\"}', '{\"msg\":\"操作成功\",\"code\":200}', 0, NULL, '2024-04-25 17:09:27', 12);
INSERT INTO `sys_oper_log` VALUES (225, '字典数据', 2, 'com.ruoyi.web.controller.system.SysDictDataController.edit()', 'PUT', 1, 'admin', '研发部门', '/system/dict/data', '127.0.0.1', '内网IP', '{\"createBy\":\"admin\",\"createTime\":\"2024-04-25 17:09:27\",\"default\":false,\"dictCode\":104,\"dictLabel\":\"是\",\"dictSort\":0,\"dictType\":\"is_first_appropriation\",\"dictValue\":\"1\",\"isDefault\":\"N\",\"listClass\":\"primary\",\"params\":{},\"status\":\"0\",\"updateBy\":\"admin\"}', '{\"msg\":\"操作成功\",\"code\":200}', 0, NULL, '2024-04-25 17:09:33', 12);
INSERT INTO `sys_oper_log` VALUES (226, '代码生成', 6, 'com.ruoyi.generator.controller.GenController.importTableSave()', 'POST', 1, 'admin', '研发部门', '/tool/gen/importTable', '127.0.0.1', '内网IP', '{\"tables\":\"kpi_paper_no_teach,kpi_intellectual,kpi_standard,kpi_awards,kpi_excellent_paper_chai,kpi_organization,kpi_science,kpi_project\"}', '{\"msg\":\"操作成功\",\"code\":200}', 0, NULL, '2024-04-25 17:10:15', 269);
INSERT INTO `sys_oper_log` VALUES (227, '代码生成', 2, 'com.ruoyi.generator.controller.GenController.editSave()', 'PUT', 1, 'admin', '研发部门', '/tool/gen', '127.0.0.1', '内网IP', '{\"businessName\":\"awards\",\"className\":\"KpiAwards\",\"columns\":[{\"capJavaField\":\"AwardsId\",\"columnComment\":\"奖项id\",\"columnId\":38,\"columnName\":\"awards_id\",\"columnType\":\"bigint(20)\",\"createBy\":\"admin\",\"createTime\":\"2024-04-25 17:10:15\",\"dictType\":\"\",\"edit\":false,\"htmlType\":\"input\",\"increment\":true,\"insert\":true,\"isIncrement\":\"1\",\"isInsert\":\"1\",\"isPk\":\"1\",\"isRequired\":\"0\",\"javaField\":\"awardsId\",\"javaType\":\"Long\",\"list\":false,\"params\":{},\"pk\":true,\"query\":false,\"queryType\":\"EQ\",\"required\":false,\"sort\":1,\"superColumn\":false,\"tableId\":5,\"updateBy\":\"\",\"usableColumn\":false},{\"capJavaField\":\"AwardsName\",\"columnComment\":\"奖项名称\",\"columnId\":39,\"columnName\":\"awards_name\",\"columnType\":\"varchar(255)\",\"createBy\":\"admin\",\"createTime\":\"2024-04-25 17:10:15\",\"dictType\":\"\",\"edit\":true,\"htmlType\":\"input\",\"increment\":false,\"insert\":true,\"isEdit\":\"1\",\"isIncrement\":\"0\",\"isInsert\":\"1\",\"isList\":\"1\",\"isPk\":\"0\",\"isQuery\":\"1\",\"isRequired\":\"0\",\"javaField\":\"awardsName\",\"javaType\":\"String\",\"list\":true,\"params\":{},\"pk\":false,\"query\":true,\"queryType\":\"LIKE\",\"required\":false,\"sort\":2,\"superColumn\":false,\"tableId\":5,\"updateBy\":\"\",\"usableColumn\":false},{\"capJavaField\":\"TeacherId\",\"columnComment\":\"教师id\",\"columnId\":40,\"columnName\":\"teacher_id\",\"columnType\":\"bigint(20)\",\"createBy\":\"admin\",\"createTime\":\"2024-04-25 17:10:15\",\"dictType\":\"\",\"edit\":true,\"htmlType\":\"input\",\"increment\":false,\"insert\":true,\"isEdit\":\"1\",\"isIncrement\":\"0\",\"isInsert\":\"1\",\"isList\":\"1\",\"isPk\":\"0\",\"isQuery\":\"1\",\"isRequired\":\"0\",\"javaField\":\"teacherId\",\"javaType\":\"Long\",\"list\":true,\"params\":{},\"pk\":false,\"query\":true,\"queryType\":\"EQ\",\"required\":false,\"sort\":3,\"superColumn\":false,\"tableId\":5,\"updateBy\":\"\",\"usableColumn\":false},{\"capJavaField\":\"AcquireTime\",\"columnComment\":\"获得日期\",\"columnId\":41,\"columnName\":\"acquire_time\",\"columnType\":\"datetime\",\"createBy\":\"admin\",\"createTime\":\"2024-04-25 17:10:15\",\"dictType\":\"\",\"edit\":true,\"htmlType\":\"datetime\",\"increment\":false,\"insert\":true,\"isEdit\":\"1\",\"isIncrement\":\"0\",\"isInsert\":\"1\",\"isList\":\"1\",\"isPk\":\"0\",', '{\"msg\":\"操作成功\",\"code\":200}', 0, NULL, '2024-04-25 20:20:00', 41);
INSERT INTO `sys_oper_log` VALUES (228, '代码生成', 2, 'com.ruoyi.generator.controller.GenController.editSave()', 'PUT', 1, 'admin', '研发部门', '/tool/gen', '127.0.0.1', '内网IP', '{\"businessName\":\"chai\",\"className\":\"KpiExcellentPaperChai\",\"columns\":[{\"capJavaField\":\"ExcellentPaperChairId\",\"columnComment\":\"指导优秀论文与讲座id\",\"columnId\":53,\"columnName\":\"excellent_paper_chair_id\",\"columnType\":\"bigint(20)\",\"createBy\":\"admin\",\"createTime\":\"2024-04-25 17:10:15\",\"dictType\":\"\",\"edit\":false,\"htmlType\":\"input\",\"increment\":true,\"insert\":true,\"isIncrement\":\"1\",\"isInsert\":\"1\",\"isPk\":\"1\",\"isRequired\":\"0\",\"javaField\":\"excellentPaperChairId\",\"javaType\":\"Long\",\"list\":false,\"params\":{},\"pk\":true,\"query\":false,\"queryType\":\"EQ\",\"required\":false,\"sort\":1,\"superColumn\":false,\"tableId\":6,\"updateBy\":\"\",\"usableColumn\":false},{\"capJavaField\":\"ExcellentPaperChaiName\",\"columnComment\":\"论文/讲座名称\",\"columnId\":54,\"columnName\":\"excellent_paper_chai_name\",\"columnType\":\"varchar(255)\",\"createBy\":\"admin\",\"createTime\":\"2024-04-25 17:10:15\",\"dictType\":\"\",\"edit\":true,\"htmlType\":\"input\",\"increment\":false,\"insert\":true,\"isEdit\":\"1\",\"isIncrement\":\"0\",\"isInsert\":\"1\",\"isList\":\"1\",\"isPk\":\"0\",\"isQuery\":\"1\",\"isRequired\":\"1\",\"javaField\":\"excellentPaperChaiName\",\"javaType\":\"String\",\"list\":true,\"params\":{},\"pk\":false,\"query\":true,\"queryType\":\"LIKE\",\"required\":true,\"sort\":2,\"superColumn\":false,\"tableId\":6,\"updateBy\":\"\",\"usableColumn\":false},{\"capJavaField\":\"ApprovingUnit\",\"columnComment\":\"批准单位\",\"columnId\":55,\"columnName\":\"approving_unit\",\"columnType\":\"varchar(255)\",\"createBy\":\"admin\",\"createTime\":\"2024-04-25 17:10:15\",\"dictType\":\"\",\"edit\":true,\"htmlType\":\"input\",\"increment\":false,\"insert\":true,\"isEdit\":\"1\",\"isIncrement\":\"0\",\"isInsert\":\"1\",\"isList\":\"1\",\"isPk\":\"0\",\"isQuery\":\"1\",\"isRequired\":\"1\",\"javaField\":\"approvingUnit\",\"javaType\":\"String\",\"list\":true,\"params\":{},\"pk\":false,\"query\":true,\"queryType\":\"LIKE\",\"required\":true,\"sort\":3,\"superColumn\":false,\"tableId\":6,\"updateBy\":\"\",\"usableColumn\":false},{\"capJavaField\":\"ApprovingTime\",\"columnComment\":\"批准时间\",\"columnId\":56,\"columnName\":\"approving_time\",\"columnType\":\"datetime\",\"createBy\":\"admin\",\"createTime\":\"2024-04-25 17:10:15\",\"dictType\":\"\",\"edit\":true,\"html', '{\"msg\":\"操作成功\",\"code\":200}', 0, NULL, '2024-04-25 20:21:46', 30);
INSERT INTO `sys_oper_log` VALUES (229, '代码生成', 2, 'com.ruoyi.generator.controller.GenController.editSave()', 'PUT', 1, 'admin', '研发部门', '/tool/gen', '127.0.0.1', '内网IP', '{\"businessName\":\"awards\",\"className\":\"KpiAwards\",\"columns\":[{\"capJavaField\":\"AwardsId\",\"columnComment\":\"奖项id\",\"columnId\":38,\"columnName\":\"awards_id\",\"columnType\":\"bigint(20)\",\"createBy\":\"admin\",\"createTime\":\"2024-04-25 17:10:15\",\"dictType\":\"\",\"edit\":false,\"htmlType\":\"input\",\"increment\":true,\"insert\":true,\"isIncrement\":\"1\",\"isInsert\":\"1\",\"isPk\":\"1\",\"isRequired\":\"0\",\"javaField\":\"awardsId\",\"javaType\":\"Long\",\"list\":false,\"params\":{},\"pk\":true,\"query\":false,\"queryType\":\"EQ\",\"required\":false,\"sort\":1,\"superColumn\":false,\"tableId\":5,\"updateBy\":\"\",\"updateTime\":\"2024-04-25 20:20:00\",\"usableColumn\":false},{\"capJavaField\":\"AwardsName\",\"columnComment\":\"奖项名称\",\"columnId\":39,\"columnName\":\"awards_name\",\"columnType\":\"varchar(255)\",\"createBy\":\"admin\",\"createTime\":\"2024-04-25 17:10:15\",\"dictType\":\"\",\"edit\":true,\"htmlType\":\"input\",\"increment\":false,\"insert\":true,\"isEdit\":\"1\",\"isIncrement\":\"0\",\"isInsert\":\"1\",\"isList\":\"1\",\"isPk\":\"0\",\"isQuery\":\"1\",\"isRequired\":\"1\",\"javaField\":\"awardsName\",\"javaType\":\"String\",\"list\":true,\"params\":{},\"pk\":false,\"query\":true,\"queryType\":\"LIKE\",\"required\":true,\"sort\":2,\"superColumn\":false,\"tableId\":5,\"updateBy\":\"\",\"updateTime\":\"2024-04-25 20:20:00\",\"usableColumn\":false},{\"capJavaField\":\"TeacherId\",\"columnComment\":\"教师id\",\"columnId\":40,\"columnName\":\"teacher_id\",\"columnType\":\"bigint(20)\",\"createBy\":\"admin\",\"createTime\":\"2024-04-25 17:10:15\",\"dictType\":\"\",\"edit\":true,\"htmlType\":\"input\",\"increment\":false,\"insert\":true,\"isEdit\":\"1\",\"isIncrement\":\"0\",\"isInsert\":\"1\",\"isList\":\"1\",\"isPk\":\"0\",\"isQuery\":\"1\",\"isRequired\":\"1\",\"javaField\":\"teacherId\",\"javaType\":\"Long\",\"list\":true,\"params\":{},\"pk\":false,\"query\":true,\"queryType\":\"EQ\",\"required\":true,\"sort\":3,\"superColumn\":false,\"tableId\":5,\"updateBy\":\"\",\"updateTime\":\"2024-04-25 20:20:00\",\"usableColumn\":false},{\"capJavaField\":\"AcquireTime\",\"columnComment\":\"获得日期\",\"columnId\":41,\"columnName\":\"acquire_time\",\"columnType\":\"datetime\",\"createBy\":\"admin\",\"createTime\":\"2024-04-25 17:10:15\",\"dictType\":\"\",\"edit\":true,\"htmlType\":\"datetime\"', '{\"msg\":\"操作成功\",\"code\":200}', 0, NULL, '2024-04-25 20:23:15', 30);
INSERT INTO `sys_oper_log` VALUES (230, '代码生成', 2, 'com.ruoyi.generator.controller.GenController.editSave()', 'PUT', 1, 'admin', '研发部门', '/tool/gen', '127.0.0.1', '内网IP', '{\"businessName\":\"intellectual\",\"className\":\"KpiIntellectual\",\"columns\":[{\"capJavaField\":\"IntellectualId\",\"columnComment\":\"知识产权id\",\"columnId\":68,\"columnName\":\"intellectual_id\",\"columnType\":\"bigint(20)\",\"createBy\":\"admin\",\"createTime\":\"2024-04-25 17:10:15\",\"dictType\":\"\",\"edit\":false,\"htmlType\":\"input\",\"increment\":true,\"insert\":true,\"isIncrement\":\"1\",\"isInsert\":\"1\",\"isPk\":\"1\",\"isRequired\":\"0\",\"javaField\":\"intellectualId\",\"javaType\":\"Long\",\"list\":false,\"params\":{},\"pk\":true,\"query\":false,\"queryType\":\"EQ\",\"required\":false,\"sort\":1,\"superColumn\":false,\"tableId\":7,\"updateBy\":\"\",\"usableColumn\":false},{\"capJavaField\":\"TeacherId\",\"columnComment\":\"教师id\",\"columnId\":69,\"columnName\":\"teacher_id\",\"columnType\":\"bigint(20)\",\"createBy\":\"admin\",\"createTime\":\"2024-04-25 17:10:15\",\"dictType\":\"\",\"edit\":true,\"htmlType\":\"input\",\"increment\":false,\"insert\":true,\"isEdit\":\"1\",\"isIncrement\":\"0\",\"isInsert\":\"1\",\"isList\":\"1\",\"isPk\":\"0\",\"isQuery\":\"1\",\"isRequired\":\"1\",\"javaField\":\"teacherId\",\"javaType\":\"Long\",\"list\":true,\"params\":{},\"pk\":false,\"query\":true,\"queryType\":\"EQ\",\"required\":true,\"sort\":2,\"superColumn\":false,\"tableId\":7,\"updateBy\":\"\",\"usableColumn\":false},{\"capJavaField\":\"IntellectualName\",\"columnComment\":\"知识产权名称\",\"columnId\":70,\"columnName\":\"intellectual_name\",\"columnType\":\"varchar(255)\",\"createBy\":\"admin\",\"createTime\":\"2024-04-25 17:10:15\",\"dictType\":\"\",\"edit\":true,\"htmlType\":\"input\",\"increment\":false,\"insert\":true,\"isEdit\":\"1\",\"isIncrement\":\"0\",\"isInsert\":\"1\",\"isList\":\"1\",\"isPk\":\"0\",\"isQuery\":\"1\",\"isRequired\":\"1\",\"javaField\":\"intellectualName\",\"javaType\":\"String\",\"list\":true,\"params\":{},\"pk\":false,\"query\":true,\"queryType\":\"LIKE\",\"required\":true,\"sort\":3,\"superColumn\":false,\"tableId\":7,\"updateBy\":\"\",\"usableColumn\":false},{\"capJavaField\":\"IntellectualNumber\",\"columnComment\":\"知识产权编号\",\"columnId\":71,\"columnName\":\"intellectual_number\",\"columnType\":\"varchar(255)\",\"createBy\":\"admin\",\"createTime\":\"2024-04-25 17:10:15\",\"dictType\":\"\",\"edit\":true,\"htmlType\":\"input\",\"increment\":false,\"insert\":true,\"is', '{\"msg\":\"操作成功\",\"code\":200}', 0, NULL, '2024-04-25 20:27:36', 33);
INSERT INTO `sys_oper_log` VALUES (231, '代码生成', 2, 'com.ruoyi.generator.controller.GenController.editSave()', 'PUT', 1, 'admin', '研发部门', '/tool/gen', '127.0.0.1', '内网IP', '{\"businessName\":\"organization\",\"className\":\"KpiOrganization\",\"columns\":[{\"capJavaField\":\"OrganizationId\",\"columnComment\":\"国际学术组织任职id\",\"columnId\":84,\"columnName\":\"organization_id\",\"columnType\":\"bigint(20)\",\"createBy\":\"admin\",\"createTime\":\"2024-04-25 17:10:15\",\"dictType\":\"\",\"edit\":false,\"htmlType\":\"input\",\"increment\":true,\"insert\":true,\"isIncrement\":\"1\",\"isInsert\":\"1\",\"isPk\":\"1\",\"isRequired\":\"0\",\"javaField\":\"organizationId\",\"javaType\":\"Long\",\"list\":false,\"params\":{},\"pk\":true,\"query\":false,\"queryType\":\"EQ\",\"required\":false,\"sort\":1,\"superColumn\":false,\"tableId\":8,\"updateBy\":\"\",\"usableColumn\":false},{\"capJavaField\":\"OrganizationName\",\"columnComment\":\"国际学术组织名称\",\"columnId\":85,\"columnName\":\"organization_name\",\"columnType\":\"varchar(255)\",\"createBy\":\"admin\",\"createTime\":\"2024-04-25 17:10:15\",\"dictType\":\"\",\"edit\":true,\"htmlType\":\"input\",\"increment\":false,\"insert\":true,\"isEdit\":\"1\",\"isIncrement\":\"0\",\"isInsert\":\"1\",\"isList\":\"1\",\"isPk\":\"0\",\"isQuery\":\"1\",\"isRequired\":\"1\",\"javaField\":\"organizationName\",\"javaType\":\"String\",\"list\":true,\"params\":{},\"pk\":false,\"query\":true,\"queryType\":\"LIKE\",\"required\":true,\"sort\":2,\"superColumn\":false,\"tableId\":8,\"updateBy\":\"\",\"usableColumn\":false},{\"capJavaField\":\"TeacherId\",\"columnComment\":\"教师id\",\"columnId\":86,\"columnName\":\"teacher_id\",\"columnType\":\"bigint(20)\",\"createBy\":\"admin\",\"createTime\":\"2024-04-25 17:10:15\",\"dictType\":\"\",\"edit\":true,\"htmlType\":\"input\",\"increment\":false,\"insert\":true,\"isEdit\":\"1\",\"isIncrement\":\"0\",\"isInsert\":\"1\",\"isList\":\"1\",\"isPk\":\"0\",\"isQuery\":\"1\",\"isRequired\":\"1\",\"javaField\":\"teacherId\",\"javaType\":\"Long\",\"list\":true,\"params\":{},\"pk\":false,\"query\":true,\"queryType\":\"EQ\",\"required\":true,\"sort\":3,\"superColumn\":false,\"tableId\":8,\"updateBy\":\"\",\"usableColumn\":false},{\"capJavaField\":\"TakeOfficeTime\",\"columnComment\":\"任职日期\",\"columnId\":87,\"columnName\":\"take_office_time\",\"columnType\":\"datetime\",\"createBy\":\"admin\",\"createTime\":\"2024-04-25 17:10:15\",\"dictType\":\"\",\"edit\":true,\"htmlType\":\"datetime\",\"increment\":false,\"insert\":true,\"isEdit', '{\"msg\":\"操作成功\",\"code\":200}', 0, NULL, '2024-04-25 20:28:46', 25);
INSERT INTO `sys_oper_log` VALUES (232, '代码生成', 2, 'com.ruoyi.generator.controller.GenController.editSave()', 'PUT', 1, 'admin', '研发部门', '/tool/gen', '127.0.0.1', '内网IP', '{\"businessName\":\"paperNoTeach\",\"className\":\"KpiPaperNoTeach\",\"columns\":[{\"capJavaField\":\"PaperNoTeachId\",\"columnComment\":\"非教学类科研论文id\",\"columnId\":98,\"columnName\":\"paper_no_teach_id\",\"columnType\":\"bigint(20)\",\"createBy\":\"admin\",\"createTime\":\"2024-04-25 17:10:15\",\"dictType\":\"\",\"edit\":false,\"htmlType\":\"input\",\"increment\":true,\"insert\":true,\"isIncrement\":\"1\",\"isInsert\":\"1\",\"isPk\":\"1\",\"isRequired\":\"0\",\"javaField\":\"paperNoTeachId\",\"javaType\":\"Long\",\"list\":false,\"params\":{},\"pk\":true,\"query\":false,\"queryType\":\"EQ\",\"required\":false,\"sort\":1,\"superColumn\":false,\"tableId\":9,\"updateBy\":\"\",\"usableColumn\":false},{\"capJavaField\":\"TeacherId\",\"columnComment\":\"教师id\",\"columnId\":99,\"columnName\":\"teacher_id\",\"columnType\":\"bigint(20)\",\"createBy\":\"admin\",\"createTime\":\"2024-04-25 17:10:15\",\"dictType\":\"\",\"edit\":true,\"htmlType\":\"input\",\"increment\":false,\"insert\":true,\"isEdit\":\"1\",\"isIncrement\":\"0\",\"isInsert\":\"1\",\"isList\":\"1\",\"isPk\":\"0\",\"isQuery\":\"1\",\"isRequired\":\"0\",\"javaField\":\"teacherId\",\"javaType\":\"Long\",\"list\":true,\"params\":{},\"pk\":false,\"query\":true,\"queryType\":\"EQ\",\"required\":false,\"sort\":2,\"superColumn\":false,\"tableId\":9,\"updateBy\":\"\",\"usableColumn\":false},{\"capJavaField\":\"PaperName\",\"columnComment\":\"论文名称\",\"columnId\":100,\"columnName\":\"paper_name\",\"columnType\":\"varchar(255)\",\"createBy\":\"admin\",\"createTime\":\"2024-04-25 17:10:15\",\"dictType\":\"\",\"edit\":true,\"htmlType\":\"input\",\"increment\":false,\"insert\":true,\"isEdit\":\"1\",\"isIncrement\":\"0\",\"isInsert\":\"1\",\"isList\":\"1\",\"isPk\":\"0\",\"isQuery\":\"1\",\"isRequired\":\"0\",\"javaField\":\"paperName\",\"javaType\":\"String\",\"list\":true,\"params\":{},\"pk\":false,\"query\":true,\"queryType\":\"LIKE\",\"required\":false,\"sort\":3,\"superColumn\":false,\"tableId\":9,\"updateBy\":\"\",\"usableColumn\":false},{\"capJavaField\":\"PeriodicalName\",\"columnComment\":\"期刊/会议名称\",\"columnId\":101,\"columnName\":\"periodical_name\",\"columnType\":\"varchar(255)\",\"createBy\":\"admin\",\"createTime\":\"2024-04-25 17:10:15\",\"dictType\":\"\",\"edit\":true,\"htmlType\":\"input\",\"increment\":false,\"insert\":true,\"isEdit\":\"1\",\"isIncreme', '{\"msg\":\"操作成功\",\"code\":200}', 0, NULL, '2024-04-25 20:29:34', 35);
INSERT INTO `sys_oper_log` VALUES (233, '代码生成', 2, 'com.ruoyi.generator.controller.GenController.editSave()', 'PUT', 1, 'admin', '研发部门', '/tool/gen', '127.0.0.1', '内网IP', '{\"businessName\":\"paperNoTeach\",\"className\":\"KpiPaperNoTeach\",\"columns\":[{\"capJavaField\":\"PaperNoTeachId\",\"columnComment\":\"非教学类科研论文id\",\"columnId\":98,\"columnName\":\"paper_no_teach_id\",\"columnType\":\"bigint(20)\",\"createBy\":\"admin\",\"createTime\":\"2024-04-25 17:10:15\",\"dictType\":\"\",\"edit\":false,\"htmlType\":\"input\",\"increment\":true,\"insert\":true,\"isIncrement\":\"1\",\"isInsert\":\"1\",\"isPk\":\"1\",\"isRequired\":\"0\",\"javaField\":\"paperNoTeachId\",\"javaType\":\"Long\",\"list\":false,\"params\":{},\"pk\":true,\"query\":false,\"queryType\":\"EQ\",\"required\":false,\"sort\":1,\"superColumn\":false,\"tableId\":9,\"updateBy\":\"\",\"updateTime\":\"2024-04-25 20:29:34\",\"usableColumn\":false},{\"capJavaField\":\"TeacherId\",\"columnComment\":\"教师id\",\"columnId\":99,\"columnName\":\"teacher_id\",\"columnType\":\"bigint(20)\",\"createBy\":\"admin\",\"createTime\":\"2024-04-25 17:10:15\",\"dictType\":\"\",\"edit\":true,\"htmlType\":\"input\",\"increment\":false,\"insert\":true,\"isEdit\":\"1\",\"isIncrement\":\"0\",\"isInsert\":\"1\",\"isList\":\"1\",\"isPk\":\"0\",\"isQuery\":\"1\",\"isRequired\":\"1\",\"javaField\":\"teacherId\",\"javaType\":\"Long\",\"list\":true,\"params\":{},\"pk\":false,\"query\":true,\"queryType\":\"EQ\",\"required\":true,\"sort\":2,\"superColumn\":false,\"tableId\":9,\"updateBy\":\"\",\"updateTime\":\"2024-04-25 20:29:34\",\"usableColumn\":false},{\"capJavaField\":\"PaperName\",\"columnComment\":\"论文名称\",\"columnId\":100,\"columnName\":\"paper_name\",\"columnType\":\"varchar(255)\",\"createBy\":\"admin\",\"createTime\":\"2024-04-25 17:10:15\",\"dictType\":\"\",\"edit\":true,\"htmlType\":\"input\",\"increment\":false,\"insert\":true,\"isEdit\":\"1\",\"isIncrement\":\"0\",\"isInsert\":\"1\",\"isList\":\"1\",\"isPk\":\"0\",\"isQuery\":\"1\",\"isRequired\":\"1\",\"javaField\":\"paperName\",\"javaType\":\"String\",\"list\":true,\"params\":{},\"pk\":false,\"query\":true,\"queryType\":\"LIKE\",\"required\":true,\"sort\":3,\"superColumn\":false,\"tableId\":9,\"updateBy\":\"\",\"updateTime\":\"2024-04-25 20:29:34\",\"usableColumn\":false},{\"capJavaField\":\"PeriodicalName\",\"columnComment\":\"期刊/会议名称\",\"columnId\":101,\"columnName\":\"periodical_name\",\"columnType\":\"varchar(255)\",\"createBy\":\"admin\",\"createTime\":\"2024-04-25 17:10:1', '{\"msg\":\"操作成功\",\"code\":200}', 0, NULL, '2024-04-25 20:31:02', 35);
INSERT INTO `sys_oper_log` VALUES (234, '代码生成', 2, 'com.ruoyi.generator.controller.GenController.editSave()', 'PUT', 1, 'admin', '研发部门', '/tool/gen', '127.0.0.1', '内网IP', '{\"businessName\":\"project\",\"className\":\"KpiProject\",\"columns\":[{\"capJavaField\":\"ProjectId\",\"columnComment\":\"项目id\",\"columnId\":117,\"columnName\":\"project_id\",\"columnType\":\"bigint(20)\",\"createBy\":\"admin\",\"createTime\":\"2024-04-25 17:10:15\",\"dictType\":\"\",\"edit\":false,\"htmlType\":\"input\",\"increment\":true,\"insert\":true,\"isIncrement\":\"1\",\"isInsert\":\"1\",\"isPk\":\"1\",\"isRequired\":\"0\",\"javaField\":\"projectId\",\"javaType\":\"Long\",\"list\":false,\"params\":{},\"pk\":true,\"query\":false,\"queryType\":\"EQ\",\"required\":false,\"sort\":1,\"superColumn\":false,\"tableId\":10,\"updateBy\":\"\",\"usableColumn\":false},{\"capJavaField\":\"TeacherId\",\"columnComment\":\"教师id\",\"columnId\":118,\"columnName\":\"teacher_id\",\"columnType\":\"bigint(20)\",\"createBy\":\"admin\",\"createTime\":\"2024-04-25 17:10:15\",\"dictType\":\"\",\"edit\":true,\"htmlType\":\"input\",\"increment\":false,\"insert\":true,\"isEdit\":\"1\",\"isIncrement\":\"0\",\"isInsert\":\"1\",\"isList\":\"1\",\"isPk\":\"0\",\"isQuery\":\"1\",\"isRequired\":\"1\",\"javaField\":\"teacherId\",\"javaType\":\"Long\",\"list\":true,\"params\":{},\"pk\":false,\"query\":true,\"queryType\":\"EQ\",\"required\":true,\"sort\":2,\"superColumn\":false,\"tableId\":10,\"updateBy\":\"\",\"usableColumn\":false},{\"capJavaField\":\"ProjectName\",\"columnComment\":\"项目名称\",\"columnId\":119,\"columnName\":\"project_name\",\"columnType\":\"varchar(255)\",\"createBy\":\"admin\",\"createTime\":\"2024-04-25 17:10:15\",\"dictType\":\"\",\"edit\":true,\"htmlType\":\"input\",\"increment\":false,\"insert\":true,\"isEdit\":\"1\",\"isIncrement\":\"0\",\"isInsert\":\"1\",\"isList\":\"1\",\"isPk\":\"0\",\"isQuery\":\"1\",\"isRequired\":\"1\",\"javaField\":\"projectName\",\"javaType\":\"String\",\"list\":true,\"params\":{},\"pk\":false,\"query\":true,\"queryType\":\"LIKE\",\"required\":true,\"sort\":3,\"superColumn\":false,\"tableId\":10,\"updateBy\":\"\",\"usableColumn\":false},{\"capJavaField\":\"ProjectSource\",\"columnComment\":\"项目来源\",\"columnId\":120,\"columnName\":\"project_source\",\"columnType\":\"varchar(255)\",\"createBy\":\"admin\",\"createTime\":\"2024-04-25 17:10:15\",\"dictType\":\"\",\"edit\":true,\"htmlType\":\"input\",\"increment\":false,\"insert\":true,\"isEdit\":\"1\",\"isIncrement\":\"0\",\"isInsert\":\"1\",\"isLis', '{\"msg\":\"操作成功\",\"code\":200}', 0, NULL, '2024-04-25 20:34:05', 36);
INSERT INTO `sys_oper_log` VALUES (235, '代码生成', 2, 'com.ruoyi.generator.controller.GenController.editSave()', 'PUT', 1, 'admin', '研发部门', '/tool/gen', '127.0.0.1', '内网IP', '{\"businessName\":\"science\",\"className\":\"KpiScience\",\"columns\":[{\"capJavaField\":\"ScienceId\",\"columnComment\":\"科技成果id\",\"columnId\":140,\"columnName\":\"science_id\",\"columnType\":\"bigint(20)\",\"createBy\":\"admin\",\"createTime\":\"2024-04-25 17:10:15\",\"dictType\":\"\",\"edit\":false,\"htmlType\":\"input\",\"increment\":true,\"insert\":true,\"isIncrement\":\"1\",\"isInsert\":\"1\",\"isPk\":\"1\",\"isRequired\":\"0\",\"javaField\":\"scienceId\",\"javaType\":\"Long\",\"list\":false,\"params\":{},\"pk\":true,\"query\":false,\"queryType\":\"EQ\",\"required\":false,\"sort\":1,\"superColumn\":false,\"tableId\":11,\"updateBy\":\"\",\"usableColumn\":false},{\"capJavaField\":\"ScienceName\",\"columnComment\":\"科技成果名称\",\"columnId\":141,\"columnName\":\"science_name\",\"columnType\":\"varchar(255)\",\"createBy\":\"admin\",\"createTime\":\"2024-04-25 17:10:15\",\"dictType\":\"\",\"edit\":true,\"htmlType\":\"input\",\"increment\":false,\"insert\":true,\"isEdit\":\"1\",\"isIncrement\":\"0\",\"isInsert\":\"1\",\"isList\":\"1\",\"isPk\":\"0\",\"isQuery\":\"1\",\"isRequired\":\"1\",\"javaField\":\"scienceName\",\"javaType\":\"String\",\"list\":true,\"params\":{},\"pk\":false,\"query\":true,\"queryType\":\"LIKE\",\"required\":true,\"sort\":2,\"superColumn\":false,\"tableId\":11,\"updateBy\":\"\",\"usableColumn\":false},{\"capJavaField\":\"ScienceNumber\",\"columnComment\":\"科技成果合同编号\",\"columnId\":142,\"columnName\":\"science_number\",\"columnType\":\"varchar(255)\",\"createBy\":\"admin\",\"createTime\":\"2024-04-25 17:10:15\",\"dictType\":\"\",\"edit\":true,\"htmlType\":\"input\",\"increment\":false,\"insert\":true,\"isEdit\":\"1\",\"isIncrement\":\"0\",\"isInsert\":\"1\",\"isList\":\"1\",\"isPk\":\"0\",\"isQuery\":\"1\",\"isRequired\":\"1\",\"javaField\":\"scienceNumber\",\"javaType\":\"String\",\"list\":true,\"params\":{},\"pk\":false,\"query\":true,\"queryType\":\"EQ\",\"required\":true,\"sort\":3,\"superColumn\":false,\"tableId\":11,\"updateBy\":\"\",\"usableColumn\":false},{\"capJavaField\":\"Publish\\nTime\",\"columnComment\":\"发表日期\",\"columnId\":143,\"columnName\":\"publish\\n_time\",\"columnType\":\"datetime\",\"createBy\":\"admin\",\"createTime\":\"2024-04-25 17:10:15\",\"dictType\":\"\",\"edit\":true,\"htmlType\":\"datetime\",\"increment\":false,\"insert\":true,\"isEdit\":\"1\",\"isIncrement\":\"0', '{\"msg\":\"操作成功\",\"code\":200}', 0, NULL, '2024-04-25 20:35:46', 33);
INSERT INTO `sys_oper_log` VALUES (236, '代码生成', 2, 'com.ruoyi.generator.controller.GenController.editSave()', 'PUT', 1, 'admin', '研发部门', '/tool/gen', '127.0.0.1', '内网IP', '{\"businessName\":\"standard\",\"className\":\"KpiStandard\",\"columns\":[{\"capJavaField\":\"StandardId\",\"columnComment\":\"标准id\",\"columnId\":156,\"columnName\":\"standard_id\",\"columnType\":\"bigint(20)\",\"createBy\":\"admin\",\"createTime\":\"2024-04-25 17:10:15\",\"dictType\":\"\",\"edit\":false,\"htmlType\":\"input\",\"increment\":true,\"insert\":true,\"isIncrement\":\"1\",\"isInsert\":\"1\",\"isPk\":\"1\",\"isRequired\":\"0\",\"javaField\":\"standardId\",\"javaType\":\"Long\",\"list\":false,\"params\":{},\"pk\":true,\"query\":false,\"queryType\":\"EQ\",\"required\":false,\"sort\":1,\"superColumn\":false,\"tableId\":12,\"updateBy\":\"\",\"usableColumn\":false},{\"capJavaField\":\"TeacherId\",\"columnComment\":\"教师id\",\"columnId\":157,\"columnName\":\"teacher_id\",\"columnType\":\"bigint(20)\",\"createBy\":\"admin\",\"createTime\":\"2024-04-25 17:10:15\",\"dictType\":\"\",\"edit\":true,\"htmlType\":\"input\",\"increment\":false,\"insert\":true,\"isEdit\":\"1\",\"isIncrement\":\"0\",\"isInsert\":\"1\",\"isList\":\"1\",\"isPk\":\"0\",\"isQuery\":\"1\",\"isRequired\":\"0\",\"javaField\":\"teacherId\",\"javaType\":\"Long\",\"list\":true,\"params\":{},\"pk\":false,\"query\":true,\"queryType\":\"EQ\",\"required\":false,\"sort\":2,\"superColumn\":false,\"tableId\":12,\"updateBy\":\"\",\"usableColumn\":false},{\"capJavaField\":\"StandardName\",\"columnComment\":\"标准名称\",\"columnId\":158,\"columnName\":\"standard_name\",\"columnType\":\"varchar(255)\",\"createBy\":\"admin\",\"createTime\":\"2024-04-25 17:10:15\",\"dictType\":\"\",\"edit\":true,\"htmlType\":\"input\",\"increment\":false,\"insert\":true,\"isEdit\":\"1\",\"isIncrement\":\"0\",\"isInsert\":\"1\",\"isList\":\"1\",\"isPk\":\"0\",\"isQuery\":\"1\",\"isRequired\":\"0\",\"javaField\":\"standardName\",\"javaType\":\"String\",\"list\":true,\"params\":{},\"pk\":false,\"query\":true,\"queryType\":\"LIKE\",\"required\":false,\"sort\":3,\"superColumn\":false,\"tableId\":12,\"updateBy\":\"\",\"usableColumn\":false},{\"capJavaField\":\"AcquireTime\",\"columnComment\":\"获得日期\",\"columnId\":159,\"columnName\":\"acquire_time\",\"columnType\":\"datetime\",\"createBy\":\"admin\",\"createTime\":\"2024-04-25 17:10:15\",\"dictType\":\"\",\"edit\":true,\"htmlType\":\"datetime\",\"increment\":false,\"insert\":true,\"isEdit\":\"1\",\"isIncrement\":\"0\",\"isInsert\":\"1\",\"', '{\"msg\":\"操作成功\",\"code\":200}', 0, NULL, '2024-04-25 20:36:37', 25);
INSERT INTO `sys_oper_log` VALUES (237, '代码生成', 2, 'com.ruoyi.generator.controller.GenController.editSave()', 'PUT', 1, 'admin', '研发部门', '/tool/gen', '127.0.0.1', '内网IP', '{\"businessName\":\"standard\",\"className\":\"KpiStandard\",\"columns\":[{\"capJavaField\":\"StandardId\",\"columnComment\":\"标准id\",\"columnId\":156,\"columnName\":\"standard_id\",\"columnType\":\"bigint(20)\",\"createBy\":\"admin\",\"createTime\":\"2024-04-25 17:10:15\",\"dictType\":\"\",\"edit\":false,\"htmlType\":\"input\",\"increment\":true,\"insert\":true,\"isIncrement\":\"1\",\"isInsert\":\"1\",\"isPk\":\"1\",\"isRequired\":\"0\",\"javaField\":\"standardId\",\"javaType\":\"Long\",\"list\":false,\"params\":{},\"pk\":true,\"query\":false,\"queryType\":\"EQ\",\"required\":false,\"sort\":1,\"superColumn\":false,\"tableId\":12,\"updateBy\":\"\",\"updateTime\":\"2024-04-25 20:36:37\",\"usableColumn\":false},{\"capJavaField\":\"TeacherId\",\"columnComment\":\"教师id\",\"columnId\":157,\"columnName\":\"teacher_id\",\"columnType\":\"bigint(20)\",\"createBy\":\"admin\",\"createTime\":\"2024-04-25 17:10:15\",\"dictType\":\"\",\"edit\":true,\"htmlType\":\"input\",\"increment\":false,\"insert\":true,\"isEdit\":\"1\",\"isIncrement\":\"0\",\"isInsert\":\"1\",\"isList\":\"1\",\"isPk\":\"0\",\"isQuery\":\"1\",\"isRequired\":\"1\",\"javaField\":\"teacherId\",\"javaType\":\"Long\",\"list\":true,\"params\":{},\"pk\":false,\"query\":true,\"queryType\":\"EQ\",\"required\":true,\"sort\":2,\"superColumn\":false,\"tableId\":12,\"updateBy\":\"\",\"updateTime\":\"2024-04-25 20:36:37\",\"usableColumn\":false},{\"capJavaField\":\"StandardName\",\"columnComment\":\"标准名称\",\"columnId\":158,\"columnName\":\"standard_name\",\"columnType\":\"varchar(255)\",\"createBy\":\"admin\",\"createTime\":\"2024-04-25 17:10:15\",\"dictType\":\"\",\"edit\":true,\"htmlType\":\"input\",\"increment\":false,\"insert\":true,\"isEdit\":\"1\",\"isIncrement\":\"0\",\"isInsert\":\"1\",\"isList\":\"1\",\"isPk\":\"0\",\"isQuery\":\"1\",\"isRequired\":\"1\",\"javaField\":\"standardName\",\"javaType\":\"String\",\"list\":true,\"params\":{},\"pk\":false,\"query\":true,\"queryType\":\"LIKE\",\"required\":true,\"sort\":3,\"superColumn\":false,\"tableId\":12,\"updateBy\":\"\",\"updateTime\":\"2024-04-25 20:36:37\",\"usableColumn\":false},{\"capJavaField\":\"AcquireTime\",\"columnComment\":\"获得日期\",\"columnId\":159,\"columnName\":\"acquire_time\",\"columnType\":\"datetime\",\"createBy\":\"admin\",\"createTime\":\"2024-04-25 17:10:15\",\"dictType\":\"\",\"edit\":tru', '{\"msg\":\"操作成功\",\"code\":200}', 0, NULL, '2024-04-25 20:37:39', 27);
INSERT INTO `sys_oper_log` VALUES (238, '代码生成', 2, 'com.ruoyi.generator.controller.GenController.editSave()', 'PUT', 1, 'admin', '研发部门', '/tool/gen', '127.0.0.1', '内网IP', '{\"businessName\":\"science\",\"className\":\"KpiScience\",\"columns\":[{\"capJavaField\":\"ScienceId\",\"columnComment\":\"科技成果id\",\"columnId\":140,\"columnName\":\"science_id\",\"columnType\":\"bigint(20)\",\"createBy\":\"admin\",\"createTime\":\"2024-04-25 17:10:15\",\"dictType\":\"\",\"edit\":false,\"htmlType\":\"input\",\"increment\":true,\"insert\":true,\"isIncrement\":\"1\",\"isInsert\":\"1\",\"isPk\":\"1\",\"isRequired\":\"0\",\"javaField\":\"scienceId\",\"javaType\":\"Long\",\"list\":false,\"params\":{},\"pk\":true,\"query\":false,\"queryType\":\"EQ\",\"required\":false,\"sort\":1,\"superColumn\":false,\"tableId\":11,\"updateBy\":\"\",\"updateTime\":\"2024-04-25 20:35:46\",\"usableColumn\":false},{\"capJavaField\":\"ScienceName\",\"columnComment\":\"科技成果名称\",\"columnId\":141,\"columnName\":\"science_name\",\"columnType\":\"varchar(255)\",\"createBy\":\"admin\",\"createTime\":\"2024-04-25 17:10:15\",\"dictType\":\"\",\"edit\":true,\"htmlType\":\"input\",\"increment\":false,\"insert\":true,\"isEdit\":\"1\",\"isIncrement\":\"0\",\"isInsert\":\"1\",\"isList\":\"1\",\"isPk\":\"0\",\"isQuery\":\"1\",\"isRequired\":\"1\",\"javaField\":\"scienceName\",\"javaType\":\"String\",\"list\":true,\"params\":{},\"pk\":false,\"query\":true,\"queryType\":\"LIKE\",\"required\":true,\"sort\":2,\"superColumn\":false,\"tableId\":11,\"updateBy\":\"\",\"updateTime\":\"2024-04-25 20:35:46\",\"usableColumn\":false},{\"capJavaField\":\"ScienceNumber\",\"columnComment\":\"科技成果合同编号\",\"columnId\":142,\"columnName\":\"science_number\",\"columnType\":\"varchar(255)\",\"createBy\":\"admin\",\"createTime\":\"2024-04-25 17:10:15\",\"dictType\":\"\",\"edit\":true,\"htmlType\":\"input\",\"increment\":false,\"insert\":true,\"isEdit\":\"1\",\"isIncrement\":\"0\",\"isInsert\":\"1\",\"isList\":\"1\",\"isPk\":\"0\",\"isQuery\":\"1\",\"isRequired\":\"1\",\"javaField\":\"scienceNumber\",\"javaType\":\"String\",\"list\":true,\"params\":{},\"pk\":false,\"query\":true,\"queryType\":\"EQ\",\"required\":true,\"sort\":3,\"superColumn\":false,\"tableId\":11,\"updateBy\":\"\",\"updateTime\":\"2024-04-25 20:35:46\",\"usableColumn\":false},{\"capJavaField\":\"Publish\\nTime\",\"columnComment\":\"发表日期\",\"columnId\":143,\"columnName\":\"publish\\n_time\",\"columnType\":\"datetime\",\"createBy\":\"admin\",\"createTime\":\"2024-04-25 17:10:15\",\"dic', '{\"msg\":\"操作成功\",\"code\":200}', 0, NULL, '2024-04-25 20:37:48', 29);
INSERT INTO `sys_oper_log` VALUES (239, '代码生成', 8, 'com.ruoyi.generator.controller.GenController.batchGenCode()', 'GET', 1, 'admin', '研发部门', '/tool/gen/batchGenCode', '127.0.0.1', '内网IP', '{\"tables\":\"kpi_awards,kpi_excellent_paper_chai,kpi_intellectual,kpi_organization,kpi_paper_no_teach,kpi_project,kpi_science,kpi_standard\"}', NULL, 0, NULL, '2024-04-25 20:38:14', 288);
INSERT INTO `sys_oper_log` VALUES (240, '菜单管理', 2, 'com.ruoyi.web.controller.system.SysMenuController.edit()', 'PUT', 1, 'admin', '研发部门', '/system/menu', '127.0.0.1', '内网IP', '{\"children\":[],\"component\":\"kpi/project/index\",\"createTime\":\"2024-04-25 20:39:22\",\"icon\":\"#\",\"isCache\":\"0\",\"isFrame\":\"1\",\"menuId\":2050,\"menuName\":\"项目信息\",\"menuType\":\"C\",\"orderNum\":1,\"params\":{},\"parentId\":2019,\"path\":\"project\",\"perms\":\"kpi:project:list\",\"status\":\"0\",\"updateBy\":\"admin\",\"visible\":\"0\"}', '{\"msg\":\"操作成功\",\"code\":200}', 0, NULL, '2024-04-25 20:40:10', 10);
INSERT INTO `sys_oper_log` VALUES (241, '代码生成', 2, 'com.ruoyi.generator.controller.GenController.synchDb()', 'GET', 1, 'admin', '研发部门', '/tool/gen/synchDb/kpi_teacher', '127.0.0.1', '内网IP', '{}', '{\"msg\":\"操作成功\",\"code\":200}', 0, NULL, '2024-04-25 21:00:24', 86);
INSERT INTO `sys_oper_log` VALUES (242, '代码生成', 2, 'com.ruoyi.generator.controller.GenController.synchDb()', 'GET', 1, 'admin', '研发部门', '/tool/gen/synchDb/kpi_awards', '127.0.0.1', '内网IP', '{}', '{\"msg\":\"操作成功\",\"code\":200}', 0, NULL, '2024-04-25 21:00:27', 72);
INSERT INTO `sys_oper_log` VALUES (243, '代码生成', 2, 'com.ruoyi.generator.controller.GenController.synchDb()', 'GET', 1, 'admin', '研发部门', '/tool/gen/synchDb/kpi_excellent_paper_chai', '127.0.0.1', '内网IP', '{}', '{\"msg\":\"操作成功\",\"code\":200}', 0, NULL, '2024-04-25 21:00:39', 60);
INSERT INTO `sys_oper_log` VALUES (244, '代码生成', 2, 'com.ruoyi.generator.controller.GenController.synchDb()', 'GET', 1, 'admin', '研发部门', '/tool/gen/synchDb/kpi_intellectual', '127.0.0.1', '内网IP', '{}', '{\"msg\":\"操作成功\",\"code\":200}', 0, NULL, '2024-04-25 21:00:41', 52);
INSERT INTO `sys_oper_log` VALUES (245, '代码生成', 2, 'com.ruoyi.generator.controller.GenController.synchDb()', 'GET', 1, 'admin', '研发部门', '/tool/gen/synchDb/kpi_organization', '127.0.0.1', '内网IP', '{}', '{\"msg\":\"操作成功\",\"code\":200}', 0, NULL, '2024-04-25 21:00:43', 45);
INSERT INTO `sys_oper_log` VALUES (246, '代码生成', 2, 'com.ruoyi.generator.controller.GenController.synchDb()', 'GET', 1, 'admin', '研发部门', '/tool/gen/synchDb/kpi_paper_no_teach', '127.0.0.1', '内网IP', '{}', '{\"msg\":\"操作成功\",\"code\":200}', 0, NULL, '2024-04-25 21:00:44', 55);
INSERT INTO `sys_oper_log` VALUES (247, '代码生成', 2, 'com.ruoyi.generator.controller.GenController.synchDb()', 'GET', 1, 'admin', '研发部门', '/tool/gen/synchDb/kpi_science', '127.0.0.1', '内网IP', '{}', '{\"msg\":\"操作成功\",\"code\":200}', 0, NULL, '2024-04-25 21:00:49', 42);
INSERT INTO `sys_oper_log` VALUES (248, '代码生成', 2, 'com.ruoyi.generator.controller.GenController.synchDb()', 'GET', 1, 'admin', '研发部门', '/tool/gen/synchDb/kpi_standard', '127.0.0.1', '内网IP', '{}', '{\"msg\":\"操作成功\",\"code\":200}', 0, NULL, '2024-04-25 21:01:04', 41);
INSERT INTO `sys_oper_log` VALUES (249, '代码生成', 2, 'com.ruoyi.generator.controller.GenController.editSave()', 'PUT', 1, 'admin', '研发部门', '/tool/gen', '127.0.0.1', '内网IP', '{\"businessName\":\"standard\",\"className\":\"KpiStandard\",\"columns\":[{\"capJavaField\":\"StandardId\",\"columnComment\":\"标准id\",\"columnId\":156,\"columnName\":\"standard_id\",\"columnType\":\"bigint(20)\",\"createBy\":\"admin\",\"createTime\":\"2024-04-25 17:10:15\",\"dictType\":\"\",\"edit\":false,\"htmlType\":\"input\",\"increment\":true,\"insert\":true,\"isIncrement\":\"1\",\"isInsert\":\"1\",\"isPk\":\"1\",\"isRequired\":\"0\",\"javaField\":\"standardId\",\"javaType\":\"Long\",\"list\":false,\"params\":{},\"pk\":true,\"query\":false,\"queryType\":\"EQ\",\"required\":false,\"sort\":1,\"superColumn\":false,\"tableId\":12,\"updateBy\":\"\",\"updateTime\":\"2024-04-25 21:01:04\",\"usableColumn\":false},{\"capJavaField\":\"TeacherId\",\"columnComment\":\"教师id\",\"columnId\":157,\"columnName\":\"teacher_id\",\"columnType\":\"bigint(20)\",\"createBy\":\"admin\",\"createTime\":\"2024-04-25 17:10:15\",\"dictType\":\"\",\"edit\":true,\"htmlType\":\"input\",\"increment\":false,\"insert\":true,\"isEdit\":\"1\",\"isIncrement\":\"0\",\"isInsert\":\"1\",\"isList\":\"1\",\"isPk\":\"0\",\"isQuery\":\"1\",\"isRequired\":\"1\",\"javaField\":\"teacherId\",\"javaType\":\"Long\",\"list\":true,\"params\":{},\"pk\":false,\"query\":true,\"queryType\":\"EQ\",\"required\":true,\"sort\":2,\"superColumn\":false,\"tableId\":12,\"updateBy\":\"\",\"updateTime\":\"2024-04-25 21:01:04\",\"usableColumn\":false},{\"capJavaField\":\"StandardName\",\"columnComment\":\"标准名称\",\"columnId\":158,\"columnName\":\"standard_name\",\"columnType\":\"varchar(255)\",\"createBy\":\"admin\",\"createTime\":\"2024-04-25 17:10:15\",\"dictType\":\"\",\"edit\":true,\"htmlType\":\"input\",\"increment\":false,\"insert\":true,\"isEdit\":\"1\",\"isIncrement\":\"0\",\"isInsert\":\"1\",\"isList\":\"1\",\"isPk\":\"0\",\"isQuery\":\"1\",\"isRequired\":\"1\",\"javaField\":\"standardName\",\"javaType\":\"String\",\"list\":true,\"params\":{},\"pk\":false,\"query\":true,\"queryType\":\"LIKE\",\"required\":true,\"sort\":3,\"superColumn\":false,\"tableId\":12,\"updateBy\":\"\",\"updateTime\":\"2024-04-25 21:01:04\",\"usableColumn\":false},{\"capJavaField\":\"AcquireTime\",\"columnComment\":\"获得日期\",\"columnId\":159,\"columnName\":\"acquire_time\",\"columnType\":\"datetime\",\"createBy\":\"admin\",\"createTime\":\"2024-04-25 17:10:15\",\"dictType\":\"\",\"edit\":tru', '{\"msg\":\"操作成功\",\"code\":200}', 0, NULL, '2024-04-25 21:01:48', 44);
INSERT INTO `sys_oper_log` VALUES (250, '代码生成', 2, 'com.ruoyi.generator.controller.GenController.editSave()', 'PUT', 1, 'admin', '研发部门', '/tool/gen', '127.0.0.1', '内网IP', '{\"businessName\":\"awards\",\"className\":\"KpiAwards\",\"columns\":[{\"capJavaField\":\"AwardsId\",\"columnComment\":\"奖项id\",\"columnId\":38,\"columnName\":\"awards_id\",\"columnType\":\"bigint(20)\",\"createBy\":\"admin\",\"createTime\":\"2024-04-25 17:10:15\",\"dictType\":\"\",\"edit\":false,\"htmlType\":\"input\",\"increment\":true,\"insert\":true,\"isIncrement\":\"1\",\"isInsert\":\"1\",\"isPk\":\"1\",\"isRequired\":\"0\",\"javaField\":\"awardsId\",\"javaType\":\"Long\",\"list\":false,\"params\":{},\"pk\":true,\"query\":false,\"queryType\":\"EQ\",\"required\":false,\"sort\":1,\"superColumn\":false,\"tableId\":5,\"updateBy\":\"\",\"updateTime\":\"2024-04-25 21:00:27\",\"usableColumn\":false},{\"capJavaField\":\"AwardsName\",\"columnComment\":\"奖项名称\",\"columnId\":39,\"columnName\":\"awards_name\",\"columnType\":\"varchar(255)\",\"createBy\":\"admin\",\"createTime\":\"2024-04-25 17:10:15\",\"dictType\":\"\",\"edit\":true,\"htmlType\":\"input\",\"increment\":false,\"insert\":true,\"isEdit\":\"1\",\"isIncrement\":\"0\",\"isInsert\":\"1\",\"isList\":\"1\",\"isPk\":\"0\",\"isQuery\":\"1\",\"isRequired\":\"1\",\"javaField\":\"awardsName\",\"javaType\":\"String\",\"list\":true,\"params\":{},\"pk\":false,\"query\":true,\"queryType\":\"LIKE\",\"required\":true,\"sort\":2,\"superColumn\":false,\"tableId\":5,\"updateBy\":\"\",\"updateTime\":\"2024-04-25 21:00:27\",\"usableColumn\":false},{\"capJavaField\":\"TeacherId\",\"columnComment\":\"教师id\",\"columnId\":40,\"columnName\":\"teacher_id\",\"columnType\":\"bigint(20)\",\"createBy\":\"admin\",\"createTime\":\"2024-04-25 17:10:15\",\"dictType\":\"\",\"edit\":true,\"htmlType\":\"input\",\"increment\":false,\"insert\":true,\"isEdit\":\"1\",\"isIncrement\":\"0\",\"isInsert\":\"1\",\"isList\":\"1\",\"isPk\":\"0\",\"isQuery\":\"1\",\"isRequired\":\"1\",\"javaField\":\"teacherId\",\"javaType\":\"Long\",\"list\":true,\"params\":{},\"pk\":false,\"query\":true,\"queryType\":\"EQ\",\"required\":true,\"sort\":3,\"superColumn\":false,\"tableId\":5,\"updateBy\":\"\",\"updateTime\":\"2024-04-25 21:00:27\",\"usableColumn\":false},{\"capJavaField\":\"AcquireTime\",\"columnComment\":\"获得日期\",\"columnId\":41,\"columnName\":\"acquire_time\",\"columnType\":\"datetime\",\"createBy\":\"admin\",\"createTime\":\"2024-04-25 17:10:15\",\"dictType\":\"\",\"edit\":true,\"htmlType\":\"datetime\"', '{\"msg\":\"操作成功\",\"code\":200}', 0, NULL, '2024-04-25 21:02:28', 40);
INSERT INTO `sys_oper_log` VALUES (251, '代码生成', 2, 'com.ruoyi.generator.controller.GenController.editSave()', 'PUT', 1, 'admin', '研发部门', '/tool/gen', '127.0.0.1', '内网IP', '{\"businessName\":\"chai\",\"className\":\"KpiExcellentPaperChai\",\"columns\":[{\"capJavaField\":\"ExcellentPaperChairId\",\"columnComment\":\"指导优秀论文与讲座id\",\"columnId\":53,\"columnName\":\"excellent_paper_chair_id\",\"columnType\":\"bigint(20)\",\"createBy\":\"admin\",\"createTime\":\"2024-04-25 17:10:15\",\"dictType\":\"\",\"edit\":false,\"htmlType\":\"input\",\"increment\":true,\"insert\":true,\"isIncrement\":\"1\",\"isInsert\":\"1\",\"isPk\":\"1\",\"isRequired\":\"0\",\"javaField\":\"excellentPaperChairId\",\"javaType\":\"Long\",\"list\":false,\"params\":{},\"pk\":true,\"query\":false,\"queryType\":\"EQ\",\"required\":false,\"sort\":1,\"superColumn\":false,\"tableId\":6,\"updateBy\":\"\",\"updateTime\":\"2024-04-25 21:00:39\",\"usableColumn\":false},{\"capJavaField\":\"ExcellentPaperChaiName\",\"columnComment\":\"论文/讲座名称\",\"columnId\":54,\"columnName\":\"excellent_paper_chai_name\",\"columnType\":\"varchar(255)\",\"createBy\":\"admin\",\"createTime\":\"2024-04-25 17:10:15\",\"dictType\":\"\",\"edit\":true,\"htmlType\":\"input\",\"increment\":false,\"insert\":true,\"isEdit\":\"1\",\"isIncrement\":\"0\",\"isInsert\":\"1\",\"isList\":\"1\",\"isPk\":\"0\",\"isQuery\":\"1\",\"isRequired\":\"1\",\"javaField\":\"excellentPaperChaiName\",\"javaType\":\"String\",\"list\":true,\"params\":{},\"pk\":false,\"query\":true,\"queryType\":\"LIKE\",\"required\":true,\"sort\":2,\"superColumn\":false,\"tableId\":6,\"updateBy\":\"\",\"updateTime\":\"2024-04-25 21:00:39\",\"usableColumn\":false},{\"capJavaField\":\"ApprovingUnit\",\"columnComment\":\"批准单位\",\"columnId\":55,\"columnName\":\"approving_unit\",\"columnType\":\"varchar(255)\",\"createBy\":\"admin\",\"createTime\":\"2024-04-25 17:10:15\",\"dictType\":\"\",\"edit\":true,\"htmlType\":\"input\",\"increment\":false,\"insert\":true,\"isEdit\":\"1\",\"isIncrement\":\"0\",\"isInsert\":\"1\",\"isList\":\"1\",\"isPk\":\"0\",\"isQuery\":\"1\",\"isRequired\":\"1\",\"javaField\":\"approvingUnit\",\"javaType\":\"String\",\"list\":true,\"params\":{},\"pk\":false,\"query\":true,\"queryType\":\"LIKE\",\"required\":true,\"sort\":3,\"superColumn\":false,\"tableId\":6,\"updateBy\":\"\",\"updateTime\":\"2024-04-25 21:00:39\",\"usableColumn\":false},{\"capJavaField\":\"ApprovingTime\",\"columnComment\":\"批准时间\",\"columnId\":56,\"columnName\":\"approving_time\",\"col', '{\"msg\":\"操作成功\",\"code\":200}', 0, NULL, '2024-04-25 21:03:01', 37);
INSERT INTO `sys_oper_log` VALUES (252, '代码生成', 2, 'com.ruoyi.generator.controller.GenController.editSave()', 'PUT', 1, 'admin', '研发部门', '/tool/gen', '127.0.0.1', '内网IP', '{\"businessName\":\"intellectual\",\"className\":\"KpiIntellectual\",\"columns\":[{\"capJavaField\":\"IntellectualId\",\"columnComment\":\"知识产权id\",\"columnId\":68,\"columnName\":\"intellectual_id\",\"columnType\":\"bigint(20)\",\"createBy\":\"admin\",\"createTime\":\"2024-04-25 17:10:15\",\"dictType\":\"\",\"edit\":false,\"htmlType\":\"input\",\"increment\":true,\"insert\":true,\"isIncrement\":\"1\",\"isInsert\":\"1\",\"isPk\":\"1\",\"isRequired\":\"0\",\"javaField\":\"intellectualId\",\"javaType\":\"Long\",\"list\":false,\"params\":{},\"pk\":true,\"query\":false,\"queryType\":\"EQ\",\"required\":false,\"sort\":1,\"superColumn\":false,\"tableId\":7,\"updateBy\":\"\",\"updateTime\":\"2024-04-25 21:00:41\",\"usableColumn\":false},{\"capJavaField\":\"TeacherId\",\"columnComment\":\"教师id\",\"columnId\":69,\"columnName\":\"teacher_id\",\"columnType\":\"bigint(20)\",\"createBy\":\"admin\",\"createTime\":\"2024-04-25 17:10:15\",\"dictType\":\"\",\"edit\":true,\"htmlType\":\"input\",\"increment\":false,\"insert\":true,\"isEdit\":\"1\",\"isIncrement\":\"0\",\"isInsert\":\"1\",\"isList\":\"1\",\"isPk\":\"0\",\"isQuery\":\"1\",\"isRequired\":\"1\",\"javaField\":\"teacherId\",\"javaType\":\"Long\",\"list\":true,\"params\":{},\"pk\":false,\"query\":true,\"queryType\":\"EQ\",\"required\":true,\"sort\":2,\"superColumn\":false,\"tableId\":7,\"updateBy\":\"\",\"updateTime\":\"2024-04-25 21:00:41\",\"usableColumn\":false},{\"capJavaField\":\"IntellectualName\",\"columnComment\":\"知识产权名称\",\"columnId\":70,\"columnName\":\"intellectual_name\",\"columnType\":\"varchar(255)\",\"createBy\":\"admin\",\"createTime\":\"2024-04-25 17:10:15\",\"dictType\":\"\",\"edit\":true,\"htmlType\":\"input\",\"increment\":false,\"insert\":true,\"isEdit\":\"1\",\"isIncrement\":\"0\",\"isInsert\":\"1\",\"isList\":\"1\",\"isPk\":\"0\",\"isQuery\":\"1\",\"isRequired\":\"1\",\"javaField\":\"intellectualName\",\"javaType\":\"String\",\"list\":true,\"params\":{},\"pk\":false,\"query\":true,\"queryType\":\"LIKE\",\"required\":true,\"sort\":3,\"superColumn\":false,\"tableId\":7,\"updateBy\":\"\",\"updateTime\":\"2024-04-25 21:00:41\",\"usableColumn\":false},{\"capJavaField\":\"IntellectualNumber\",\"columnComment\":\"知识产权编号\",\"columnId\":71,\"columnName\":\"intellectual_number\",\"columnType\":\"varchar(255)\",\"createBy\":\"admin\",\"createTim', '{\"msg\":\"操作成功\",\"code\":200}', 0, NULL, '2024-04-25 21:03:48', 36);
INSERT INTO `sys_oper_log` VALUES (253, '代码生成', 2, 'com.ruoyi.generator.controller.GenController.editSave()', 'PUT', 1, 'admin', '研发部门', '/tool/gen', '127.0.0.1', '内网IP', '{\"businessName\":\"organization\",\"className\":\"KpiOrganization\",\"columns\":[{\"capJavaField\":\"OrganizationId\",\"columnComment\":\"国际学术组织任职id\",\"columnId\":84,\"columnName\":\"organization_id\",\"columnType\":\"bigint(20)\",\"createBy\":\"admin\",\"createTime\":\"2024-04-25 17:10:15\",\"dictType\":\"\",\"edit\":false,\"htmlType\":\"input\",\"increment\":true,\"insert\":true,\"isIncrement\":\"1\",\"isInsert\":\"1\",\"isPk\":\"1\",\"isRequired\":\"0\",\"javaField\":\"organizationId\",\"javaType\":\"Long\",\"list\":false,\"params\":{},\"pk\":true,\"query\":false,\"queryType\":\"EQ\",\"required\":false,\"sort\":1,\"superColumn\":false,\"tableId\":8,\"updateBy\":\"\",\"updateTime\":\"2024-04-25 21:00:43\",\"usableColumn\":false},{\"capJavaField\":\"OrganizationName\",\"columnComment\":\"国际学术组织名称\",\"columnId\":85,\"columnName\":\"organization_name\",\"columnType\":\"varchar(255)\",\"createBy\":\"admin\",\"createTime\":\"2024-04-25 17:10:15\",\"dictType\":\"\",\"edit\":true,\"htmlType\":\"input\",\"increment\":false,\"insert\":true,\"isEdit\":\"1\",\"isIncrement\":\"0\",\"isInsert\":\"1\",\"isList\":\"1\",\"isPk\":\"0\",\"isQuery\":\"1\",\"isRequired\":\"1\",\"javaField\":\"organizationName\",\"javaType\":\"String\",\"list\":true,\"params\":{},\"pk\":false,\"query\":true,\"queryType\":\"LIKE\",\"required\":true,\"sort\":2,\"superColumn\":false,\"tableId\":8,\"updateBy\":\"\",\"updateTime\":\"2024-04-25 21:00:43\",\"usableColumn\":false},{\"capJavaField\":\"TeacherId\",\"columnComment\":\"教师id\",\"columnId\":86,\"columnName\":\"teacher_id\",\"columnType\":\"bigint(20)\",\"createBy\":\"admin\",\"createTime\":\"2024-04-25 17:10:15\",\"dictType\":\"\",\"edit\":true,\"htmlType\":\"input\",\"increment\":false,\"insert\":true,\"isEdit\":\"1\",\"isIncrement\":\"0\",\"isInsert\":\"1\",\"isList\":\"1\",\"isPk\":\"0\",\"isQuery\":\"1\",\"isRequired\":\"1\",\"javaField\":\"teacherId\",\"javaType\":\"Long\",\"list\":true,\"params\":{},\"pk\":false,\"query\":true,\"queryType\":\"EQ\",\"required\":true,\"sort\":3,\"superColumn\":false,\"tableId\":8,\"updateBy\":\"\",\"updateTime\":\"2024-04-25 21:00:43\",\"usableColumn\":false},{\"capJavaField\":\"TakeOfficeTime\",\"columnComment\":\"任职日期\",\"columnId\":87,\"columnName\":\"take_office_time\",\"columnType\":\"datetime\",\"createBy\":\"admin\",\"createTime\":\"202', '{\"msg\":\"操作成功\",\"code\":200}', 0, NULL, '2024-04-25 21:04:29', 30);
INSERT INTO `sys_oper_log` VALUES (254, '代码生成', 2, 'com.ruoyi.generator.controller.GenController.editSave()', 'PUT', 1, 'admin', '研发部门', '/tool/gen', '127.0.0.1', '内网IP', '{\"businessName\":\"awards\",\"className\":\"KpiAwards\",\"columns\":[{\"capJavaField\":\"AwardsId\",\"columnComment\":\"奖项id\",\"columnId\":38,\"columnName\":\"awards_id\",\"columnType\":\"bigint(20)\",\"createBy\":\"admin\",\"createTime\":\"2024-04-25 17:10:15\",\"dictType\":\"\",\"edit\":false,\"htmlType\":\"input\",\"increment\":true,\"insert\":true,\"isIncrement\":\"1\",\"isInsert\":\"1\",\"isPk\":\"1\",\"isRequired\":\"0\",\"javaField\":\"awardsId\",\"javaType\":\"Long\",\"list\":false,\"params\":{},\"pk\":true,\"query\":false,\"queryType\":\"EQ\",\"required\":false,\"sort\":1,\"superColumn\":false,\"tableId\":5,\"updateBy\":\"\",\"updateTime\":\"2024-04-25 21:02:28\",\"usableColumn\":false},{\"capJavaField\":\"AwardsName\",\"columnComment\":\"奖项名称\",\"columnId\":39,\"columnName\":\"awards_name\",\"columnType\":\"varchar(255)\",\"createBy\":\"admin\",\"createTime\":\"2024-04-25 17:10:15\",\"dictType\":\"\",\"edit\":true,\"htmlType\":\"input\",\"increment\":false,\"insert\":true,\"isEdit\":\"1\",\"isIncrement\":\"0\",\"isInsert\":\"1\",\"isList\":\"1\",\"isPk\":\"0\",\"isQuery\":\"1\",\"isRequired\":\"1\",\"javaField\":\"awardsName\",\"javaType\":\"String\",\"list\":true,\"params\":{},\"pk\":false,\"query\":true,\"queryType\":\"LIKE\",\"required\":true,\"sort\":2,\"superColumn\":false,\"tableId\":5,\"updateBy\":\"\",\"updateTime\":\"2024-04-25 21:02:28\",\"usableColumn\":false},{\"capJavaField\":\"TeacherId\",\"columnComment\":\"教师id\",\"columnId\":40,\"columnName\":\"teacher_id\",\"columnType\":\"bigint(20)\",\"createBy\":\"admin\",\"createTime\":\"2024-04-25 17:10:15\",\"dictType\":\"\",\"edit\":true,\"htmlType\":\"input\",\"increment\":false,\"insert\":true,\"isEdit\":\"1\",\"isIncrement\":\"0\",\"isInsert\":\"1\",\"isList\":\"1\",\"isPk\":\"0\",\"isQuery\":\"1\",\"isRequired\":\"1\",\"javaField\":\"teacherId\",\"javaType\":\"Long\",\"list\":true,\"params\":{},\"pk\":false,\"query\":true,\"queryType\":\"EQ\",\"required\":true,\"sort\":3,\"superColumn\":false,\"tableId\":5,\"updateBy\":\"\",\"updateTime\":\"2024-04-25 21:02:28\",\"usableColumn\":false},{\"capJavaField\":\"AcquireTime\",\"columnComment\":\"获得日期\",\"columnId\":41,\"columnName\":\"acquire_time\",\"columnType\":\"datetime\",\"createBy\":\"admin\",\"createTime\":\"2024-04-25 17:10:15\",\"dictType\":\"\",\"edit\":true,\"htmlType\":\"datetime\"', '{\"msg\":\"操作成功\",\"code\":200}', 0, NULL, '2024-04-25 21:04:45', 34);
INSERT INTO `sys_oper_log` VALUES (255, '代码生成', 2, 'com.ruoyi.generator.controller.GenController.editSave()', 'PUT', 1, 'admin', '研发部门', '/tool/gen', '127.0.0.1', '内网IP', '{\"businessName\":\"chai\",\"className\":\"KpiExcellentPaperChai\",\"columns\":[{\"capJavaField\":\"ExcellentPaperChairId\",\"columnComment\":\"指导优秀论文与讲座id\",\"columnId\":53,\"columnName\":\"excellent_paper_chair_id\",\"columnType\":\"bigint(20)\",\"createBy\":\"admin\",\"createTime\":\"2024-04-25 17:10:15\",\"dictType\":\"\",\"edit\":false,\"htmlType\":\"input\",\"increment\":true,\"insert\":true,\"isIncrement\":\"1\",\"isInsert\":\"1\",\"isPk\":\"1\",\"isRequired\":\"0\",\"javaField\":\"excellentPaperChairId\",\"javaType\":\"Long\",\"list\":false,\"params\":{},\"pk\":true,\"query\":false,\"queryType\":\"EQ\",\"required\":false,\"sort\":1,\"superColumn\":false,\"tableId\":6,\"updateBy\":\"\",\"updateTime\":\"2024-04-25 21:03:00\",\"usableColumn\":false},{\"capJavaField\":\"ExcellentPaperChaiName\",\"columnComment\":\"论文/讲座名称\",\"columnId\":54,\"columnName\":\"excellent_paper_chai_name\",\"columnType\":\"varchar(255)\",\"createBy\":\"admin\",\"createTime\":\"2024-04-25 17:10:15\",\"dictType\":\"\",\"edit\":true,\"htmlType\":\"input\",\"increment\":false,\"insert\":true,\"isEdit\":\"1\",\"isIncrement\":\"0\",\"isInsert\":\"1\",\"isList\":\"1\",\"isPk\":\"0\",\"isQuery\":\"1\",\"isRequired\":\"1\",\"javaField\":\"excellentPaperChaiName\",\"javaType\":\"String\",\"list\":true,\"params\":{},\"pk\":false,\"query\":true,\"queryType\":\"LIKE\",\"required\":true,\"sort\":2,\"superColumn\":false,\"tableId\":6,\"updateBy\":\"\",\"updateTime\":\"2024-04-25 21:03:00\",\"usableColumn\":false},{\"capJavaField\":\"ApprovingUnit\",\"columnComment\":\"批准单位\",\"columnId\":55,\"columnName\":\"approving_unit\",\"columnType\":\"varchar(255)\",\"createBy\":\"admin\",\"createTime\":\"2024-04-25 17:10:15\",\"dictType\":\"\",\"edit\":true,\"htmlType\":\"input\",\"increment\":false,\"insert\":true,\"isEdit\":\"1\",\"isIncrement\":\"0\",\"isInsert\":\"1\",\"isList\":\"1\",\"isPk\":\"0\",\"isQuery\":\"1\",\"isRequired\":\"1\",\"javaField\":\"approvingUnit\",\"javaType\":\"String\",\"list\":true,\"params\":{},\"pk\":false,\"query\":true,\"queryType\":\"LIKE\",\"required\":true,\"sort\":3,\"superColumn\":false,\"tableId\":6,\"updateBy\":\"\",\"updateTime\":\"2024-04-25 21:03:00\",\"usableColumn\":false},{\"capJavaField\":\"ApprovingTime\",\"columnComment\":\"批准时间\",\"columnId\":56,\"columnName\":\"approving_time\",\"col', '{\"msg\":\"操作成功\",\"code\":200}', 0, NULL, '2024-04-25 21:05:02', 40);
INSERT INTO `sys_oper_log` VALUES (256, '代码生成', 2, 'com.ruoyi.generator.controller.GenController.editSave()', 'PUT', 1, 'admin', '研发部门', '/tool/gen', '127.0.0.1', '内网IP', '{\"businessName\":\"intellectual\",\"className\":\"KpiIntellectual\",\"columns\":[{\"capJavaField\":\"IntellectualId\",\"columnComment\":\"知识产权id\",\"columnId\":68,\"columnName\":\"intellectual_id\",\"columnType\":\"bigint(20)\",\"createBy\":\"admin\",\"createTime\":\"2024-04-25 17:10:15\",\"dictType\":\"\",\"edit\":false,\"htmlType\":\"input\",\"increment\":true,\"insert\":true,\"isIncrement\":\"1\",\"isInsert\":\"1\",\"isPk\":\"1\",\"isRequired\":\"0\",\"javaField\":\"intellectualId\",\"javaType\":\"Long\",\"list\":false,\"params\":{},\"pk\":true,\"query\":false,\"queryType\":\"EQ\",\"required\":false,\"sort\":1,\"superColumn\":false,\"tableId\":7,\"updateBy\":\"\",\"updateTime\":\"2024-04-25 21:03:48\",\"usableColumn\":false},{\"capJavaField\":\"TeacherId\",\"columnComment\":\"教师id\",\"columnId\":69,\"columnName\":\"teacher_id\",\"columnType\":\"bigint(20)\",\"createBy\":\"admin\",\"createTime\":\"2024-04-25 17:10:15\",\"dictType\":\"\",\"edit\":true,\"htmlType\":\"input\",\"increment\":false,\"insert\":true,\"isEdit\":\"1\",\"isIncrement\":\"0\",\"isInsert\":\"1\",\"isList\":\"1\",\"isPk\":\"0\",\"isQuery\":\"1\",\"isRequired\":\"1\",\"javaField\":\"teacherId\",\"javaType\":\"Long\",\"list\":true,\"params\":{},\"pk\":false,\"query\":true,\"queryType\":\"EQ\",\"required\":true,\"sort\":2,\"superColumn\":false,\"tableId\":7,\"updateBy\":\"\",\"updateTime\":\"2024-04-25 21:03:48\",\"usableColumn\":false},{\"capJavaField\":\"IntellectualName\",\"columnComment\":\"知识产权名称\",\"columnId\":70,\"columnName\":\"intellectual_name\",\"columnType\":\"varchar(255)\",\"createBy\":\"admin\",\"createTime\":\"2024-04-25 17:10:15\",\"dictType\":\"\",\"edit\":true,\"htmlType\":\"input\",\"increment\":false,\"insert\":true,\"isEdit\":\"1\",\"isIncrement\":\"0\",\"isInsert\":\"1\",\"isList\":\"1\",\"isPk\":\"0\",\"isQuery\":\"1\",\"isRequired\":\"1\",\"javaField\":\"intellectualName\",\"javaType\":\"String\",\"list\":true,\"params\":{},\"pk\":false,\"query\":true,\"queryType\":\"LIKE\",\"required\":true,\"sort\":3,\"superColumn\":false,\"tableId\":7,\"updateBy\":\"\",\"updateTime\":\"2024-04-25 21:03:48\",\"usableColumn\":false},{\"capJavaField\":\"IntellectualNumber\",\"columnComment\":\"知识产权编号\",\"columnId\":71,\"columnName\":\"intellectual_number\",\"columnType\":\"varchar(255)\",\"createBy\":\"admin\",\"createTim', '{\"msg\":\"操作成功\",\"code\":200}', 0, NULL, '2024-04-25 21:05:13', 36);
INSERT INTO `sys_oper_log` VALUES (257, '代码生成', 2, 'com.ruoyi.generator.controller.GenController.editSave()', 'PUT', 1, 'admin', '研发部门', '/tool/gen', '127.0.0.1', '内网IP', '{\"businessName\":\"paperNoTeach\",\"className\":\"KpiPaperNoTeach\",\"columns\":[{\"capJavaField\":\"PaperNoTeachId\",\"columnComment\":\"非教学类科研论文id\",\"columnId\":98,\"columnName\":\"paper_no_teach_id\",\"columnType\":\"bigint(20)\",\"createBy\":\"admin\",\"createTime\":\"2024-04-25 17:10:15\",\"dictType\":\"\",\"edit\":false,\"htmlType\":\"input\",\"increment\":true,\"insert\":true,\"isIncrement\":\"1\",\"isInsert\":\"1\",\"isPk\":\"1\",\"isRequired\":\"0\",\"javaField\":\"paperNoTeachId\",\"javaType\":\"Long\",\"list\":false,\"params\":{},\"pk\":true,\"query\":false,\"queryType\":\"EQ\",\"required\":false,\"sort\":1,\"superColumn\":false,\"tableId\":9,\"updateBy\":\"\",\"updateTime\":\"2024-04-25 21:00:44\",\"usableColumn\":false},{\"capJavaField\":\"TeacherId\",\"columnComment\":\"教师id\",\"columnId\":99,\"columnName\":\"teacher_id\",\"columnType\":\"bigint(20)\",\"createBy\":\"admin\",\"createTime\":\"2024-04-25 17:10:15\",\"dictType\":\"\",\"edit\":true,\"htmlType\":\"input\",\"increment\":false,\"insert\":true,\"isEdit\":\"1\",\"isIncrement\":\"0\",\"isInsert\":\"1\",\"isList\":\"1\",\"isPk\":\"0\",\"isQuery\":\"1\",\"isRequired\":\"1\",\"javaField\":\"teacherId\",\"javaType\":\"Long\",\"list\":true,\"params\":{},\"pk\":false,\"query\":true,\"queryType\":\"EQ\",\"required\":true,\"sort\":2,\"superColumn\":false,\"tableId\":9,\"updateBy\":\"\",\"updateTime\":\"2024-04-25 21:00:44\",\"usableColumn\":false},{\"capJavaField\":\"PaperName\",\"columnComment\":\"论文名称\",\"columnId\":100,\"columnName\":\"paper_name\",\"columnType\":\"varchar(255)\",\"createBy\":\"admin\",\"createTime\":\"2024-04-25 17:10:15\",\"dictType\":\"\",\"edit\":true,\"htmlType\":\"input\",\"increment\":false,\"insert\":true,\"isEdit\":\"1\",\"isIncrement\":\"0\",\"isInsert\":\"1\",\"isList\":\"1\",\"isPk\":\"0\",\"isQuery\":\"1\",\"isRequired\":\"1\",\"javaField\":\"paperName\",\"javaType\":\"String\",\"list\":true,\"params\":{},\"pk\":false,\"query\":true,\"queryType\":\"LIKE\",\"required\":true,\"sort\":3,\"superColumn\":false,\"tableId\":9,\"updateBy\":\"\",\"updateTime\":\"2024-04-25 21:00:44\",\"usableColumn\":false},{\"capJavaField\":\"PeriodicalName\",\"columnComment\":\"期刊/会议名称\",\"columnId\":101,\"columnName\":\"periodical_name\",\"columnType\":\"varchar(255)\",\"createBy\":\"admin\",\"createTime\":\"2024-04-25 17:10:1', '{\"msg\":\"操作成功\",\"code\":200}', 0, NULL, '2024-04-25 21:06:21', 39);
INSERT INTO `sys_oper_log` VALUES (258, '代码生成', 2, 'com.ruoyi.generator.controller.GenController.editSave()', 'PUT', 1, 'admin', '研发部门', '/tool/gen', '127.0.0.1', '内网IP', '{\"businessName\":\"project\",\"className\":\"KpiProject\",\"columns\":[{\"capJavaField\":\"ProjectId\",\"columnComment\":\"项目id\",\"columnId\":117,\"columnName\":\"project_id\",\"columnType\":\"bigint(20)\",\"createBy\":\"admin\",\"createTime\":\"2024-04-25 17:10:15\",\"dictType\":\"\",\"edit\":false,\"htmlType\":\"input\",\"increment\":true,\"insert\":true,\"isIncrement\":\"1\",\"isInsert\":\"1\",\"isPk\":\"1\",\"isRequired\":\"0\",\"javaField\":\"projectId\",\"javaType\":\"Long\",\"list\":false,\"params\":{},\"pk\":true,\"query\":false,\"queryType\":\"EQ\",\"required\":false,\"sort\":1,\"superColumn\":false,\"tableId\":10,\"updateBy\":\"\",\"updateTime\":\"2024-04-25 20:34:05\",\"usableColumn\":false},{\"capJavaField\":\"TeacherId\",\"columnComment\":\"教师id\",\"columnId\":118,\"columnName\":\"teacher_id\",\"columnType\":\"bigint(20)\",\"createBy\":\"admin\",\"createTime\":\"2024-04-25 17:10:15\",\"dictType\":\"\",\"edit\":true,\"htmlType\":\"input\",\"increment\":false,\"insert\":true,\"isEdit\":\"1\",\"isIncrement\":\"0\",\"isInsert\":\"1\",\"isList\":\"1\",\"isPk\":\"0\",\"isQuery\":\"1\",\"isRequired\":\"1\",\"javaField\":\"teacherId\",\"javaType\":\"Long\",\"list\":true,\"params\":{},\"pk\":false,\"query\":true,\"queryType\":\"EQ\",\"required\":true,\"sort\":2,\"superColumn\":false,\"tableId\":10,\"updateBy\":\"\",\"updateTime\":\"2024-04-25 20:34:05\",\"usableColumn\":false},{\"capJavaField\":\"ProjectName\",\"columnComment\":\"项目名称\",\"columnId\":119,\"columnName\":\"project_name\",\"columnType\":\"varchar(255)\",\"createBy\":\"admin\",\"createTime\":\"2024-04-25 17:10:15\",\"dictType\":\"\",\"edit\":true,\"htmlType\":\"input\",\"increment\":false,\"insert\":true,\"isEdit\":\"1\",\"isIncrement\":\"0\",\"isInsert\":\"1\",\"isList\":\"1\",\"isPk\":\"0\",\"isQuery\":\"1\",\"isRequired\":\"1\",\"javaField\":\"projectName\",\"javaType\":\"String\",\"list\":true,\"params\":{},\"pk\":false,\"query\":true,\"queryType\":\"LIKE\",\"required\":true,\"sort\":3,\"superColumn\":false,\"tableId\":10,\"updateBy\":\"\",\"updateTime\":\"2024-04-25 20:34:05\",\"usableColumn\":false},{\"capJavaField\":\"ProjectSource\",\"columnComment\":\"项目来源\",\"columnId\":120,\"columnName\":\"project_source\",\"columnType\":\"varchar(255)\",\"createBy\":\"admin\",\"createTime\":\"2024-04-25 17:10:15\",\"dictType\":\"\",\"edit\":tru', '{\"msg\":\"操作成功\",\"code\":200}', 0, NULL, '2024-04-25 21:06:55', 35);
INSERT INTO `sys_oper_log` VALUES (259, '代码生成', 2, 'com.ruoyi.generator.controller.GenController.editSave()', 'PUT', 1, 'admin', '研发部门', '/tool/gen', '127.0.0.1', '内网IP', '{\"businessName\":\"science\",\"className\":\"KpiScience\",\"columns\":[{\"capJavaField\":\"ScienceId\",\"columnComment\":\"科技成果id\",\"columnId\":140,\"columnName\":\"science_id\",\"columnType\":\"bigint(20)\",\"createBy\":\"admin\",\"createTime\":\"2024-04-25 17:10:15\",\"dictType\":\"\",\"edit\":false,\"htmlType\":\"input\",\"increment\":true,\"insert\":true,\"isIncrement\":\"1\",\"isInsert\":\"1\",\"isPk\":\"1\",\"isRequired\":\"0\",\"javaField\":\"scienceId\",\"javaType\":\"Long\",\"list\":false,\"params\":{},\"pk\":true,\"query\":false,\"queryType\":\"EQ\",\"required\":false,\"sort\":1,\"superColumn\":false,\"tableId\":11,\"updateBy\":\"\",\"updateTime\":\"2024-04-25 21:00:49\",\"usableColumn\":false},{\"capJavaField\":\"ScienceName\",\"columnComment\":\"科技成果名称\",\"columnId\":141,\"columnName\":\"science_name\",\"columnType\":\"varchar(255)\",\"createBy\":\"admin\",\"createTime\":\"2024-04-25 17:10:15\",\"dictType\":\"\",\"edit\":true,\"htmlType\":\"input\",\"increment\":false,\"insert\":true,\"isEdit\":\"1\",\"isIncrement\":\"0\",\"isInsert\":\"1\",\"isList\":\"1\",\"isPk\":\"0\",\"isQuery\":\"1\",\"isRequired\":\"1\",\"javaField\":\"scienceName\",\"javaType\":\"String\",\"list\":true,\"params\":{},\"pk\":false,\"query\":true,\"queryType\":\"LIKE\",\"required\":true,\"sort\":2,\"superColumn\":false,\"tableId\":11,\"updateBy\":\"\",\"updateTime\":\"2024-04-25 21:00:49\",\"usableColumn\":false},{\"capJavaField\":\"ScienceNumber\",\"columnComment\":\"科技成果合同编号\",\"columnId\":142,\"columnName\":\"science_number\",\"columnType\":\"varchar(255)\",\"createBy\":\"admin\",\"createTime\":\"2024-04-25 17:10:15\",\"dictType\":\"\",\"edit\":true,\"htmlType\":\"input\",\"increment\":false,\"insert\":true,\"isEdit\":\"1\",\"isIncrement\":\"0\",\"isInsert\":\"1\",\"isList\":\"1\",\"isPk\":\"0\",\"isQuery\":\"1\",\"isRequired\":\"1\",\"javaField\":\"scienceNumber\",\"javaType\":\"String\",\"list\":true,\"params\":{},\"pk\":false,\"query\":true,\"queryType\":\"EQ\",\"required\":true,\"sort\":3,\"superColumn\":false,\"tableId\":11,\"updateBy\":\"\",\"updateTime\":\"2024-04-25 21:00:49\",\"usableColumn\":false},{\"capJavaField\":\"PublishTime\",\"columnComment\":\"发表日期\",\"columnId\":178,\"columnName\":\"publish_time\",\"columnType\":\"datetime\",\"createBy\":\"\",\"createTime\":\"2024-04-25 21:00:49\",\"dictType\":\"\"', '{\"msg\":\"操作成功\",\"code\":200}', 0, NULL, '2024-04-25 21:07:23', 31);
INSERT INTO `sys_oper_log` VALUES (260, '代码生成', 2, 'com.ruoyi.generator.controller.GenController.editSave()', 'PUT', 1, 'admin', '研发部门', '/tool/gen', '127.0.0.1', '内网IP', '{\"businessName\":\"science\",\"className\":\"KpiScience\",\"columns\":[{\"capJavaField\":\"ScienceId\",\"columnComment\":\"科技成果id\",\"columnId\":140,\"columnName\":\"science_id\",\"columnType\":\"bigint(20)\",\"createBy\":\"admin\",\"createTime\":\"2024-04-25 17:10:15\",\"dictType\":\"\",\"edit\":false,\"htmlType\":\"input\",\"increment\":true,\"insert\":true,\"isIncrement\":\"1\",\"isInsert\":\"1\",\"isPk\":\"1\",\"isRequired\":\"0\",\"javaField\":\"scienceId\",\"javaType\":\"Long\",\"list\":false,\"params\":{},\"pk\":true,\"query\":false,\"queryType\":\"EQ\",\"required\":false,\"sort\":1,\"superColumn\":false,\"tableId\":11,\"updateBy\":\"\",\"updateTime\":\"2024-04-25 21:07:23\",\"usableColumn\":false},{\"capJavaField\":\"ScienceName\",\"columnComment\":\"科技成果名称\",\"columnId\":141,\"columnName\":\"science_name\",\"columnType\":\"varchar(255)\",\"createBy\":\"admin\",\"createTime\":\"2024-04-25 17:10:15\",\"dictType\":\"\",\"edit\":true,\"htmlType\":\"input\",\"increment\":false,\"insert\":true,\"isEdit\":\"1\",\"isIncrement\":\"0\",\"isInsert\":\"1\",\"isList\":\"1\",\"isPk\":\"0\",\"isQuery\":\"1\",\"isRequired\":\"1\",\"javaField\":\"scienceName\",\"javaType\":\"String\",\"list\":true,\"params\":{},\"pk\":false,\"query\":true,\"queryType\":\"LIKE\",\"required\":true,\"sort\":2,\"superColumn\":false,\"tableId\":11,\"updateBy\":\"\",\"updateTime\":\"2024-04-25 21:07:23\",\"usableColumn\":false},{\"capJavaField\":\"ScienceNumber\",\"columnComment\":\"科技成果合同编号\",\"columnId\":142,\"columnName\":\"science_number\",\"columnType\":\"varchar(255)\",\"createBy\":\"admin\",\"createTime\":\"2024-04-25 17:10:15\",\"dictType\":\"\",\"edit\":true,\"htmlType\":\"input\",\"increment\":false,\"insert\":true,\"isEdit\":\"1\",\"isIncrement\":\"0\",\"isInsert\":\"1\",\"isList\":\"1\",\"isPk\":\"0\",\"isQuery\":\"1\",\"isRequired\":\"1\",\"javaField\":\"scienceNumber\",\"javaType\":\"String\",\"list\":true,\"params\":{},\"pk\":false,\"query\":true,\"queryType\":\"LIKE\",\"required\":true,\"sort\":3,\"superColumn\":false,\"tableId\":11,\"updateBy\":\"\",\"updateTime\":\"2024-04-25 21:07:23\",\"usableColumn\":false},{\"capJavaField\":\"PublishTime\",\"columnComment\":\"发表日期\",\"columnId\":178,\"columnName\":\"publish_time\",\"columnType\":\"datetime\",\"createBy\":\"\",\"createTime\":\"2024-04-25 21:00:49\",\"dictType\":', '{\"msg\":\"操作成功\",\"code\":200}', 0, NULL, '2024-04-25 21:07:39', 29);
INSERT INTO `sys_oper_log` VALUES (261, '代码生成', 2, 'com.ruoyi.generator.controller.GenController.editSave()', 'PUT', 1, 'admin', '研发部门', '/tool/gen', '127.0.0.1', '内网IP', '{\"businessName\":\"standard\",\"className\":\"KpiStandard\",\"columns\":[{\"capJavaField\":\"StandardId\",\"columnComment\":\"标准id\",\"columnId\":156,\"columnName\":\"standard_id\",\"columnType\":\"bigint(20)\",\"createBy\":\"admin\",\"createTime\":\"2024-04-25 17:10:15\",\"dictType\":\"\",\"edit\":false,\"htmlType\":\"input\",\"increment\":true,\"insert\":true,\"isIncrement\":\"1\",\"isInsert\":\"1\",\"isPk\":\"1\",\"isRequired\":\"0\",\"javaField\":\"standardId\",\"javaType\":\"Long\",\"list\":false,\"params\":{},\"pk\":true,\"query\":false,\"queryType\":\"EQ\",\"required\":false,\"sort\":1,\"superColumn\":false,\"tableId\":12,\"updateBy\":\"\",\"updateTime\":\"2024-04-25 21:01:48\",\"usableColumn\":false},{\"capJavaField\":\"TeacherId\",\"columnComment\":\"教师id\",\"columnId\":157,\"columnName\":\"teacher_id\",\"columnType\":\"bigint(20)\",\"createBy\":\"admin\",\"createTime\":\"2024-04-25 17:10:15\",\"dictType\":\"\",\"edit\":true,\"htmlType\":\"input\",\"increment\":false,\"insert\":true,\"isEdit\":\"1\",\"isIncrement\":\"0\",\"isInsert\":\"1\",\"isList\":\"1\",\"isPk\":\"0\",\"isQuery\":\"1\",\"isRequired\":\"1\",\"javaField\":\"teacherId\",\"javaType\":\"Long\",\"list\":true,\"params\":{},\"pk\":false,\"query\":true,\"queryType\":\"EQ\",\"required\":true,\"sort\":2,\"superColumn\":false,\"tableId\":12,\"updateBy\":\"\",\"updateTime\":\"2024-04-25 21:01:48\",\"usableColumn\":false},{\"capJavaField\":\"StandardName\",\"columnComment\":\"标准名称\",\"columnId\":158,\"columnName\":\"standard_name\",\"columnType\":\"varchar(255)\",\"createBy\":\"admin\",\"createTime\":\"2024-04-25 17:10:15\",\"dictType\":\"\",\"edit\":true,\"htmlType\":\"input\",\"increment\":false,\"insert\":true,\"isEdit\":\"1\",\"isIncrement\":\"0\",\"isInsert\":\"1\",\"isList\":\"1\",\"isPk\":\"0\",\"isQuery\":\"1\",\"isRequired\":\"1\",\"javaField\":\"standardName\",\"javaType\":\"String\",\"list\":true,\"params\":{},\"pk\":false,\"query\":true,\"queryType\":\"LIKE\",\"required\":true,\"sort\":3,\"superColumn\":false,\"tableId\":12,\"updateBy\":\"\",\"updateTime\":\"2024-04-25 21:01:48\",\"usableColumn\":false},{\"capJavaField\":\"AcquireTime\",\"columnComment\":\"获得日期\",\"columnId\":159,\"columnName\":\"acquire_time\",\"columnType\":\"datetime\",\"createBy\":\"admin\",\"createTime\":\"2024-04-25 17:10:15\",\"dictType\":\"\",\"edit\":tru', '{\"msg\":\"操作成功\",\"code\":200}', 0, NULL, '2024-04-25 21:08:46', 31);
INSERT INTO `sys_oper_log` VALUES (262, '代码生成', 8, 'com.ruoyi.generator.controller.GenController.batchGenCode()', 'GET', 1, 'admin', '研发部门', '/tool/gen/batchGenCode', '127.0.0.1', '内网IP', '{\"tables\":\"kpi_awards,kpi_excellent_paper_chai,kpi_intellectual,kpi_organization,kpi_paper_no_teach,kpi_project,kpi_science,kpi_standard\"}', NULL, 0, NULL, '2024-04-25 21:12:19', 488);
INSERT INTO `sys_oper_log` VALUES (263, '代码生成', 2, 'com.ruoyi.generator.controller.GenController.synchDb()', 'GET', 1, 'admin', '研发部门', '/tool/gen/synchDb/kpi_project', '127.0.0.1', '内网IP', '{}', '{\"msg\":\"操作成功\",\"code\":200}', 0, NULL, '2024-04-25 21:15:35', 52);
INSERT INTO `sys_oper_log` VALUES (264, '代码生成', 2, 'com.ruoyi.generator.controller.GenController.editSave()', 'PUT', 1, 'admin', '研发部门', '/tool/gen', '127.0.0.1', '内网IP', '{\"businessName\":\"project\",\"className\":\"KpiProject\",\"columns\":[{\"capJavaField\":\"ProjectId\",\"columnComment\":\"项目id\",\"columnId\":117,\"columnName\":\"project_id\",\"columnType\":\"bigint(20)\",\"createBy\":\"admin\",\"createTime\":\"2024-04-25 17:10:15\",\"dictType\":\"\",\"edit\":false,\"htmlType\":\"input\",\"increment\":true,\"insert\":true,\"isIncrement\":\"1\",\"isInsert\":\"1\",\"isPk\":\"1\",\"isRequired\":\"0\",\"javaField\":\"projectId\",\"javaType\":\"Long\",\"list\":false,\"params\":{},\"pk\":true,\"query\":false,\"queryType\":\"EQ\",\"required\":false,\"sort\":1,\"superColumn\":false,\"tableId\":10,\"updateBy\":\"\",\"updateTime\":\"2024-04-25 21:15:35\",\"usableColumn\":false},{\"capJavaField\":\"TeacherId\",\"columnComment\":\"教师id\",\"columnId\":118,\"columnName\":\"teacher_id\",\"columnType\":\"bigint(20)\",\"createBy\":\"admin\",\"createTime\":\"2024-04-25 17:10:15\",\"dictType\":\"\",\"edit\":true,\"htmlType\":\"input\",\"increment\":false,\"insert\":true,\"isEdit\":\"1\",\"isIncrement\":\"0\",\"isInsert\":\"1\",\"isList\":\"1\",\"isPk\":\"0\",\"isQuery\":\"1\",\"isRequired\":\"1\",\"javaField\":\"teacherId\",\"javaType\":\"Long\",\"list\":true,\"params\":{},\"pk\":false,\"query\":true,\"queryType\":\"EQ\",\"required\":true,\"sort\":2,\"superColumn\":false,\"tableId\":10,\"updateBy\":\"\",\"updateTime\":\"2024-04-25 21:15:35\",\"usableColumn\":false},{\"capJavaField\":\"ProjectName\",\"columnComment\":\"项目名称\",\"columnId\":119,\"columnName\":\"project_name\",\"columnType\":\"varchar(255)\",\"createBy\":\"admin\",\"createTime\":\"2024-04-25 17:10:15\",\"dictType\":\"\",\"edit\":true,\"htmlType\":\"input\",\"increment\":false,\"insert\":true,\"isEdit\":\"1\",\"isIncrement\":\"0\",\"isInsert\":\"1\",\"isList\":\"1\",\"isPk\":\"0\",\"isQuery\":\"1\",\"isRequired\":\"1\",\"javaField\":\"projectName\",\"javaType\":\"String\",\"list\":true,\"params\":{},\"pk\":false,\"query\":true,\"queryType\":\"LIKE\",\"required\":true,\"sort\":3,\"superColumn\":false,\"tableId\":10,\"updateBy\":\"\",\"updateTime\":\"2024-04-25 21:15:35\",\"usableColumn\":false},{\"capJavaField\":\"ProjectSource\",\"columnComment\":\"项目来源\",\"columnId\":120,\"columnName\":\"project_source\",\"columnType\":\"varchar(255)\",\"createBy\":\"admin\",\"createTime\":\"2024-04-25 17:10:15\",\"dictType\":\"\",\"edit\":tru', '{\"msg\":\"操作成功\",\"code\":200}', 0, NULL, '2024-04-25 21:16:35', 39);
INSERT INTO `sys_oper_log` VALUES (265, '代码生成', 8, 'com.ruoyi.generator.controller.GenController.batchGenCode()', 'GET', 1, 'admin', '研发部门', '/tool/gen/batchGenCode', '127.0.0.1', '内网IP', '{\"tables\":\"kpi_excellent_paper_chai,kpi_intellectual,kpi_organization,kpi_paper_no_teach,kpi_project,kpi_science,kpi_standard,kpi_awards\"}', NULL, 0, NULL, '2024-04-25 21:18:33', 255);
INSERT INTO `sys_oper_log` VALUES (266, '菜单管理', 1, 'com.ruoyi.web.controller.system.SysMenuController.add()', 'POST', 1, 'admin', '研发部门', '/system/menu', '127.0.0.1', '内网IP', '{\"children\":[],\"createBy\":\"admin\",\"icon\":\"logininfor\",\"isCache\":\"0\",\"isFrame\":\"1\",\"menuName\":\"老师管理\",\"menuType\":\"M\",\"orderNum\":0,\"params\":{},\"parentId\":0,\"path\":\"tea\",\"status\":\"0\",\"visible\":\"0\"}', '{\"msg\":\"操作成功\",\"code\":200}', 0, NULL, '2024-04-27 14:40:13', 15);
INSERT INTO `sys_oper_log` VALUES (267, '菜单管理', 2, 'com.ruoyi.web.controller.system.SysMenuController.edit()', 'PUT', 1, 'admin', '研发部门', '/system/menu', '127.0.0.1', '内网IP', '{\"children\":[],\"component\":\"kpi/teacher/index\",\"createTime\":\"2024-04-21 19:34:20\",\"icon\":\"people\",\"isCache\":\"0\",\"isFrame\":\"1\",\"menuId\":2013,\"menuName\":\"老师基本信息\",\"menuType\":\"C\",\"orderNum\":1,\"params\":{},\"parentId\":2074,\"path\":\"teacher\",\"perms\":\"kpi:teacher:list\",\"status\":\"0\",\"updateBy\":\"admin\",\"visible\":\"0\"}', '{\"msg\":\"操作成功\",\"code\":200}', 0, NULL, '2024-04-27 14:40:27', 10);
INSERT INTO `sys_oper_log` VALUES (268, '部门管理', 2, 'com.ruoyi.web.controller.system.SysDeptController.edit()', 'PUT', 1, 'admin', '研发部门', '/system/dept', '127.0.0.1', '内网IP', '{\"ancestors\":\"0\",\"children\":[],\"deptId\":100,\"deptName\":\"东北林业大学\",\"email\":\"YuanPan@qq.com\",\"leader\":\"YuanPan\",\"orderNum\":0,\"params\":{},\"parentId\":0,\"phone\":\"15888888888\",\"status\":\"0\",\"updateBy\":\"admin\"}', '{\"msg\":\"操作成功\",\"code\":200}', 0, NULL, '2024-04-27 14:49:06', 20);
INSERT INTO `sys_oper_log` VALUES (269, '部门管理', 3, 'com.ruoyi.web.controller.system.SysDeptController.remove()', 'DELETE', 1, 'admin', '研发部门', '/system/dept/109', '127.0.0.1', '内网IP', '{}', '{\"msg\":\"操作成功\",\"code\":200}', 0, NULL, '2024-04-27 14:49:10', 13);
INSERT INTO `sys_oper_log` VALUES (270, '部门管理', 3, 'com.ruoyi.web.controller.system.SysDeptController.remove()', 'DELETE', 1, 'admin', '研发部门', '/system/dept/108', '127.0.0.1', '内网IP', '{}', '{\"msg\":\"操作成功\",\"code\":200}', 0, NULL, '2024-04-27 14:49:11', 14);
INSERT INTO `sys_oper_log` VALUES (271, '部门管理', 3, 'com.ruoyi.web.controller.system.SysDeptController.remove()', 'DELETE', 1, 'admin', '研发部门', '/system/dept/102', '127.0.0.1', '内网IP', '{}', '{\"msg\":\"操作成功\",\"code\":200}', 0, NULL, '2024-04-27 14:49:14', 12);
INSERT INTO `sys_oper_log` VALUES (272, '部门管理', 3, 'com.ruoyi.web.controller.system.SysDeptController.remove()', 'DELETE', 1, 'admin', '研发部门', '/system/dept/107', '127.0.0.1', '内网IP', '{}', '{\"msg\":\"操作成功\",\"code\":200}', 0, NULL, '2024-04-27 14:49:16', 16);
INSERT INTO `sys_oper_log` VALUES (273, '部门管理', 3, 'com.ruoyi.web.controller.system.SysDeptController.remove()', 'DELETE', 1, 'admin', '研发部门', '/system/dept/106', '127.0.0.1', '内网IP', '{}', '{\"msg\":\"操作成功\",\"code\":200}', 0, NULL, '2024-04-27 14:49:18', 13);
INSERT INTO `sys_oper_log` VALUES (274, '部门管理', 3, 'com.ruoyi.web.controller.system.SysDeptController.remove()', 'DELETE', 1, 'admin', '研发部门', '/system/dept/105', '127.0.0.1', '内网IP', '{}', '{\"msg\":\"操作成功\",\"code\":200}', 0, NULL, '2024-04-27 14:49:20', 13);
INSERT INTO `sys_oper_log` VALUES (275, '部门管理', 3, 'com.ruoyi.web.controller.system.SysDeptController.remove()', 'DELETE', 1, 'admin', '研发部门', '/system/dept/104', '127.0.0.1', '内网IP', '{}', '{\"msg\":\"操作成功\",\"code\":200}', 0, NULL, '2024-04-27 14:49:22', 14);
INSERT INTO `sys_oper_log` VALUES (276, '部门管理', 3, 'com.ruoyi.web.controller.system.SysDeptController.remove()', 'DELETE', 1, 'admin', '研发部门', '/system/dept/103', '127.0.0.1', '内网IP', '{}', '{\"msg\":\"部门存在用户,不允许删除\",\"code\":601}', 0, NULL, '2024-04-27 14:49:24', 5);
INSERT INTO `sys_oper_log` VALUES (277, '用户管理', 3, 'com.ruoyi.web.controller.system.SysUserController.remove()', 'DELETE', 1, 'admin', '研发部门', '/system/user/2', '127.0.0.1', '内网IP', '{}', '{\"msg\":\"操作成功\",\"code\":200}', 0, NULL, '2024-04-27 14:49:35', 28);
INSERT INTO `sys_oper_log` VALUES (278, '部门管理', 3, 'com.ruoyi.web.controller.system.SysDeptController.remove()', 'DELETE', 1, 'admin', '研发部门', '/system/dept/103', '127.0.0.1', '内网IP', '{}', '{\"msg\":\"部门存在用户,不允许删除\",\"code\":601}', 0, NULL, '2024-04-27 14:49:46', 5);
INSERT INTO `sys_oper_log` VALUES (279, '部门管理', 3, 'com.ruoyi.web.controller.system.SysDeptController.remove()', 'DELETE', 1, 'admin', '研发部门', '/system/dept/103', '127.0.0.1', '内网IP', '{}', '{\"msg\":\"操作失败\",\"code\":500}', 0, NULL, '2024-04-27 14:50:45', 6);
INSERT INTO `sys_oper_log` VALUES (280, '部门管理', 2, 'com.ruoyi.web.controller.system.SysDeptController.edit()', 'PUT', 1, 'admin', '研发部门', '/system/dept', '127.0.0.1', '内网IP', '{\"ancestors\":\"0,100\",\"children\":[],\"deptId\":101,\"deptName\":\"信息系\",\"email\":\"1@qq.com\",\"leader\":\"1\",\"orderNum\":1,\"params\":{},\"parentId\":100,\"parentName\":\"东北林业大学\",\"phone\":\"15888888888\",\"status\":\"0\",\"updateBy\":\"admin\"}', '{\"msg\":\"操作成功\",\"code\":200}', 0, NULL, '2024-04-27 14:52:37', 19);
INSERT INTO `sys_oper_log` VALUES (281, '部门管理', 1, 'com.ruoyi.web.controller.system.SysDeptController.add()', 'POST', 1, 'admin', '研发部门', '/system/dept', '127.0.0.1', '内网IP', '{\"ancestors\":\"0,100\",\"children\":[],\"createBy\":\"admin\",\"deptName\":\"文学系\",\"orderNum\":2,\"params\":{},\"parentId\":100,\"status\":\"0\"}', '{\"msg\":\"操作成功\",\"code\":200}', 0, NULL, '2024-04-27 14:52:59', 17);
INSERT INTO `sys_oper_log` VALUES (282, '代码生成', 2, 'com.ruoyi.generator.controller.GenController.synchDb()', 'GET', 1, 'admin', '东北林业大学', '/tool/gen/synchDb/kpi_teacher', '127.0.0.1', '内网IP', '{}', '{\"msg\":\"操作成功\",\"code\":200}', 0, NULL, '2024-04-30 11:02:58', 93);
INSERT INTO `sys_oper_log` VALUES (283, '代码生成', 2, 'com.ruoyi.generator.controller.GenController.editSave()', 'PUT', 1, 'admin', '东北林业大学', '/tool/gen', '127.0.0.1', '内网IP', '{\"businessName\":\"teacher\",\"className\":\"KpiTeacher\",\"columns\":[{\"capJavaField\":\"TeacherId\",\"columnComment\":\"老师id\",\"columnId\":27,\"columnName\":\"teacher_id\",\"columnType\":\"bigint\",\"createBy\":\"admin\",\"createTime\":\"2024-04-21 19:32:26\",\"dictType\":\"\",\"edit\":true,\"htmlType\":\"input\",\"increment\":false,\"insert\":true,\"isEdit\":\"1\",\"isIncrement\":\"0\",\"isInsert\":\"1\",\"isList\":\"1\",\"isPk\":\"1\",\"isQuery\":\"1\",\"isRequired\":\"0\",\"javaField\":\"teacherId\",\"javaType\":\"Long\",\"list\":true,\"params\":{},\"pk\":true,\"query\":true,\"queryType\":\"EQ\",\"required\":false,\"sort\":1,\"superColumn\":false,\"tableId\":4,\"updateBy\":\"\",\"updateTime\":\"2024-04-30 11:02:58\",\"usableColumn\":false},{\"capJavaField\":\"TeacherName\",\"columnComment\":\"老师姓名\",\"columnId\":28,\"columnName\":\"teacher_name\",\"columnType\":\"varchar(0)\",\"createBy\":\"admin\",\"createTime\":\"2024-04-21 19:32:26\",\"dictType\":\"\",\"edit\":true,\"htmlType\":\"input\",\"increment\":false,\"insert\":true,\"isEdit\":\"1\",\"isIncrement\":\"0\",\"isInsert\":\"1\",\"isList\":\"1\",\"isPk\":\"0\",\"isQuery\":\"1\",\"isRequired\":\"1\",\"javaField\":\"teacherName\",\"javaType\":\"String\",\"list\":true,\"params\":{},\"pk\":false,\"query\":true,\"queryType\":\"LIKE\",\"required\":true,\"sort\":2,\"superColumn\":false,\"tableId\":4,\"updateBy\":\"\",\"updateTime\":\"2024-04-30 11:02:58\",\"usableColumn\":false},{\"capJavaField\":\"TeacherCareer\",\"columnComment\":\"老师职称\",\"columnId\":29,\"columnName\":\"teacher_career\",\"columnType\":\"varchar(0)\",\"createBy\":\"admin\",\"createTime\":\"2024-04-21 19:32:26\",\"dictType\":\"\",\"edit\":true,\"htmlType\":\"input\",\"increment\":false,\"insert\":true,\"isEdit\":\"1\",\"isIncrement\":\"0\",\"isInsert\":\"1\",\"isList\":\"1\",\"isPk\":\"0\",\"isQuery\":\"1\",\"isRequired\":\"1\",\"javaField\":\"teacherCareer\",\"javaType\":\"String\",\"list\":true,\"params\":{},\"pk\":false,\"query\":true,\"queryType\":\"EQ\",\"required\":true,\"sort\":3,\"superColumn\":false,\"tableId\":4,\"updateBy\":\"\",\"updateTime\":\"2024-04-30 11:02:58\",\"usableColumn\":false},{\"capJavaField\":\"TeacherDepartment\",\"columnComment\":\"老师所在系\",\"columnId\":30,\"columnName\":\"teacher_department\",\"columnType\":\"varchar(0)\",\"createBy\":\"admin\",\"createTime\":', '{\"msg\":\"操作成功\",\"code\":200}', 0, NULL, '2024-04-30 11:03:35', 54);
INSERT INTO `sys_oper_log` VALUES (284, '用户头像', 2, 'com.ruoyi.web.controller.system.SysProfileController.avatar()', 'POST', 1, 'admin', '东北林业大学', '/system/user/profile/avatar', '127.0.0.1', '内网IP', '', '{\"msg\":\"操作成功\",\"imgUrl\":\"/profile/avatar/2024/04/30/jstx_20240430111031A001.jpeg\",\"code\":200}', 0, NULL, '2024-04-30 11:10:31', 47);
INSERT INTO `sys_oper_log` VALUES (285, '角色管理', 3, 'com.ruoyi.web.controller.system.SysRoleController.remove()', 'DELETE', 1, 'admin', '东北林业大学', '/system/role/2', '127.0.0.1', '内网IP', '{}', '{\"msg\":\"操作成功\",\"code\":200}', 0, NULL, '2024-04-30 11:14:10', 50);
INSERT INTO `sys_oper_log` VALUES (286, '角色管理', 2, 'com.ruoyi.web.controller.system.SysRoleController.edit()', 'PUT', 1, 'admin', '东北林业大学', '/system/role', '127.0.0.1', '内网IP', '{\"admin\":false,\"createTime\":\"2024-04-19 10:35:54\",\"dataScope\":\"1\",\"delFlag\":\"0\",\"deptCheckStrictly\":true,\"flag\":false,\"menuCheckStrictly\":true,\"menuIds\":[2018,2044,2019,2050,2020,2038,2021,2062,2022,2026,2023,2032,2024,2068,2025,2056,2045,2046,2051,2052,2039,2040,2063,2064,2027,2028,2033,2034,2069,2070,2057,2058],\"params\":{},\"roleId\":100,\"roleKey\":\"tea\",\"roleName\":\"老师\",\"roleSort\":3,\"status\":\"0\",\"updateBy\":\"admin\"}', '{\"msg\":\"操作成功\",\"code\":200}', 0, NULL, '2024-04-30 11:15:20', 39);
INSERT INTO `sys_oper_log` VALUES (287, '角色管理', 2, 'com.ruoyi.web.controller.system.SysRoleController.edit()', 'PUT', 1, 'admin', '东北林业大学', '/system/role', '127.0.0.1', '内网IP', '{\"admin\":false,\"createTime\":\"2024-04-19 10:36:17\",\"dataScope\":\"1\",\"delFlag\":\"0\",\"deptCheckStrictly\":true,\"flag\":false,\"menuCheckStrictly\":true,\"menuIds\":[2074,2013,2014,2015,2016,2017,2018,2044,2045,2046,2047,2048,2049,2019,2050,2051,2052,2053,2054,2055,2020,2038,2039,2040,2041,2042,2043,2021,2062,2063,2064,2065,2066,2067,2022,2026,2027,2028,2029,2030,2031,2023,2032,2033,2034,2035,2036,2037,2024,2068,2069,2070,2071,2072,2073,2025,2056,2057,2058,2059,2060,2061,2000,2001,2002,2003,2004,2005,2006,2007,2008,2009,2010,2011,2012],\"params\":{},\"roleId\":101,\"roleKey\":\"秘书\",\"roleName\":\"秘书\",\"roleSort\":3,\"status\":\"0\",\"updateBy\":\"admin\"}', '{\"msg\":\"操作成功\",\"code\":200}', 0, NULL, '2024-04-30 11:16:06', 29);
INSERT INTO `sys_oper_log` VALUES (288, '角色管理', 2, 'com.ruoyi.web.controller.system.SysRoleController.edit()', 'PUT', 1, 'admin', '东北林业大学', '/system/role', '127.0.0.1', '内网IP', '{\"admin\":false,\"createTime\":\"2024-04-19 10:36:17\",\"dataScope\":\"1\",\"delFlag\":\"0\",\"deptCheckStrictly\":true,\"flag\":false,\"menuCheckStrictly\":true,\"menuIds\":[2074,2013,2014,2015,2016,2017,2018,2044,2045,2046,2047,2048,2049,2019,2050,2051,2052,2053,2054,2055,2020,2038,2039,2040,2041,2042,2043,2021,2062,2063,2064,2065,2066,2067,2022,2026,2027,2028,2029,2030,2031,2023,2032,2033,2034,2035,2036,2037,2024,2068,2069,2070,2071,2072,2073,2025,2056,2057,2058,2059,2060,2061,2000,2001,2002,2003,2004,2005,2006,2007,2008,2009,2010,2011,2012],\"params\":{},\"roleId\":101,\"roleKey\":\"mishu\",\"roleName\":\"秘书\",\"roleSort\":3,\"status\":\"0\",\"updateBy\":\"admin\"}', '{\"msg\":\"操作成功\",\"code\":200}', 0, NULL, '2024-04-30 11:16:16', 23);
INSERT INTO `sys_oper_log` VALUES (289, '老师管理', 6, 'com.ruoyi.web.controller.kpi.KpiTeacherController.importData()', 'POST', 1, 'admin', '东北林业大学', '/kpi/teacher/importData', '127.0.0.1', '内网IP', '{\"updateSupport\":\"0\"}', NULL, 1, '很抱歉，导入失败！共 1 条数据格式不正确，错误如下：<br/>1、姓名 测试 导入失败：\r\n### Error updating database.  Cause: com.mysql.cj.jdbc.exceptions.MysqlDataTruncation: Data truncation: Out of range value for column \'teacher_tel\' at row 1\r\n### The error may exist in file [E:\\work\\毕设文件(1)\\毕设文件\\RuoYi-Vue-master\\RuoYi-Vue-master\\ruoyi-kpi\\target\\classes\\mapper\\kpi\\KpiTeacherMapper.xml]\r\n### The error may involve com.ruoyi.kpi.mapper.KpiTeacherMapper.insertKpiTeacher-Inline\r\n### The error occurred while setting parameters\r\n### SQL: insert into kpi_teacher          ( teacher_name,             teacher_career,             teacher_department,             teacher_tel,             teacher_mail,                          create_time )           values ( ?,             ?,             ?,             ?,             ?,                          ? )\r\n### Cause: com.mysql.cj.jdbc.exceptions.MysqlDataTruncation: Data truncation: Out of range value for column \'teacher_tel\' at row 1\n; Data truncation: Out of range value for column \'teacher_tel\' at row 1; nested exception is com.mysql.cj.jdbc.exceptions.MysqlDataTruncation: Data truncation: Out of range value for column \'teacher_tel\' at row 1', '2024-04-30 11:23:37', 227);
INSERT INTO `sys_oper_log` VALUES (290, '老师管理', 6, 'com.ruoyi.web.controller.kpi.KpiTeacherController.importData()', 'POST', 1, 'admin', '东北林业大学', '/kpi/teacher/importData', '127.0.0.1', '内网IP', '{\"updateSupport\":\"0\"}', '{\"msg\":\"恭喜您，数据已全部导入成功！共 1 条，数据如下：<br/>1、姓名 测试 导入成功\",\"code\":200}', 0, NULL, '2024-04-30 11:25:15', 564);
INSERT INTO `sys_oper_log` VALUES (291, '老师基本信息', 2, 'com.ruoyi.web.controller.kpi.KpiTeacherController.edit()', 'PUT', 1, 'admin', '东北林业大学', '/kpi/teacher', '127.0.0.1', '内网IP', '{\"createBy\":\"\",\"createTime\":\"2024-04-30 11:25:16\",\"params\":{},\"teacherAvatar\":\"/profile/upload/2024/04/30/jstx_20240430113015A001.jpeg\",\"teacherCareer\":\"1\",\"teacherDepartment\":101,\"teacherId\":3,\"teacherMail\":\"111@qq.com\",\"teacherName\":\"测试\",\"teacherTel\":\"15564542121\",\"updateBy\":\"\",\"updateTime\":\"2024-04-30 11:30:16\"}', NULL, 1, 'nested exception is org.apache.ibatis.type.TypeException: Could not set parameters for mapping: ParameterMapping{property=\'teacherId\', mode=IN, javaType=class java.lang.String, jdbcType=null, numericScale=null, resultMapId=\'null\', jdbcTypeName=\'null\', expression=\'null\'}. Cause: org.apache.ibatis.type.TypeException: Error setting non null for parameter #1 with JdbcType null . Try setting a different JdbcType for this parameter or a different configuration property. Cause: java.lang.ClassCastException: java.lang.Long cannot be cast to java.lang.String', '2024-04-30 11:30:16', 43);
INSERT INTO `sys_oper_log` VALUES (292, '老师基本信息', 2, 'com.ruoyi.web.controller.kpi.KpiTeacherController.edit()', 'PUT', 1, 'admin', '东北林业大学', '/kpi/teacher', '127.0.0.1', '内网IP', '{\"createBy\":\"\",\"createTime\":\"2024-04-30 11:25:16\",\"params\":{},\"teacherAvatar\":\"/profile/upload/2024/04/30/jstx_20240430113015A001.jpeg\",\"teacherCareer\":\"1\",\"teacherDepartment\":101,\"teacherId\":3,\"teacherMail\":\"111@qq.com\",\"teacherName\":\"测试\",\"teacherTel\":\"15564542121\",\"updateBy\":\"\",\"updateTime\":\"2024-04-30 11:31:20\"}', NULL, 1, '', '2024-04-30 11:31:20', 36);
INSERT INTO `sys_oper_log` VALUES (293, '老师基本信息', 1, 'com.ruoyi.web.controller.kpi.KpiTeacherController.add()', 'POST', 1, 'admin', '东北林业大学', '/kpi/teacher', '127.0.0.1', '内网IP', '{\"createTime\":\"2024-04-30 11:32:38\",\"params\":{},\"teacherAvatar\":\"/profile/avatar/2024/04/30/jstx_20240430111031A001.jpeg\",\"teacherCareer\":\"1\",\"teacherDepartment\":101,\"teacherMail\":\"1\",\"teacherName\":\"1\",\"teacherTel\":\"18390936655\"}', '{\"msg\":\"操作成功\",\"code\":200}', 0, NULL, '2024-04-30 11:32:38', 111);
INSERT INTO `sys_oper_log` VALUES (294, '老师基本信息', 2, 'com.ruoyi.web.controller.kpi.KpiTeacherController.edit()', 'PUT', 1, 'admin', '东北林业大学', '/kpi/teacher', '127.0.0.1', '内网IP', '{\"createBy\":\"\",\"createTime\":\"2024-04-30 11:32:39\",\"params\":{},\"teacherAvatar\":\"/profile/upload/2024/04/30/jstx_20240430113257A002.jpeg\",\"teacherCareer\":\"1\",\"teacherDepartment\":101,\"teacherId\":4,\"teacherMail\":\"1\",\"teacherName\":\"1\",\"teacherTel\":\"18390936655\",\"updateBy\":\"\",\"updateTime\":\"2024-04-30 11:32:58\"}', NULL, 1, '', '2024-04-30 11:32:58', 22);
INSERT INTO `sys_oper_log` VALUES (295, '老师基本信息', 2, 'com.ruoyi.web.controller.kpi.KpiTeacherController.edit()', 'PUT', 1, 'admin', '东北林业大学', '/kpi/teacher', '127.0.0.1', '内网IP', '{\"createBy\":\"\",\"createTime\":\"2024-04-30 11:32:39\",\"params\":{},\"teacherAvatar\":\"/profile/upload/2024/04/30/jstx_20240430113257A002.jpeg\",\"teacherCareer\":\"1\",\"teacherDepartment\":101,\"teacherId\":4,\"teacherMail\":\"1\",\"teacherName\":\"1\",\"teacherTel\":\"18390936655\",\"updateBy\":\"\",\"updateTime\":\"2024-04-30 11:34:23\"}', NULL, 1, '', '2024-04-30 11:34:23', 20);
INSERT INTO `sys_oper_log` VALUES (296, '个人信息', 2, 'com.ruoyi.web.controller.system.SysProfileController.updateProfile()', 'PUT', 1, '18390936655', '信息系', '/system/user/profile', '127.0.0.1', '内网IP', '{\"admin\":false,\"email\":\"122@163.com\",\"nickName\":\"1\",\"params\":{},\"phonenumber\":\"18390936655\",\"sex\":\"0\"}', '{\"msg\":\"操作成功\",\"code\":200}', 0, NULL, '2024-04-30 16:19:47', 19);
INSERT INTO `sys_oper_log` VALUES (297, '个人信息', 2, 'com.ruoyi.web.controller.system.SysProfileController.updateProfile()', 'PUT', 1, '18390936655', '信息系', '/system/user/profile', '127.0.0.1', '内网IP', '{\"admin\":false,\"email\":\"122@163.com\",\"nickName\":\"zhan\",\"params\":{},\"phonenumber\":\"18390936655\",\"sex\":\"0\"}', '{\"msg\":\"操作成功\",\"code\":200}', 0, NULL, '2024-04-30 16:19:56', 24);
INSERT INTO `sys_oper_log` VALUES (298, '个人信息', 2, 'com.ruoyi.web.controller.system.SysProfileController.updateProfile()', 'PUT', 1, '18390936655', '信息系', '/system/user/profile', '127.0.0.1', '内网IP', '{\"admin\":false,\"email\":\"122@163.com\",\"nickName\":\"zhan\",\"params\":{},\"phonenumber\":\"18390936655\",\"sex\":\"0\"}', '{\"msg\":\"操作成功\",\"code\":200}', 0, NULL, '2024-04-30 16:20:59', 16);
INSERT INTO `sys_oper_log` VALUES (299, '个人信息', 2, 'com.ruoyi.web.controller.system.SysProfileController.updateProfile()', 'PUT', 1, '18390936655', '信息系', '/system/user/profile', '127.0.0.1', '内网IP', '{\"admin\":false,\"email\":\"122@163.com\",\"nickName\":\"zhan\",\"params\":{},\"phonenumber\":\"18390936655\",\"sex\":\"0\"}', '{\"msg\":\"操作成功\",\"code\":200}', 0, NULL, '2024-04-30 16:21:17', 9161);
INSERT INTO `sys_oper_log` VALUES (300, '老师管理', 6, 'com.ruoyi.web.controller.kpi.KpiTeacherController.importData()', 'POST', 1, 'admin', '东北林业大学', '/kpi/teacher/importData', '127.0.0.1', '内网IP', '{\"updateSupport\":\"0\"}', '{\"msg\":\"恭喜您，数据已全部导入成功！共 1 条，数据如下：<br/>1、姓名 测试 导入成功\",\"code\":200}', 0, NULL, '2024-04-30 16:23:49', 920);
INSERT INTO `sys_oper_log` VALUES (301, '个人信息', 2, 'com.ruoyi.web.controller.system.SysProfileController.updateProfile()', 'PUT', 1, '15564542121', '信息系', '/system/user/profile', '127.0.0.1', '内网IP', '{\"admin\":false,\"email\":\"15564542121@163.com\",\"nickName\":\"wanG\",\"params\":{},\"phonenumber\":\"15564542121\",\"sex\":\"0\"}', '{\"msg\":\"操作成功\",\"code\":200}', 0, NULL, '2024-04-30 16:24:50', 2298);
INSERT INTO `sys_oper_log` VALUES (302, '菜单管理', 1, 'com.ruoyi.web.controller.system.SysMenuController.add()', 'POST', 1, 'admin', '东北林业大学', '/system/menu', '127.0.0.1', '内网IP', '{\"children\":[],\"component\":\"kpi/teacher/kpi\",\"createBy\":\"admin\",\"icon\":\"chart\",\"isCache\":\"0\",\"isFrame\":\"1\",\"menuName\":\"kpi得分统计\",\"menuType\":\"C\",\"orderNum\":2,\"params\":{},\"parentId\":2074,\"path\":\"statistics\",\"perms\":\"kpi:teacher:list\",\"status\":\"0\",\"visible\":\"0\"}', '{\"msg\":\"操作成功\",\"code\":200}', 0, NULL, '2024-05-08 12:41:41', 26);
INSERT INTO `sys_oper_log` VALUES (303, '老师基本信息', 1, 'com.ruoyi.web.controller.kpi.KpiTeacherController.add()', 'POST', 1, 'admin', '东北林业大学', '/kpi/teacher', '127.0.0.1', '内网IP', '{\"createTime\":\"2024-05-08 12:49:33\",\"params\":{},\"teacherAvatar\":\"/profile/avatar/2024/04/30/jstx_20240430111031A001.jpeg\",\"teacherCareer\":\"老师\",\"teacherDepartment\":101,\"teacherId\":6,\"teacherMail\":\"YuanPan@qq.com\",\"teacherName\":\"王老师\",\"teacherTel\":\"15564542121\"}', '{\"msg\":\"操作成功\",\"code\":200}', 0, NULL, '2024-05-08 12:49:33', 141);
INSERT INTO `sys_oper_log` VALUES (304, '菜单管理', 1, 'com.ruoyi.web.controller.system.SysMenuController.add()', 'POST', 1, 'admin', '东北林业大学', '/system/menu', '127.0.0.1', '内网IP', '{\"children\":[],\"component\":\"kpi/paperNoTeach/teacher\",\"createBy\":\"admin\",\"isCache\":\"0\",\"isFrame\":\"1\",\"menuName\":\"我的非教学论文\",\"menuType\":\"C\",\"orderNum\":2,\"params\":{},\"parentId\":2018,\"path\":\"myPaperNoTeach\",\"perms\":\"kpi:paperNoTeach:list\",\"status\":\"0\",\"visible\":\"0\"}', '{\"msg\":\"操作成功\",\"code\":200}', 0, NULL, '2024-05-08 13:55:03', 28);
INSERT INTO `sys_oper_log` VALUES (305, '角色管理', 2, 'com.ruoyi.web.controller.system.SysRoleController.edit()', 'PUT', 1, 'admin', '东北林业大学', '/system/role', '127.0.0.1', '内网IP', '{\"admin\":false,\"createTime\":\"2024-04-19 10:35:54\",\"dataScope\":\"1\",\"delFlag\":\"0\",\"deptCheckStrictly\":true,\"flag\":false,\"menuCheckStrictly\":false,\"menuIds\":[2018,2044,2019,2050,2020,2038,2021,2062,2022,2026,2023,2032,2024,2068,2025,2056,2045,2046,2076,2051,2052,2039,2040,2063,2064,2027,2028,2033,2034,2069,2070,2057,2058],\"params\":{},\"roleId\":100,\"roleKey\":\"tea\",\"roleName\":\"老师\",\"roleSort\":3,\"status\":\"0\",\"updateBy\":\"admin\"}', '{\"msg\":\"操作成功\",\"code\":200}', 0, NULL, '2024-05-08 13:55:31', 38);
INSERT INTO `sys_oper_log` VALUES (306, '老师基本信息', 2, 'com.ruoyi.web.controller.kpi.KpiTeacherController.edit()', 'PUT', 1, 'admin', '东北林业大学', '/kpi/teacher', '127.0.0.1', '内网IP', '{\"createBy\":\"\",\"createTime\":\"2024-05-08 12:49:34\",\"params\":{},\"teacherAvatar\":\"/profile/avatar/2024/04/30/jstx_20240430111031A001.jpeg\",\"teacherCareer\":\"老师\",\"teacherDepartment\":101,\"teacherId\":6,\"teacherMail\":\"YuanPan@qq.com\",\"teacherName\":\"王老师\",\"teacherTel\":\"15564542120\",\"updateBy\":\"\",\"updateTime\":\"2024-05-08 13:56:54\"}', '{\"msg\":\"操作成功\",\"code\":200}', 0, NULL, '2024-05-08 13:56:54', 33);
INSERT INTO `sys_oper_log` VALUES (307, '老师基本信息', 2, 'com.ruoyi.web.controller.kpi.KpiTeacherController.edit()', 'PUT', 1, 'admin', '东北林业大学', '/kpi/teacher', '127.0.0.1', '内网IP', '{\"createBy\":\"\",\"createTime\":\"2024-05-08 12:49:34\",\"params\":{},\"teacherAvatar\":\"/profile/avatar/2024/04/30/jstx_20240430111031A001.jpeg\",\"teacherCareer\":\"老师\",\"teacherDepartment\":101,\"teacherId\":6,\"teacherMail\":\"YuanPan@qq.com\",\"teacherName\":\"王老师\",\"teacherTel\":\"15564542123\",\"updateBy\":\"\",\"updateTime\":\"2024-05-08 13:58:05\"}', '{\"msg\":\"操作成功\",\"code\":200}', 0, NULL, '2024-05-08 13:58:05', 45);
INSERT INTO `sys_oper_log` VALUES (308, '角色管理', 2, 'com.ruoyi.web.controller.system.SysRoleController.edit()', 'PUT', 1, 'admin', '东北林业大学', '/system/role', '127.0.0.1', '内网IP', '{\"admin\":false,\"createTime\":\"2024-04-19 10:35:54\",\"dataScope\":\"1\",\"delFlag\":\"0\",\"deptCheckStrictly\":true,\"flag\":false,\"menuCheckStrictly\":true,\"menuIds\":[2000,2001,2007,2018,2044,2045,2046,2076,2019,2050,2051,2052,2020,2038,2039,2040,2021,2062,2063,2064,2022,2026,2027,2028,2023,2032,2033,2034,2024,2068,2069,2070,2025,2056,2057,2058,2002,2008],\"params\":{},\"roleId\":100,\"roleKey\":\"tea\",\"roleName\":\"老师\",\"roleSort\":3,\"status\":\"0\",\"updateBy\":\"admin\"}', '{\"msg\":\"操作成功\",\"code\":200}', 0, NULL, '2024-05-08 14:07:08', 54);
INSERT INTO `sys_oper_log` VALUES (309, '非教学类科研论文', 1, 'com.ruoyi.web.controller.kpi.KpiPaperNoTeachController.add()', 'POST', 1, '15564542121', '信息系', '/kpi/paperNoTeach', '127.0.0.1', '内网IP', '{\"auditState\":\"0\",\"createTime\":\"2024-05-08 14:08:19\",\"issnNumber\":\"1\",\"issueNumber\":\"1\",\"kpiYear\":\"2024\",\"magnitudeId\":1,\"paperName\":\"ceshilunwen\",\"paperNoTeachId\":1,\"params\":{},\"periodicalName\":\"cw\",\"projectScore\":200,\"publishTime\":\"2024-05-15\",\"startEndPageNumber\":\"1-35\",\"teacherId\":5}', '{\"msg\":\"操作成功\",\"code\":200}', 0, NULL, '2024-05-08 14:08:19', 25);
INSERT INTO `sys_oper_log` VALUES (310, '非教学类科研论文', 2, 'com.ruoyi.web.controller.kpi.KpiPaperNoTeachController.edit()', 'PUT', 1, 'admin', '东北林业大学', '/kpi/paperNoTeach', '127.0.0.1', '内网IP', '{\"auditState\":\"2\",\"createBy\":\"\",\"createTime\":\"2024-05-08 14:08:19\",\"issnNumber\":\"1\",\"issueNumber\":\"1\",\"kpiYear\":\"2024\",\"magnitudeId\":1,\"paperName\":\"ceshilunwen\",\"paperNoTeachId\":1,\"params\":{},\"periodicalName\":\"cw\",\"projectScore\":200,\"publishTime\":\"2024-05-15\",\"rejectCause\":\"驳回\",\"startEndPageNumber\":\"1-35\",\"teacherId\":5,\"updateBy\":\"\",\"updateTime\":\"2024-05-08 14:27:23\"}', '{\"msg\":\"操作成功\",\"code\":200}', 0, NULL, '2024-05-08 14:27:23', 27);
INSERT INTO `sys_oper_log` VALUES (311, '非教学类科研论文', 1, 'com.ruoyi.web.controller.kpi.KpiPaperNoTeachController.add()', 'POST', 1, '15564542121', '信息系', '/kpi/paperNoTeach', '127.0.0.1', '内网IP', '{\"auditState\":\"0\",\"createTime\":\"2024-05-08 14:40:30\",\"issnNumber\":\"1\",\"issueNumber\":\"1\",\"kpiYear\":\"2024\",\"magnitudeId\":2,\"paperName\":\"cs\",\"paperNoTeachId\":2,\"params\":{},\"periodicalName\":\"1\",\"projectScore\":100,\"publishTime\":\"2024-05-15\",\"startEndPageNumber\":\"1-22\",\"teacherId\":5}', '{\"msg\":\"操作成功\",\"code\":200}', 0, NULL, '2024-05-08 14:40:30', 40);
INSERT INTO `sys_oper_log` VALUES (312, '非教学类科研论文', 2, 'com.ruoyi.web.controller.kpi.KpiPaperNoTeachController.edit()', 'PUT', 1, 'admin', '东北林业大学', '/kpi/paperNoTeach', '127.0.0.1', '内网IP', '{\"auditState\":\"1\",\"createBy\":\"\",\"createTime\":\"2024-05-08 14:40:30\",\"issnNumber\":\"1\",\"issueNumber\":\"1\",\"kpiYear\":\"2024\",\"magnitudeId\":2,\"paperName\":\"cs\",\"paperNoTeachId\":2,\"params\":{},\"periodicalName\":\"1\",\"projectScore\":100,\"publishTime\":\"2024-05-15\",\"startEndPageNumber\":\"1-22\",\"teacherId\":5,\"updateBy\":\"\",\"updateTime\":\"2024-05-08 14:43:16\"}', '{\"msg\":\"操作成功\",\"code\":200}', 0, NULL, '2024-05-08 14:43:16', 74);
INSERT INTO `sys_oper_log` VALUES (313, '菜单管理', 1, 'com.ruoyi.web.controller.system.SysMenuController.add()', 'POST', 1, 'admin', '东北林业大学', '/system/menu', '127.0.0.1', '内网IP', '{\"children\":[],\"component\":\"kpi/project/teacher\",\"createBy\":\"admin\",\"isCache\":\"0\",\"isFrame\":\"1\",\"menuName\":\"我的项目信息\",\"menuType\":\"C\",\"orderNum\":2,\"params\":{},\"parentId\":2019,\"path\":\"myProject\",\"perms\":\"kpi:project:list\",\"status\":\"0\",\"visible\":\"0\"}', '{\"msg\":\"操作成功\",\"code\":200}', 0, NULL, '2024-05-08 15:21:57', 16);
INSERT INTO `sys_oper_log` VALUES (314, '角色管理', 2, 'com.ruoyi.web.controller.system.SysRoleController.edit()', 'PUT', 1, 'admin', '东北林业大学', '/system/role', '127.0.0.1', '内网IP', '{\"admin\":false,\"createTime\":\"2024-04-19 10:35:54\",\"dataScope\":\"1\",\"delFlag\":\"0\",\"deptCheckStrictly\":true,\"flag\":false,\"menuCheckStrictly\":true,\"menuIds\":[2018,2044,2019,2050,2020,2038,2021,2062,2022,2026,2023,2032,2024,2068,2025,2056,2000,2001,2007,2045,2046,2076,2051,2052,2077,2039,2040,2063,2064,2027,2028,2033,2034,2069,2070,2057,2058,2002,2008],\"params\":{},\"roleId\":100,\"roleKey\":\"tea\",\"roleName\":\"老师\",\"roleSort\":3,\"status\":\"0\",\"updateBy\":\"admin\"}', '{\"msg\":\"操作成功\",\"code\":200}', 0, NULL, '2024-05-08 15:22:29', 27);
INSERT INTO `sys_oper_log` VALUES (315, 'KPI量值标准', 1, 'com.ruoyi.web.controller.kpi.KpiMagnitudeController.add()', 'POST', 1, 'admin', '东北林业大学', '/kpi/magnitude', '127.0.0.1', '内网IP', '{\"basicScore\":100,\"createTime\":\"2024-05-08 15:26:05\",\"extroScore\":12,\"magnitudeId\":16,\"magnitudeName\":\"纵向项目1\",\"params\":{},\"typeId\":3}', '{\"msg\":\"操作成功\",\"code\":200}', 0, NULL, '2024-05-08 15:26:05', 33);
INSERT INTO `sys_oper_log` VALUES (316, 'KPI量值标准', 1, 'com.ruoyi.web.controller.kpi.KpiMagnitudeController.add()', 'POST', 1, 'admin', '东北林业大学', '/kpi/magnitude', '127.0.0.1', '内网IP', '{\"basicScore\":100,\"createTime\":\"2024-05-08 15:26:31\",\"extroScore\":13,\"magnitudeId\":17,\"magnitudeName\":\"横向项目\",\"params\":{},\"typeId\":4}', '{\"msg\":\"操作成功\",\"code\":200}', 0, NULL, '2024-05-08 15:26:31', 11);
INSERT INTO `sys_oper_log` VALUES (317, '项目信息', 1, 'com.ruoyi.web.controller.kpi.KpiProjectController.add()', 'POST', 1, '15564542121', '信息系', '/kpi/project', '127.0.0.1', '内网IP', '{\"accountExpenditure\":150,\"actualExpenditure\":150,\"financeAccountNumber\":\"1\",\"isFirstAppropriation\":\"1\",\"kpiYear\":\"2024\",\"magnitudeId\":17,\"outExpenditure\":150,\"params\":{},\"projectEndTime\":\"2025-05-15\",\"projectName\":\"横向11\",\"projectNumber\":\"1\",\"projectSource\":\"1\",\"projectStartTime\":\"2024-05-08\",\"teacherId\":5}', NULL, 1, 'Non-terminating decimal expansion; no exact representable decimal result.', '2024-05-08 15:29:02', 11);
INSERT INTO `sys_oper_log` VALUES (318, '项目信息', 1, 'com.ruoyi.web.controller.kpi.KpiProjectController.add()', 'POST', 1, '15564542121', '信息系', '/kpi/project', '127.0.0.1', '内网IP', '{\"accountExpenditure\":150,\"actualExpenditure\":150,\"financeAccountNumber\":\"1\",\"isFirstAppropriation\":\"1\",\"kpiYear\":\"2024\",\"magnitudeId\":17,\"outExpenditure\":150,\"params\":{},\"projectEndTime\":\"2025-05-15\",\"projectName\":\"横向11\",\"projectNumber\":\"1\",\"projectSource\":\"1\",\"projectStartTime\":\"2024-05-08\",\"teacherId\":5}', NULL, 1, 'Non-terminating decimal expansion; no exact representable decimal result.', '2024-05-08 15:29:42', 21533);
INSERT INTO `sys_oper_log` VALUES (319, '项目信息', 1, 'com.ruoyi.web.controller.kpi.KpiProjectController.add()', 'POST', 1, '15564542121', '信息系', '/kpi/project', '127.0.0.1', '内网IP', '{\"accountExpenditure\":150,\"actualExpenditure\":150,\"createTime\":\"2024-05-08 15:31:55\",\"financeAccountNumber\":\"1\",\"isFirstAppropriation\":\"1\",\"kpiYear\":\"2024\",\"magnitudeId\":17,\"outExpenditure\":150,\"params\":{},\"projectEndTime\":\"2025-05-15\",\"projectId\":1,\"projectName\":\"横向11\",\"projectNumber\":\"1\",\"projectScore\":111,\"projectSource\":\"1\",\"projectStartTime\":\"2024-05-08\",\"teacherId\":5}', '{\"msg\":\"操作成功\",\"code\":200}', 0, NULL, '2024-05-08 15:31:55', 12660);
INSERT INTO `sys_oper_log` VALUES (320, '项目信息', 2, 'com.ruoyi.web.controller.kpi.KpiProjectController.edit()', 'PUT', 1, 'admin', '东北林业大学', '/kpi/project', '127.0.0.1', '内网IP', '{\"accountExpenditure\":150,\"actualExpenditure\":150,\"auditState\":\"1\",\"createBy\":\"\",\"createTime\":\"2024-05-08 15:31:55\",\"financeAccountNumber\":\"1\",\"isFirstAppropriation\":\"1\",\"kpiYear\":\"2024\",\"magnitudeId\":17,\"outExpenditure\":150,\"params\":{},\"projectEndTime\":\"2025-05-15\",\"projectId\":1,\"projectName\":\"横向11\",\"projectNumber\":\"1\",\"projectScore\":111,\"projectSource\":\"1\",\"projectStartTime\":\"2024-05-08\",\"teacherId\":5,\"updateBy\":\"\",\"updateTime\":\"2024-05-08 15:33:58\"}', '{\"msg\":\"操作成功\",\"code\":200}', 0, NULL, '2024-05-08 15:33:58', 36);
INSERT INTO `sys_oper_log` VALUES (321, '菜单管理', 1, 'com.ruoyi.web.controller.system.SysMenuController.add()', 'POST', 1, 'admin', '东北林业大学', '/system/menu', '127.0.0.1', '内网IP', '{\"children\":[],\"component\":\"kpi/intellectual/teacher\",\"createBy\":\"admin\",\"isCache\":\"0\",\"isFrame\":\"1\",\"menuName\":\"我的知识产权\",\"menuType\":\"C\",\"orderNum\":2,\"params\":{},\"parentId\":2020,\"path\":\"myIntellectual\",\"perms\":\"kpi:intellectual:list\",\"status\":\"0\",\"visible\":\"0\"}', '{\"msg\":\"操作成功\",\"code\":200}', 0, NULL, '2024-05-08 16:02:00', 23);
INSERT INTO `sys_oper_log` VALUES (322, '角色管理', 2, 'com.ruoyi.web.controller.system.SysRoleController.edit()', 'PUT', 1, 'admin', '东北林业大学', '/system/role', '127.0.0.1', '内网IP', '{\"admin\":false,\"createTime\":\"2024-04-19 10:35:54\",\"dataScope\":\"1\",\"delFlag\":\"0\",\"deptCheckStrictly\":true,\"flag\":false,\"menuCheckStrictly\":true,\"menuIds\":[2018,2044,2019,2050,2020,2038,2021,2062,2022,2026,2023,2032,2024,2068,2025,2056,2000,2001,2007,2045,2046,2076,2051,2052,2077,2039,2040,2078,2063,2064,2027,2028,2033,2034,2069,2070,2057,2058,2002,2008],\"params\":{},\"roleId\":100,\"roleKey\":\"tea\",\"roleName\":\"老师\",\"roleSort\":3,\"status\":\"0\",\"updateBy\":\"admin\"}', '{\"msg\":\"操作成功\",\"code\":200}', 0, NULL, '2024-05-08 16:02:52', 43);
INSERT INTO `sys_oper_log` VALUES (323, '知识产权', 1, 'com.ruoyi.web.controller.kpi.KpiIntellectualController.add()', 'POST', 1, '15564542121', '信息系', '/kpi/intellectual', '127.0.0.1', '内网IP', '{\"createTime\":\"2024-05-08 16:03:42\",\"intellectualId\":1,\"intellectualName\":\"产权1\",\"intellectualNumber\":\"1\",\"kpiYear\":\"2024\",\"magnitudeId\":13,\"params\":{},\"publishTime\":\"2024-05-08\"}', '{\"msg\":\"操作成功\",\"code\":200}', 0, NULL, '2024-05-08 16:03:42', 17);
INSERT INTO `sys_oper_log` VALUES (324, '知识产权', 3, 'com.ruoyi.web.controller.kpi.KpiIntellectualController.remove()', 'DELETE', 1, 'admin', '东北林业大学', '/kpi/intellectual/1', '127.0.0.1', '内网IP', '{}', '{\"msg\":\"操作成功\",\"code\":200}', 0, NULL, '2024-05-08 16:29:25', 19);
INSERT INTO `sys_oper_log` VALUES (325, '知识产权', 1, 'com.ruoyi.web.controller.kpi.KpiIntellectualController.add()', 'POST', 1, '15564542121', '信息系', '/kpi/intellectual', '127.0.0.1', '内网IP', '{\"auditState\":\"0\",\"createTime\":\"2024-05-08 16:29:50\",\"intellectualId\":2,\"intellectualName\":\"产权1\",\"intellectualNumber\":\"1\",\"kpiYear\":\"2024\",\"magnitudeId\":13,\"params\":{},\"projectScore\":30,\"publishTime\":\"2024-05-08\"}', '{\"msg\":\"操作成功\",\"code\":200}', 0, NULL, '2024-05-08 16:29:50', 28);
INSERT INTO `sys_oper_log` VALUES (326, '知识产权', 1, 'com.ruoyi.web.controller.kpi.KpiIntellectualController.add()', 'POST', 1, '15564542121', '信息系', '/kpi/intellectual', '127.0.0.1', '内网IP', '{\"auditState\":\"0\",\"createTime\":\"2024-05-08 16:33:39\",\"intellectualId\":3,\"intellectualName\":\"1\",\"intellectualNumber\":\"1\",\"kpiYear\":\"2024\",\"magnitudeId\":13,\"params\":{},\"projectScore\":30}', '{\"msg\":\"操作成功\",\"code\":200}', 0, NULL, '2024-05-08 16:33:39', 36191);
INSERT INTO `sys_oper_log` VALUES (327, '知识产权', 3, 'com.ruoyi.web.controller.kpi.KpiIntellectualController.remove()', 'DELETE', 1, 'admin', '东北林业大学', '/kpi/intellectual/2,3', '127.0.0.1', '内网IP', '{}', '{\"msg\":\"操作成功\",\"code\":200}', 0, NULL, '2024-05-08 16:35:44', 16);
INSERT INTO `sys_oper_log` VALUES (328, '知识产权', 1, 'com.ruoyi.web.controller.kpi.KpiIntellectualController.add()', 'POST', 1, '15564542121', '信息系', '/kpi/intellectual', '127.0.0.1', '内网IP', '{\"auditState\":\"0\",\"createTime\":\"2024-05-08 16:36:02\",\"intellectualId\":4,\"intellectualName\":\"产权1\",\"intellectualNumber\":\"1\",\"kpiYear\":\"2024\",\"magnitudeId\":13,\"params\":{},\"projectScore\":30,\"publishTime\":\"2024-05-08\",\"teacherId\":5}', '{\"msg\":\"操作成功\",\"code\":200}', 0, NULL, '2024-05-08 16:36:02', 23);
INSERT INTO `sys_oper_log` VALUES (329, '知识产权', 2, 'com.ruoyi.web.controller.kpi.KpiIntellectualController.edit()', 'PUT', 1, 'admin', '东北林业大学', '/kpi/intellectual', '127.0.0.1', '内网IP', '{\"auditState\":\"1\",\"createBy\":\"\",\"createTime\":\"2024-05-08 16:36:03\",\"intellectualId\":4,\"intellectualName\":\"产权1\",\"intellectualNumber\":\"1\",\"kpiYear\":\"2024\",\"magnitudeId\":13,\"params\":{},\"projectScore\":30,\"publishTime\":\"2024-05-08\",\"teacherId\":5,\"updateBy\":\"\",\"updateTime\":\"2024-05-08 16:36:17\"}', '{\"msg\":\"操作成功\",\"code\":200}', 0, NULL, '2024-05-08 16:36:17', 28);
INSERT INTO `sys_oper_log` VALUES (330, '菜单管理', 1, 'com.ruoyi.web.controller.system.SysMenuController.add()', 'POST', 1, 'admin', '东北林业大学', '/system/menu', '127.0.0.1', '内网IP', '{\"children\":[],\"component\":\"kpi/standard/teacher\",\"createBy\":\"admin\",\"isCache\":\"0\",\"isFrame\":\"1\",\"menuName\":\"我的标准及平台\",\"menuType\":\"C\",\"orderNum\":2,\"params\":{},\"parentId\":2021,\"path\":\"myStandard\",\"perms\":\"kpi:standard:list\",\"status\":\"0\",\"visible\":\"0\"}', '{\"msg\":\"操作成功\",\"code\":200}', 0, NULL, '2024-05-08 16:53:59', 37);
INSERT INTO `sys_oper_log` VALUES (331, '角色管理', 2, 'com.ruoyi.web.controller.system.SysRoleController.edit()', 'PUT', 1, 'admin', '东北林业大学', '/system/role', '127.0.0.1', '内网IP', '{\"admin\":false,\"createTime\":\"2024-04-19 10:35:54\",\"dataScope\":\"1\",\"delFlag\":\"0\",\"deptCheckStrictly\":true,\"flag\":false,\"menuCheckStrictly\":true,\"menuIds\":[2018,2044,2019,2050,2020,2038,2021,2062,2022,2026,2023,2032,2024,2068,2025,2056,2000,2001,2007,2045,2046,2076,2051,2052,2077,2039,2040,2078,2063,2064,2079,2027,2028,2033,2034,2069,2070,2057,2058,2002,2008],\"params\":{},\"roleId\":100,\"roleKey\":\"tea\",\"roleName\":\"老师\",\"roleSort\":3,\"status\":\"0\",\"updateBy\":\"admin\"}', '{\"msg\":\"操作成功\",\"code\":200}', 0, NULL, '2024-05-08 16:55:04', 53);
INSERT INTO `sys_oper_log` VALUES (332, 'KPI量值标准', 1, 'com.ruoyi.web.controller.kpi.KpiMagnitudeController.add()', 'POST', 1, 'admin', '东北林业大学', '/kpi/magnitude', '127.0.0.1', '内网IP', '{\"basicScore\":50,\"createTime\":\"2024-05-08 17:03:02\",\"extroScore\":0,\"magnitudeId\":18,\"magnitudeName\":\"标准1\",\"params\":{},\"typeId\":6}', '{\"msg\":\"操作成功\",\"code\":200}', 0, NULL, '2024-05-08 17:03:02', 18);
INSERT INTO `sys_oper_log` VALUES (333, 'KPI量值标准', 1, 'com.ruoyi.web.controller.kpi.KpiMagnitudeController.add()', 'POST', 1, 'admin', '东北林业大学', '/kpi/magnitude', '127.0.0.1', '内网IP', '{\"basicScore\":60,\"createTime\":\"2024-05-08 17:03:22\",\"extroScore\":0,\"magnitudeId\":19,\"magnitudeName\":\"国家一等奖\",\"params\":{},\"typeId\":7}', '{\"msg\":\"操作成功\",\"code\":200}', 0, NULL, '2024-05-08 17:03:22', 13);
INSERT INTO `sys_oper_log` VALUES (334, 'kpi分类', 3, 'com.ruoyi.web.controller.kpi.KpiTypeController.remove()', 'DELETE', 1, 'admin', '东北林业大学', '/kpi/type/8', '127.0.0.1', '内网IP', '{}', '{\"msg\":\"操作成功\",\"code\":200}', 0, NULL, '2024-05-08 17:03:53', 16);
INSERT INTO `sys_oper_log` VALUES (335, 'kpi分类', 2, 'com.ruoyi.web.controller.kpi.KpiTypeController.edit()', 'PUT', 1, 'admin', '东北林业大学', '/kpi/type', '127.0.0.1', '内网IP', '{\"createBy\":\"\",\"createTime\":\"2024-04-21 20:12:18\",\"params\":{},\"typeId\":6,\"typeName\":\"标准及平台\",\"typeStatus\":\"0\",\"updateBy\":\"\",\"updateTime\":\"2024-05-08 17:04:00\"}', '{\"msg\":\"操作成功\",\"code\":200}', 0, NULL, '2024-05-08 17:04:00', 13);
INSERT INTO `sys_oper_log` VALUES (336, 'kpi分类', 1, 'com.ruoyi.web.controller.kpi.KpiTypeController.add()', 'POST', 1, 'admin', '东北林业大学', '/kpi/type', '127.0.0.1', '内网IP', '{\"createTime\":\"2024-05-08 17:04:46\",\"params\":{},\"typeId\":11,\"typeName\":\"优秀论文/讲座\",\"typeStatus\":\"0\"}', '{\"msg\":\"操作成功\",\"code\":200}', 0, NULL, '2024-05-08 17:04:46', 11);
INSERT INTO `sys_oper_log` VALUES (337, 'KPI量值标准', 1, 'com.ruoyi.web.controller.kpi.KpiMagnitudeController.add()', 'POST', 1, 'admin', '东北林业大学', '/kpi/magnitude', '127.0.0.1', '内网IP', '{\"basicScore\":70,\"createTime\":\"2024-05-08 17:05:12\",\"extroScore\":0,\"magnitudeId\":20,\"magnitudeName\":\"优秀论文1\",\"params\":{},\"typeId\":11}', '{\"msg\":\"操作成功\",\"code\":200}', 0, NULL, '2024-05-08 17:05:12', 9);
INSERT INTO `sys_oper_log` VALUES (338, 'KPI量值标准', 1, 'com.ruoyi.web.controller.kpi.KpiMagnitudeController.add()', 'POST', 1, 'admin', '东北林业大学', '/kpi/magnitude', '127.0.0.1', '内网IP', '{\"basicScore\":88,\"createTime\":\"2024-05-08 17:05:46\",\"extroScore\":0,\"magnitudeId\":21,\"magnitudeName\":\"国际任职1\",\"params\":{},\"typeId\":9}', '{\"msg\":\"操作成功\",\"code\":200}', 0, NULL, '2024-05-08 17:05:46', 11);
INSERT INTO `sys_oper_log` VALUES (339, 'KPI量值标准', 1, 'com.ruoyi.web.controller.kpi.KpiMagnitudeController.add()', 'POST', 1, 'admin', '东北林业大学', '/kpi/magnitude', '127.0.0.1', '内网IP', '{\"basicScore\":45,\"createTime\":\"2024-05-08 17:06:06\",\"extroScore\":0,\"magnitudeId\":22,\"magnitudeName\":\"科技成果1\",\"params\":{},\"typeId\":10}', '{\"msg\":\"操作成功\",\"code\":200}', 0, NULL, '2024-05-08 17:06:06', 11);
INSERT INTO `sys_oper_log` VALUES (340, '标准及平台', 1, 'com.ruoyi.web.controller.kpi.KpiStandardController.add()', 'POST', 1, '15564542121', '信息系', '/kpi/standard', '127.0.0.1', '内网IP', '{\"acquireTime\":\"2024-05-08\",\"auditState\":\"0\",\"createTime\":\"2024-05-08 17:06:57\",\"kpiYear\":\"2024-05-08\",\"magnitudeId\":18,\"params\":{},\"projectScore\":50,\"standardId\":1,\"standardName\":\"标准1\",\"teacherId\":5}', '{\"msg\":\"操作成功\",\"code\":200}', 0, NULL, '2024-05-08 17:06:57', 22);
INSERT INTO `sys_oper_log` VALUES (341, '标准及平台', 2, 'com.ruoyi.web.controller.kpi.KpiStandardController.edit()', 'PUT', 1, 'admin', '东北林业大学', '/kpi/standard', '127.0.0.1', '内网IP', '{\"acquireTime\":\"2024-05-08\",\"auditState\":\"1\",\"createBy\":\"\",\"createTime\":\"2024-05-08 17:06:57\",\"kpiYear\":\"2024-05-08\",\"magnitudeId\":18,\"params\":{},\"projectScore\":50,\"standardId\":1,\"standardName\":\"标准1\",\"teacherId\":5,\"updateBy\":\"\",\"updateTime\":\"2024-05-08 17:07:08\"}', '{\"msg\":\"操作成功\",\"code\":200}', 0, NULL, '2024-05-08 17:07:08', 19);
INSERT INTO `sys_oper_log` VALUES (342, '菜单管理', 1, 'com.ruoyi.web.controller.system.SysMenuController.add()', 'POST', 1, 'admin', '东北林业大学', '/system/menu', '127.0.0.1', '内网IP', '{\"children\":[],\"component\":\"kpi/awards/teacher\",\"createBy\":\"admin\",\"isCache\":\"0\",\"isFrame\":\"1\",\"menuName\":\"我的奖项信息\",\"menuType\":\"C\",\"orderNum\":2,\"params\":{},\"parentId\":2022,\"path\":\"myAwards\",\"perms\":\"kpi:awards:list\",\"status\":\"0\",\"visible\":\"0\"}', '{\"msg\":\"操作成功\",\"code\":200}', 0, NULL, '2024-05-08 17:24:29', 12);
INSERT INTO `sys_oper_log` VALUES (343, '角色管理', 2, 'com.ruoyi.web.controller.system.SysRoleController.edit()', 'PUT', 1, 'admin', '东北林业大学', '/system/role', '127.0.0.1', '内网IP', '{\"admin\":false,\"createTime\":\"2024-04-19 10:35:54\",\"dataScope\":\"1\",\"delFlag\":\"0\",\"deptCheckStrictly\":true,\"flag\":false,\"menuCheckStrictly\":true,\"menuIds\":[2018,2044,2019,2050,2020,2038,2021,2062,2022,2026,2023,2032,2024,2068,2025,2056,2000,2001,2007,2045,2046,2076,2051,2052,2077,2039,2040,2078,2063,2064,2079,2027,2028,2080,2033,2034,2069,2070,2057,2058,2002,2008],\"params\":{},\"roleId\":100,\"roleKey\":\"tea\",\"roleName\":\"老师\",\"roleSort\":3,\"status\":\"0\",\"updateBy\":\"admin\"}', '{\"msg\":\"操作成功\",\"code\":200}', 0, NULL, '2024-05-08 17:24:45', 20);
INSERT INTO `sys_oper_log` VALUES (344, '奖项信息', 1, 'com.ruoyi.web.controller.kpi.KpiAwardsController.add()', 'POST', 1, '15564542121', '信息系', '/kpi/awards', '127.0.0.1', '内网IP', '{\"acquireTime\":\"2024-05-08\",\"awardsId\":1,\"awardsName\":\"测试奖项1\",\"createTime\":\"2024-05-08 17:26:39\",\"kpiYear\":\"2024\",\"magnitudeId\":19,\"params\":{}}', '{\"msg\":\"操作成功\",\"code\":200}', 0, NULL, '2024-05-08 17:26:39', 12);
INSERT INTO `sys_oper_log` VALUES (345, '奖项信息', 1, 'com.ruoyi.web.controller.kpi.KpiAwardsController.add()', 'POST', 1, '15564542121', '信息系', '/kpi/awards', '127.0.0.1', '内网IP', '{\"acquireTime\":\"2024-05-08\",\"auditState\":\"0\",\"awardsId\":2,\"awardsName\":\"测试奖项12\",\"createTime\":\"2024-05-08 17:28:22\",\"kpiYear\":\"2024\",\"magnitudeId\":19,\"params\":{},\"projectScore\":60,\"teacherId\":5}', '{\"msg\":\"操作成功\",\"code\":200}', 0, NULL, '2024-05-08 17:28:22', 64);
INSERT INTO `sys_oper_log` VALUES (346, '奖项信息', 2, 'com.ruoyi.web.controller.kpi.KpiAwardsController.edit()', 'PUT', 1, 'admin', '东北林业大学', '/kpi/awards', '127.0.0.1', '内网IP', '{\"acquireTime\":\"2024-05-08\",\"auditState\":\"1\",\"awardsId\":2,\"awardsName\":\"测试奖项12\",\"createBy\":\"\",\"createTime\":\"2024-05-08 17:28:22\",\"kpiYear\":\"2024\",\"magnitudeId\":19,\"params\":{},\"projectScore\":60,\"teacherId\":5,\"updateBy\":\"\",\"updateTime\":\"2024-05-08 17:28:51\"}', '{\"msg\":\"操作成功\",\"code\":200}', 0, NULL, '2024-05-08 17:28:51', 33);
INSERT INTO `sys_oper_log` VALUES (347, '奖项信息', 1, 'com.ruoyi.web.controller.kpi.KpiAwardsController.add()', 'POST', 1, '15564542121', '信息系', '/kpi/awards', '127.0.0.1', '内网IP', '{\"acquireTime\":\"2024-05-08\",\"auditState\":\"0\",\"awardsId\":3,\"awardsName\":\"1\",\"createTime\":\"2024-05-08 17:39:15\",\"kpiYear\":\"2024\",\"magnitudeId\":19,\"params\":{},\"projectScore\":60,\"teacherId\":5}', '{\"msg\":\"操作成功\",\"code\":200}', 0, NULL, '2024-05-08 17:39:15', 38);
INSERT INTO `sys_oper_log` VALUES (348, '标准及平台', 3, 'com.ruoyi.web.controller.kpi.KpiStandardController.remove()', 'DELETE', 1, 'admin', '东北林业大学', '/kpi/standard/1', '127.0.0.1', '内网IP', '{}', '{\"msg\":\"操作成功\",\"code\":200}', 0, NULL, '2024-05-08 17:39:29', 18);
INSERT INTO `sys_oper_log` VALUES (349, '奖项信息', 3, 'com.ruoyi.web.controller.kpi.KpiAwardsController.remove()', 'DELETE', 1, 'admin', '东北林业大学', '/kpi/awards/2', '127.0.0.1', '内网IP', '{}', '{\"msg\":\"操作成功\",\"code\":200}', 0, NULL, '2024-05-08 17:39:42', 11);
INSERT INTO `sys_oper_log` VALUES (350, '奖项信息', 2, 'com.ruoyi.web.controller.kpi.KpiAwardsController.edit()', 'PUT', 1, 'admin', '东北林业大学', '/kpi/awards', '127.0.0.1', '内网IP', '{\"acquireTime\":\"2024-05-08\",\"auditState\":\"1\",\"awardsId\":3,\"awardsName\":\"1\",\"createBy\":\"\",\"createTime\":\"2024-05-08 17:39:16\",\"kpiYear\":\"2024\",\"magnitudeId\":19,\"params\":{},\"projectScore\":60,\"teacherId\":5,\"updateBy\":\"\",\"updateTime\":\"2024-05-08 17:39:45\"}', '{\"msg\":\"操作成功\",\"code\":200}', 0, NULL, '2024-05-08 17:39:45', 26);
INSERT INTO `sys_oper_log` VALUES (351, '标准及平台', 1, 'com.ruoyi.web.controller.kpi.KpiStandardController.add()', 'POST', 1, '15564542121', '信息系', '/kpi/standard', '127.0.0.1', '内网IP', '{\"acquireTime\":\"2024-05-08\",\"auditState\":\"0\",\"createTime\":\"2024-05-08 17:42:51\",\"kpiYear\":\"2024-05-08\",\"magnitudeId\":18,\"params\":{},\"projectScore\":50,\"standardId\":2,\"standardName\":\"标准1\",\"teacherId\":5}', '{\"msg\":\"操作成功\",\"code\":200}', 0, NULL, '2024-05-08 17:42:51', 55);
INSERT INTO `sys_oper_log` VALUES (352, '标准及平台', 3, 'com.ruoyi.web.controller.kpi.KpiStandardController.remove()', 'DELETE', 1, 'admin', '东北林业大学', '/kpi/standard/2', '127.0.0.1', '内网IP', '{}', '{\"msg\":\"操作成功\",\"code\":200}', 0, NULL, '2024-05-08 17:44:30', 17);
INSERT INTO `sys_oper_log` VALUES (353, '标准及平台', 1, 'com.ruoyi.web.controller.kpi.KpiStandardController.add()', 'POST', 1, '15564542121', '信息系', '/kpi/standard', '127.0.0.1', '内网IP', '{\"acquireTime\":\"2024-05-08\",\"auditState\":\"0\",\"createTime\":\"2024-05-08 17:45:40\",\"kpiYear\":\"2024\",\"magnitudeId\":18,\"params\":{},\"projectScore\":50,\"standardId\":3,\"standardName\":\"标准1\",\"teacherId\":5}', '{\"msg\":\"操作成功\",\"code\":200}', 0, NULL, '2024-05-08 17:45:40', 19);
INSERT INTO `sys_oper_log` VALUES (354, '标准及平台', 2, 'com.ruoyi.web.controller.kpi.KpiStandardController.edit()', 'PUT', 1, 'admin', '东北林业大学', '/kpi/standard', '127.0.0.1', '内网IP', '{\"acquireTime\":\"2024-05-08\",\"auditState\":\"1\",\"createBy\":\"\",\"createTime\":\"2024-05-08 17:45:41\",\"kpiYear\":\"2024\",\"magnitudeId\":18,\"params\":{},\"projectScore\":50,\"standardId\":3,\"standardName\":\"标准1\",\"teacherId\":5,\"updateBy\":\"\",\"updateTime\":\"2024-05-08 17:45:49\"}', '{\"msg\":\"操作成功\",\"code\":200}', 0, NULL, '2024-05-08 17:45:49', 23);
INSERT INTO `sys_oper_log` VALUES (355, '菜单管理', 1, 'com.ruoyi.web.controller.system.SysMenuController.add()', 'POST', 1, 'admin', '东北林业大学', '/system/menu', '127.0.0.1', '内网IP', '{\"children\":[],\"component\":\"kpi/chai/teacher\",\"createBy\":\"admin\",\"isCache\":\"0\",\"isFrame\":\"1\",\"menuName\":\"我的优秀论文/讲座\",\"menuType\":\"C\",\"orderNum\":2,\"params\":{},\"parentId\":2023,\"path\":\"myChai\",\"perms\":\"kpi:chai:list\",\"status\":\"0\",\"visible\":\"0\"}', '{\"msg\":\"操作成功\",\"code\":200}', 0, NULL, '2024-05-08 18:07:19', 33);
INSERT INTO `sys_oper_log` VALUES (356, '角色管理', 2, 'com.ruoyi.web.controller.system.SysRoleController.edit()', 'PUT', 1, 'admin', '东北林业大学', '/system/role', '127.0.0.1', '内网IP', '{\"admin\":false,\"createTime\":\"2024-04-19 10:35:54\",\"dataScope\":\"1\",\"delFlag\":\"0\",\"deptCheckStrictly\":true,\"flag\":false,\"menuCheckStrictly\":true,\"menuIds\":[2018,2044,2019,2050,2020,2038,2021,2062,2022,2026,2023,2032,2024,2068,2025,2056,2000,2001,2007,2045,2046,2076,2051,2052,2077,2039,2040,2078,2063,2064,2079,2027,2028,2080,2033,2034,2081,2069,2070,2057,2058,2002,2008],\"params\":{},\"roleId\":100,\"roleKey\":\"tea\",\"roleName\":\"老师\",\"roleSort\":3,\"status\":\"0\",\"updateBy\":\"admin\"}', '{\"msg\":\"操作成功\",\"code\":200}', 0, NULL, '2024-05-08 18:07:37', 51);
INSERT INTO `sys_oper_log` VALUES (357, '指导优秀论文与讲座', 1, 'com.ruoyi.web.controller.kpi.KpiExcellentPaperChaiController.add()', 'POST', 1, '15564542121', '信息系', '/kpi/chai', '127.0.0.1', '内网IP', '{\"approvingTime\":\"2024-05-08\",\"approvingUnit\":\"信息学院\",\"auditState\":\"0\",\"createTime\":\"2024-05-08 18:08:44\",\"excellentPaperChaiName\":\"优秀1\",\"excellentPaperChairId\":1,\"kpiYear\":\"2024\",\"magnitudeId\":20,\"params\":{},\"projectScore\":70,\"teacherId\":5}', '{\"msg\":\"操作成功\",\"code\":200}', 0, NULL, '2024-05-08 18:08:44', 31);
INSERT INTO `sys_oper_log` VALUES (358, '指导优秀论文与讲座', 2, 'com.ruoyi.web.controller.kpi.KpiExcellentPaperChaiController.edit()', 'PUT', 1, 'admin', '东北林业大学', '/kpi/chai', '127.0.0.1', '内网IP', '{\"approvingTime\":\"2024-05-08\",\"approvingUnit\":\"信息学院\",\"auditState\":\"1\",\"createBy\":\"\",\"createTime\":\"2024-05-08 18:08:44\",\"excellentPaperChaiName\":\"优秀1\",\"excellentPaperChairId\":1,\"kpiYear\":\"2024\",\"magnitudeId\":20,\"params\":{},\"projectScore\":70,\"teacherId\":5,\"updateBy\":\"\",\"updateTime\":\"2024-05-08 18:08:58\"}', '{\"msg\":\"操作成功\",\"code\":200}', 0, NULL, '2024-05-08 18:08:58', 27);
INSERT INTO `sys_oper_log` VALUES (359, '菜单管理', 1, 'com.ruoyi.web.controller.system.SysMenuController.add()', 'POST', 1, 'admin', '东北林业大学', '/system/menu', '127.0.0.1', '内网IP', '{\"children\":[],\"component\":\"kpi/organization/teacher\",\"createBy\":\"admin\",\"isCache\":\"0\",\"isFrame\":\"1\",\"menuName\":\"我的国际学术任职\",\"menuType\":\"C\",\"orderNum\":2,\"params\":{},\"parentId\":2023,\"path\":\"myOrganization\",\"perms\":\"kpi:organization:list\",\"status\":\"0\",\"visible\":\"0\"}', '{\"msg\":\"操作成功\",\"code\":200}', 0, NULL, '2024-05-08 19:13:38', 24);
INSERT INTO `sys_oper_log` VALUES (360, '菜单管理', 2, 'com.ruoyi.web.controller.system.SysMenuController.edit()', 'PUT', 1, 'admin', '东北林业大学', '/system/menu', '127.0.0.1', '内网IP', '{\"children\":[],\"component\":\"kpi/organization/teacher\",\"createTime\":\"2024-05-08 19:13:38\",\"icon\":\"#\",\"isCache\":\"0\",\"isFrame\":\"1\",\"menuId\":2082,\"menuName\":\"我的国际学术任职\",\"menuType\":\"C\",\"orderNum\":2,\"params\":{},\"parentId\":2024,\"path\":\"myOrganization\",\"perms\":\"kpi:organization:list\",\"status\":\"0\",\"updateBy\":\"admin\",\"visible\":\"0\"}', '{\"msg\":\"操作成功\",\"code\":200}', 0, NULL, '2024-05-08 19:14:04', 17);
INSERT INTO `sys_oper_log` VALUES (361, '角色管理', 2, 'com.ruoyi.web.controller.system.SysRoleController.edit()', 'PUT', 1, 'admin', '东北林业大学', '/system/role', '127.0.0.1', '内网IP', '{\"admin\":false,\"createTime\":\"2024-04-19 10:35:54\",\"dataScope\":\"1\",\"delFlag\":\"0\",\"deptCheckStrictly\":true,\"flag\":false,\"menuCheckStrictly\":true,\"menuIds\":[2018,2044,2019,2050,2020,2038,2021,2062,2022,2026,2023,2032,2024,2068,2025,2056,2000,2001,2007,2045,2046,2076,2051,2052,2077,2039,2040,2078,2063,2064,2079,2027,2028,2080,2033,2034,2081,2069,2070,2082,2057,2058,2002,2008],\"params\":{},\"roleId\":100,\"roleKey\":\"tea\",\"roleName\":\"老师\",\"roleSort\":3,\"status\":\"0\",\"updateBy\":\"admin\"}', '{\"msg\":\"操作成功\",\"code\":200}', 0, NULL, '2024-05-08 19:14:18', 37);
INSERT INTO `sys_oper_log` VALUES (362, '菜单管理', 2, 'com.ruoyi.web.controller.system.SysMenuController.edit()', 'PUT', 1, 'admin', '东北林业大学', '/system/menu', '127.0.0.1', '内网IP', '{\"children\":[],\"component\":\"kpi/organization/teacher\",\"createTime\":\"2024-05-08 19:13:38\",\"icon\":\"#\",\"isCache\":\"0\",\"isFrame\":\"1\",\"menuId\":2082,\"menuName\":\"我的国际学术任职\",\"menuType\":\"C\",\"orderNum\":2,\"params\":{},\"parentId\":2024,\"path\":\"myOrganization\",\"perms\":\"kpi:organization:list\",\"status\":\"0\",\"updateBy\":\"admin\",\"visible\":\"0\"}', '{\"msg\":\"操作成功\",\"code\":200}', 0, NULL, '2024-05-08 19:16:18', 17);
INSERT INTO `sys_oper_log` VALUES (363, '国际学术组织任职', 1, 'com.ruoyi.web.controller.kpi.KpiOrganizationController.add()', 'POST', 1, '15564542121', '信息系', '/kpi/organization', '127.0.0.1', '内网IP', '{\"auditState\":\"0\",\"createTime\":\"2024-05-08 20:21:32\",\"kpiYear\":\"2024\",\"magnitudeId\":21,\"organizationId\":1,\"organizationName\":\"wto\",\"params\":{},\"projectScore\":88,\"takeOfficeTime\":\"2024-05-08\",\"teacherId\":5}', '{\"msg\":\"操作成功\",\"code\":200}', 0, NULL, '2024-05-08 20:21:32', 26);
INSERT INTO `sys_oper_log` VALUES (364, '国际学术组织任职', 2, 'com.ruoyi.web.controller.kpi.KpiOrganizationController.edit()', 'PUT', 1, 'admin', '东北林业大学', '/kpi/organization', '127.0.0.1', '内网IP', '{\"auditState\":\"1\",\"createBy\":\"\",\"createTime\":\"2024-05-08 20:21:32\",\"kpiYear\":\"2024\",\"magnitudeId\":21,\"organizationId\":1,\"organizationName\":\"wto\",\"params\":{},\"projectScore\":88,\"takeOfficeTime\":\"2024-05-08\",\"teacherId\":5,\"updateBy\":\"\",\"updateTime\":\"2024-05-08 20:23:11\"}', '{\"msg\":\"操作成功\",\"code\":200}', 0, NULL, '2024-05-08 20:23:11', 28);
INSERT INTO `sys_oper_log` VALUES (365, '菜单管理', 1, 'com.ruoyi.web.controller.system.SysMenuController.add()', 'POST', 1, 'admin', '东北林业大学', '/system/menu', '127.0.0.1', '内网IP', '{\"children\":[],\"component\":\"kpi/science/teacher\",\"createBy\":\"admin\",\"isCache\":\"0\",\"isFrame\":\"1\",\"menuName\":\"我的科技成果\",\"menuType\":\"C\",\"orderNum\":2,\"params\":{},\"parentId\":2025,\"path\":\"myScience\",\"perms\":\"kpi:science:list\",\"status\":\"0\",\"visible\":\"0\"}', '{\"msg\":\"操作成功\",\"code\":200}', 0, NULL, '2024-05-08 20:40:47', 22);
INSERT INTO `sys_oper_log` VALUES (366, '角色管理', 2, 'com.ruoyi.web.controller.system.SysRoleController.edit()', 'PUT', 1, 'admin', '东北林业大学', '/system/role', '127.0.0.1', '内网IP', '{\"admin\":false,\"createTime\":\"2024-04-19 10:35:54\",\"dataScope\":\"1\",\"delFlag\":\"0\",\"deptCheckStrictly\":true,\"flag\":false,\"menuCheckStrictly\":true,\"menuIds\":[2018,2044,2019,2050,2020,2038,2021,2062,2022,2026,2023,2032,2024,2068,2025,2056,2000,2001,2007,2045,2046,2076,2051,2052,2077,2039,2040,2078,2063,2064,2079,2027,2028,2080,2033,2034,2081,2069,2070,2082,2057,2058,2083,2002,2008],\"params\":{},\"roleId\":100,\"roleKey\":\"tea\",\"roleName\":\"老师\",\"roleSort\":3,\"status\":\"0\",\"updateBy\":\"admin\"}', '{\"msg\":\"操作成功\",\"code\":200}', 0, NULL, '2024-05-08 20:41:05', 52);
INSERT INTO `sys_oper_log` VALUES (367, '科技成果', 1, 'com.ruoyi.web.controller.kpi.KpiScienceController.add()', 'POST', 1, '15564542121', '信息系', '/kpi/science', '127.0.0.1', '内网IP', '{\"createTime\":\"2024-05-08 20:42:20\",\"kpiYear\":\"2024\",\"magnitudeId\":22,\"params\":{},\"publishTime\":\"2024-05-08\",\"scienceId\":1,\"scienceMoney\":15,\"scienceName\":\"1\",\"scienceNumber\":\"1\"}', '{\"msg\":\"操作成功\",\"code\":200}', 0, NULL, '2024-05-08 20:42:20', 18);
INSERT INTO `sys_oper_log` VALUES (368, '科技成果', 1, 'com.ruoyi.web.controller.kpi.KpiScienceController.add()', 'POST', 1, '15564542121', '信息系', '/kpi/science', '127.0.0.1', '内网IP', '{\"createTime\":\"2024-05-08 20:42:39\",\"kpiYear\":\"2024\",\"magnitudeId\":22,\"params\":{},\"publishTime\":\"2024-05-08\",\"scienceId\":2,\"scienceMoney\":11,\"scienceName\":\"1\",\"scienceNumber\":\"1\"}', '{\"msg\":\"操作成功\",\"code\":200}', 0, NULL, '2024-05-08 20:42:39', 15);
INSERT INTO `sys_oper_log` VALUES (369, '科技成果', 1, 'com.ruoyi.web.controller.kpi.KpiScienceController.add()', 'POST', 1, '15564542121', '信息系', '/kpi/science', '127.0.0.1', '内网IP', '{\"auditState\":\"0\",\"createTime\":\"2024-05-08 20:43:38\",\"kpiYear\":\"2024\",\"magnitudeId\":22,\"params\":{},\"projectScore\":45,\"publishTime\":\"2024-05-08\",\"scienceId\":3,\"scienceMoney\":11,\"scienceName\":\"1\",\"scienceNumber\":\"1\",\"teacherId\":5}', '{\"msg\":\"操作成功\",\"code\":200}', 0, NULL, '2024-05-08 20:43:38', 51);
INSERT INTO `sys_oper_log` VALUES (370, '科技成果', 2, 'com.ruoyi.web.controller.kpi.KpiScienceController.edit()', 'PUT', 1, 'admin', '东北林业大学', '/kpi/science', '127.0.0.1', '内网IP', '{\"auditState\":\"1\",\"createBy\":\"\",\"createTime\":\"2024-05-08 20:43:38\",\"kpiYear\":\"2024\",\"magnitudeId\":22,\"params\":{},\"projectScore\":45,\"publishTime\":\"2024-05-08\",\"scienceId\":3,\"scienceMoney\":11,\"scienceName\":\"1\",\"scienceNumber\":\"1\",\"teacherId\":5,\"updateBy\":\"\",\"updateTime\":\"2024-05-08 20:46:12\"}', '{\"msg\":\"操作成功\",\"code\":200}', 0, NULL, '2024-05-08 20:46:13', 48);
INSERT INTO `sys_oper_log` VALUES (371, '老师基本信息', 2, 'com.ruoyi.web.controller.kpi.KpiTeacherController.edit()', 'PUT', 1, 'admin', '东北林业大学', '/kpi/teacher', '127.0.0.1', '内网IP', '{\"createBy\":\"\",\"createTime\":\"2024-04-30 16:23:49\",\"params\":{},\"teacherAvatar\":\"/profile/avatar/2024/04/30/jstx_20240430111031A001.jpeg\",\"teacherCareer\":\"1\",\"teacherDepartment\":101,\"teacherId\":5,\"teacherMail\":\"15564542121@163.com\",\"teacherName\":\"wanG\",\"teacherTel\":\"15564542123\",\"updateBy\":\"\",\"updateTime\":\"2024-04-30 16:24:50\"}', '{\"msg\":\"新增老师\'wanG\'失败，手机号码已存在\",\"code\":500}', 0, NULL, '2024-05-09 09:58:17', 8);
INSERT INTO `sys_oper_log` VALUES (372, '代码生成', 2, 'com.ruoyi.generator.controller.GenController.editSave()', 'PUT', 1, 'admin', '东北林业大学', '/tool/gen', '127.0.0.1', '内网IP', '{\"businessName\":\"teacher\",\"className\":\"KpiTeacher\",\"columns\":[{\"capJavaField\":\"TeacherId\",\"columnComment\":\"老师id\",\"columnId\":27,\"columnName\":\"teacher_id\",\"columnType\":\"bigint\",\"createBy\":\"admin\",\"createTime\":\"2024-04-21 19:32:26\",\"dictType\":\"\",\"edit\":true,\"htmlType\":\"input\",\"increment\":false,\"insert\":true,\"isEdit\":\"1\",\"isIncrement\":\"0\",\"isInsert\":\"1\",\"isList\":\"1\",\"isPk\":\"1\",\"isQuery\":\"1\",\"isRequired\":\"0\",\"javaField\":\"teacherId\",\"javaType\":\"Long\",\"list\":true,\"params\":{},\"pk\":true,\"query\":true,\"queryType\":\"EQ\",\"required\":false,\"sort\":1,\"superColumn\":false,\"tableId\":4,\"updateBy\":\"\",\"updateTime\":\"2024-04-30 11:03:34\",\"usableColumn\":false},{\"capJavaField\":\"TeacherName\",\"columnComment\":\"老师姓名\",\"columnId\":28,\"columnName\":\"teacher_name\",\"columnType\":\"varchar(0)\",\"createBy\":\"admin\",\"createTime\":\"2024-04-21 19:32:26\",\"dictType\":\"\",\"edit\":true,\"htmlType\":\"input\",\"increment\":false,\"insert\":true,\"isEdit\":\"1\",\"isIncrement\":\"0\",\"isInsert\":\"1\",\"isList\":\"1\",\"isPk\":\"0\",\"isQuery\":\"1\",\"isRequired\":\"1\",\"javaField\":\"teacherName\",\"javaType\":\"String\",\"list\":true,\"params\":{},\"pk\":false,\"query\":true,\"queryType\":\"LIKE\",\"required\":true,\"sort\":2,\"superColumn\":false,\"tableId\":4,\"updateBy\":\"\",\"updateTime\":\"2024-04-30 11:03:34\",\"usableColumn\":false},{\"capJavaField\":\"TeacherCareer\",\"columnComment\":\"老师职称\",\"columnId\":29,\"columnName\":\"teacher_career\",\"columnType\":\"varchar(0)\",\"createBy\":\"admin\",\"createTime\":\"2024-04-21 19:32:26\",\"dictType\":\"\",\"edit\":true,\"htmlType\":\"input\",\"increment\":false,\"insert\":true,\"isEdit\":\"1\",\"isIncrement\":\"0\",\"isInsert\":\"1\",\"isList\":\"1\",\"isPk\":\"0\",\"isQuery\":\"1\",\"isRequired\":\"1\",\"javaField\":\"teacherCareer\",\"javaType\":\"String\",\"list\":true,\"params\":{},\"pk\":false,\"query\":true,\"queryType\":\"EQ\",\"required\":true,\"sort\":3,\"superColumn\":false,\"tableId\":4,\"updateBy\":\"\",\"updateTime\":\"2024-04-30 11:03:34\",\"usableColumn\":false},{\"capJavaField\":\"TeacherDepartment\",\"columnComment\":\"老师所在系\",\"columnId\":30,\"columnName\":\"teacher_department\",\"columnType\":\"varchar(0)\",\"createBy\":\"admin\",\"createTime\":', '{\"msg\":\"操作成功\",\"code\":200}', 0, NULL, '2024-05-09 09:59:13', 42);
INSERT INTO `sys_oper_log` VALUES (373, '老师管理', 6, 'com.ruoyi.web.controller.kpi.KpiTeacherController.importData()', 'POST', 1, 'admin', '东北林业大学', '/kpi/teacher/importData', '127.0.0.1', '内网IP', '{\"updateSupport\":\"0\"}', NULL, 1, '很抱歉，导入失败！共 1 条数据格式不正确，错误如下：<br/>1、姓名 1 手机号已存在', '2024-05-09 10:00:10', 127);

-- ----------------------------
-- Table structure for sys_post
-- ----------------------------
DROP TABLE IF EXISTS `sys_post`;
CREATE TABLE `sys_post`  (
  `post_id` bigint(20) NOT NULL AUTO_INCREMENT COMMENT '岗位ID',
  `post_code` varchar(64) CHARACTER SET utf8mb4 COLLATE utf8mb4_general_ci NOT NULL COMMENT '岗位编码',
  `post_name` varchar(50) CHARACTER SET utf8mb4 COLLATE utf8mb4_general_ci NOT NULL COMMENT '岗位名称',
  `post_sort` int(11) NOT NULL COMMENT '显示顺序',
  `status` char(1) CHARACTER SET utf8mb4 COLLATE utf8mb4_general_ci NOT NULL COMMENT '状态（0正常 1停用）',
  `create_by` varchar(64) CHARACTER SET utf8mb4 COLLATE utf8mb4_general_ci DEFAULT '' COMMENT '创建者',
  `create_time` datetime(0) DEFAULT NULL COMMENT '创建时间',
  `update_by` varchar(64) CHARACTER SET utf8mb4 COLLATE utf8mb4_general_ci DEFAULT '' COMMENT '更新者',
  `update_time` datetime(0) DEFAULT NULL COMMENT '更新时间',
  `remark` varchar(500) CHARACTER SET utf8mb4 COLLATE utf8mb4_general_ci DEFAULT NULL COMMENT '备注',
  PRIMARY KEY (`post_id`) USING BTREE
) ENGINE = InnoDB AUTO_INCREMENT = 4 CHARACTER SET = utf8mb4 COLLATE = utf8mb4_general_ci COMMENT = '岗位信息表' ROW_FORMAT = Dynamic;

-- ----------------------------
-- Records of sys_post
-- ----------------------------
INSERT INTO `sys_post` VALUES (1, '1', '一级学科教学秘书', 1, '0', 'admin', '2024-04-18 20:27:37', 'admin', '2024-04-19 11:01:31', '');
INSERT INTO `sys_post` VALUES (2, '2', '二级学科教学秘书', 2, '0', 'admin', '2024-04-18 20:27:37', 'admin', '2024-04-19 11:01:42', '');
INSERT INTO `sys_post` VALUES (3, '3', '老师', 3, '0', 'admin', '2024-04-18 20:27:37', 'admin', '2024-04-19 11:01:57', '');
INSERT INTO `sys_post` VALUES (4, 'user', '测试员', 4, '0', 'admin', '2024-04-18 20:27:37', 'admin', '2024-04-19 11:02:12', '');

-- ----------------------------
-- Table structure for sys_role
-- ----------------------------
DROP TABLE IF EXISTS `sys_role`;
CREATE TABLE `sys_role`  (
  `role_id` bigint(20) NOT NULL AUTO_INCREMENT COMMENT '角色ID',
  `role_name` varchar(30) CHARACTER SET utf8mb4 COLLATE utf8mb4_general_ci NOT NULL COMMENT '角色名称',
  `role_key` varchar(100) CHARACTER SET utf8mb4 COLLATE utf8mb4_general_ci NOT NULL COMMENT '角色权限字符串',
  `role_sort` int(11) NOT NULL COMMENT '显示顺序',
  `data_scope` char(1) CHARACTER SET utf8mb4 COLLATE utf8mb4_general_ci DEFAULT '1' COMMENT '数据范围（1：全部数据权限 2：自定数据权限 3：本部门数据权限 4：本部门及以下数据权限）',
  `menu_check_strictly` tinyint(1) DEFAULT 1 COMMENT '菜单树选择项是否关联显示',
  `dept_check_strictly` tinyint(1) DEFAULT 1 COMMENT '部门树选择项是否关联显示',
  `status` char(1) CHARACTER SET utf8mb4 COLLATE utf8mb4_general_ci NOT NULL COMMENT '角色状态（0正常 1停用）',
  `del_flag` char(1) CHARACTER SET utf8mb4 COLLATE utf8mb4_general_ci DEFAULT '0' COMMENT '删除标志（0代表存在 2代表删除）',
  `create_by` varchar(64) CHARACTER SET utf8mb4 COLLATE utf8mb4_general_ci DEFAULT '' COMMENT '创建者',
  `create_time` datetime(0) DEFAULT NULL COMMENT '创建时间',
  `update_by` varchar(64) CHARACTER SET utf8mb4 COLLATE utf8mb4_general_ci DEFAULT '' COMMENT '更新者',
  `update_time` datetime(0) DEFAULT NULL COMMENT '更新时间',
  `remark` varchar(500) CHARACTER SET utf8mb4 COLLATE utf8mb4_general_ci DEFAULT NULL COMMENT '备注',
  PRIMARY KEY (`role_id`) USING BTREE
) ENGINE = InnoDB AUTO_INCREMENT = 102 CHARACTER SET = utf8mb4 COLLATE = utf8mb4_general_ci COMMENT = '角色信息表' ROW_FORMAT = Dynamic;

-- ----------------------------
-- Records of sys_role
-- ----------------------------
INSERT INTO `sys_role` VALUES (1, '超级管理员', 'admin', 1, '1', 1, 1, '0', '0', 'admin', '2024-04-18 20:27:37', '', NULL, '超级管理员');
INSERT INTO `sys_role` VALUES (2, '老师', 'common', 2, '2', 1, 1, '0', '2', 'admin', '2024-04-18 20:27:37', 'admin', '2024-04-21 15:10:13', '普通角色');
INSERT INTO `sys_role` VALUES (100, '老师', 'tea', 3, '1', 1, 1, '0', '0', 'admin', '2024-04-19 10:35:54', 'admin', '2024-05-08 20:41:05', NULL);
INSERT INTO `sys_role` VALUES (101, '秘书', 'mishu', 3, '1', 1, 1, '0', '0', 'admin', '2024-04-19 10:36:17', 'admin', '2024-04-30 11:16:16', NULL);

-- ----------------------------
-- Table structure for sys_role_dept
-- ----------------------------
DROP TABLE IF EXISTS `sys_role_dept`;
CREATE TABLE `sys_role_dept`  (
  `role_id` bigint(20) NOT NULL COMMENT '角色ID',
  `dept_id` bigint(20) NOT NULL COMMENT '部门ID',
  PRIMARY KEY (`role_id`, `dept_id`) USING BTREE
) ENGINE = InnoDB CHARACTER SET = utf8mb4 COLLATE = utf8mb4_general_ci COMMENT = '角色和部门关联表' ROW_FORMAT = Dynamic;

-- ----------------------------
-- Table structure for sys_role_menu
-- ----------------------------
DROP TABLE IF EXISTS `sys_role_menu`;
CREATE TABLE `sys_role_menu`  (
  `role_id` bigint(20) NOT NULL COMMENT '角色ID',
  `menu_id` bigint(20) NOT NULL COMMENT '菜单ID',
  PRIMARY KEY (`role_id`, `menu_id`) USING BTREE
) ENGINE = InnoDB CHARACTER SET = utf8mb4 COLLATE = utf8mb4_general_ci COMMENT = '角色和菜单关联表' ROW_FORMAT = Dynamic;

-- ----------------------------
-- Records of sys_role_menu
-- ----------------------------
INSERT INTO `sys_role_menu` VALUES (100, 2000);
INSERT INTO `sys_role_menu` VALUES (100, 2001);
INSERT INTO `sys_role_menu` VALUES (100, 2002);
INSERT INTO `sys_role_menu` VALUES (100, 2007);
INSERT INTO `sys_role_menu` VALUES (100, 2008);
INSERT INTO `sys_role_menu` VALUES (100, 2018);
INSERT INTO `sys_role_menu` VALUES (100, 2019);
INSERT INTO `sys_role_menu` VALUES (100, 2020);
INSERT INTO `sys_role_menu` VALUES (100, 2021);
INSERT INTO `sys_role_menu` VALUES (100, 2022);
INSERT INTO `sys_role_menu` VALUES (100, 2023);
INSERT INTO `sys_role_menu` VALUES (100, 2024);
INSERT INTO `sys_role_menu` VALUES (100, 2025);
INSERT INTO `sys_role_menu` VALUES (100, 2026);
INSERT INTO `sys_role_menu` VALUES (100, 2027);
INSERT INTO `sys_role_menu` VALUES (100, 2028);
INSERT INTO `sys_role_menu` VALUES (100, 2032);
INSERT INTO `sys_role_menu` VALUES (100, 2033);
INSERT INTO `sys_role_menu` VALUES (100, 2034);
INSERT INTO `sys_role_menu` VALUES (100, 2038);
INSERT INTO `sys_role_menu` VALUES (100, 2039);
INSERT INTO `sys_role_menu` VALUES (100, 2040);
INSERT INTO `sys_role_menu` VALUES (100, 2044);
INSERT INTO `sys_role_menu` VALUES (100, 2045);
INSERT INTO `sys_role_menu` VALUES (100, 2046);
INSERT INTO `sys_role_menu` VALUES (100, 2050);
INSERT INTO `sys_role_menu` VALUES (100, 2051);
INSERT INTO `sys_role_menu` VALUES (100, 2052);
INSERT INTO `sys_role_menu` VALUES (100, 2056);
INSERT INTO `sys_role_menu` VALUES (100, 2057);
INSERT INTO `sys_role_menu` VALUES (100, 2058);
INSERT INTO `sys_role_menu` VALUES (100, 2062);
INSERT INTO `sys_role_menu` VALUES (100, 2063);
INSERT INTO `sys_role_menu` VALUES (100, 2064);
INSERT INTO `sys_role_menu` VALUES (100, 2068);
INSERT INTO `sys_role_menu` VALUES (100, 2069);
INSERT INTO `sys_role_menu` VALUES (100, 2070);
INSERT INTO `sys_role_menu` VALUES (100, 2076);
INSERT INTO `sys_role_menu` VALUES (100, 2077);
INSERT INTO `sys_role_menu` VALUES (100, 2078);
INSERT INTO `sys_role_menu` VALUES (100, 2079);
INSERT INTO `sys_role_menu` VALUES (100, 2080);
INSERT INTO `sys_role_menu` VALUES (100, 2081);
INSERT INTO `sys_role_menu` VALUES (100, 2082);
INSERT INTO `sys_role_menu` VALUES (100, 2083);
INSERT INTO `sys_role_menu` VALUES (101, 2000);
INSERT INTO `sys_role_menu` VALUES (101, 2001);
INSERT INTO `sys_role_menu` VALUES (101, 2002);
INSERT INTO `sys_role_menu` VALUES (101, 2003);
INSERT INTO `sys_role_menu` VALUES (101, 2004);
INSERT INTO `sys_role_menu` VALUES (101, 2005);
INSERT INTO `sys_role_menu` VALUES (101, 2006);
INSERT INTO `sys_role_menu` VALUES (101, 2007);
INSERT INTO `sys_role_menu` VALUES (101, 2008);
INSERT INTO `sys_role_menu` VALUES (101, 2009);
INSERT INTO `sys_role_menu` VALUES (101, 2010);
INSERT INTO `sys_role_menu` VALUES (101, 2011);
INSERT INTO `sys_role_menu` VALUES (101, 2012);
INSERT INTO `sys_role_menu` VALUES (101, 2013);
INSERT INTO `sys_role_menu` VALUES (101, 2014);
INSERT INTO `sys_role_menu` VALUES (101, 2015);
INSERT INTO `sys_role_menu` VALUES (101, 2016);
INSERT INTO `sys_role_menu` VALUES (101, 2017);
INSERT INTO `sys_role_menu` VALUES (101, 2018);
INSERT INTO `sys_role_menu` VALUES (101, 2019);
INSERT INTO `sys_role_menu` VALUES (101, 2020);
INSERT INTO `sys_role_menu` VALUES (101, 2021);
INSERT INTO `sys_role_menu` VALUES (101, 2022);
INSERT INTO `sys_role_menu` VALUES (101, 2023);
INSERT INTO `sys_role_menu` VALUES (101, 2024);
INSERT INTO `sys_role_menu` VALUES (101, 2025);
INSERT INTO `sys_role_menu` VALUES (101, 2026);
INSERT INTO `sys_role_menu` VALUES (101, 2027);
INSERT INTO `sys_role_menu` VALUES (101, 2028);
INSERT INTO `sys_role_menu` VALUES (101, 2029);
INSERT INTO `sys_role_menu` VALUES (101, 2030);
INSERT INTO `sys_role_menu` VALUES (101, 2031);
INSERT INTO `sys_role_menu` VALUES (101, 2032);
INSERT INTO `sys_role_menu` VALUES (101, 2033);
INSERT INTO `sys_role_menu` VALUES (101, 2034);
INSERT INTO `sys_role_menu` VALUES (101, 2035);
INSERT INTO `sys_role_menu` VALUES (101, 2036);
INSERT INTO `sys_role_menu` VALUES (101, 2037);
INSERT INTO `sys_role_menu` VALUES (101, 2038);
INSERT INTO `sys_role_menu` VALUES (101, 2039);
INSERT INTO `sys_role_menu` VALUES (101, 2040);
INSERT INTO `sys_role_menu` VALUES (101, 2041);
INSERT INTO `sys_role_menu` VALUES (101, 2042);
INSERT INTO `sys_role_menu` VALUES (101, 2043);
INSERT INTO `sys_role_menu` VALUES (101, 2044);
INSERT INTO `sys_role_menu` VALUES (101, 2045);
INSERT INTO `sys_role_menu` VALUES (101, 2046);
INSERT INTO `sys_role_menu` VALUES (101, 2047);
INSERT INTO `sys_role_menu` VALUES (101, 2048);
INSERT INTO `sys_role_menu` VALUES (101, 2049);
INSERT INTO `sys_role_menu` VALUES (101, 2050);
INSERT INTO `sys_role_menu` VALUES (101, 2051);
INSERT INTO `sys_role_menu` VALUES (101, 2052);
INSERT INTO `sys_role_menu` VALUES (101, 2053);
INSERT INTO `sys_role_menu` VALUES (101, 2054);
INSERT INTO `sys_role_menu` VALUES (101, 2055);
INSERT INTO `sys_role_menu` VALUES (101, 2056);
INSERT INTO `sys_role_menu` VALUES (101, 2057);
INSERT INTO `sys_role_menu` VALUES (101, 2058);
INSERT INTO `sys_role_menu` VALUES (101, 2059);
INSERT INTO `sys_role_menu` VALUES (101, 2060);
INSERT INTO `sys_role_menu` VALUES (101, 2061);
INSERT INTO `sys_role_menu` VALUES (101, 2062);
INSERT INTO `sys_role_menu` VALUES (101, 2063);
INSERT INTO `sys_role_menu` VALUES (101, 2064);
INSERT INTO `sys_role_menu` VALUES (101, 2065);
INSERT INTO `sys_role_menu` VALUES (101, 2066);
INSERT INTO `sys_role_menu` VALUES (101, 2067);
INSERT INTO `sys_role_menu` VALUES (101, 2068);
INSERT INTO `sys_role_menu` VALUES (101, 2069);
INSERT INTO `sys_role_menu` VALUES (101, 2070);
INSERT INTO `sys_role_menu` VALUES (101, 2071);
INSERT INTO `sys_role_menu` VALUES (101, 2072);
INSERT INTO `sys_role_menu` VALUES (101, 2073);
INSERT INTO `sys_role_menu` VALUES (101, 2074);

-- ----------------------------
-- Table structure for sys_user
-- ----------------------------
DROP TABLE IF EXISTS `sys_user`;
CREATE TABLE `sys_user`  (
  `user_id` bigint(20) NOT NULL AUTO_INCREMENT COMMENT '用户ID',
  `dept_id` bigint(20) DEFAULT NULL COMMENT '部门ID',
  `user_name` varchar(30) CHARACTER SET utf8mb4 COLLATE utf8mb4_general_ci NOT NULL COMMENT '用户账号',
  `nick_name` varchar(30) CHARACTER SET utf8mb4 COLLATE utf8mb4_general_ci NOT NULL COMMENT '用户昵称',
  `user_type` varchar(2) CHARACTER SET utf8mb4 COLLATE utf8mb4_general_ci DEFAULT '00' COMMENT '用户类型（00系统用户）',
  `email` varchar(50) CHARACTER SET utf8mb4 COLLATE utf8mb4_general_ci DEFAULT '' COMMENT '用户邮箱',
  `phonenumber` varchar(11) CHARACTER SET utf8mb4 COLLATE utf8mb4_general_ci DEFAULT '' COMMENT '手机号码',
  `sex` char(1) CHARACTER SET utf8mb4 COLLATE utf8mb4_general_ci DEFAULT '0' COMMENT '用户性别（0男 1女 2未知）',
  `avatar` varchar(100) CHARACTER SET utf8mb4 COLLATE utf8mb4_general_ci DEFAULT '' COMMENT '头像地址',
  `password` varchar(100) CHARACTER SET utf8mb4 COLLATE utf8mb4_general_ci DEFAULT '' COMMENT '密码',
  `status` char(1) CHARACTER SET utf8mb4 COLLATE utf8mb4_general_ci DEFAULT '0' COMMENT '帐号状态（0正常 1停用）',
  `del_flag` char(1) CHARACTER SET utf8mb4 COLLATE utf8mb4_general_ci DEFAULT '0' COMMENT '删除标志（0代表存在 2代表删除）',
  `login_ip` varchar(128) CHARACTER SET utf8mb4 COLLATE utf8mb4_general_ci DEFAULT '' COMMENT '最后登录IP',
  `login_date` datetime(0) DEFAULT NULL COMMENT '最后登录时间',
  `teacher_id` bigint(20) DEFAULT NULL COMMENT '老师id',
  `create_by` varchar(64) CHARACTER SET utf8mb4 COLLATE utf8mb4_general_ci DEFAULT '' COMMENT '创建者',
  `create_time` datetime(0) DEFAULT NULL COMMENT '创建时间',
  `update_by` varchar(64) CHARACTER SET utf8mb4 COLLATE utf8mb4_general_ci DEFAULT '' COMMENT '更新者',
  `update_time` datetime(0) DEFAULT NULL COMMENT '更新时间',
  `remark` varchar(500) CHARACTER SET utf8mb4 COLLATE utf8mb4_general_ci DEFAULT NULL COMMENT '备注',
  PRIMARY KEY (`user_id`) USING BTREE
) ENGINE = InnoDB AUTO_INCREMENT = 104 CHARACTER SET = utf8mb4 COLLATE = utf8mb4_general_ci COMMENT = '用户信息表' ROW_FORMAT = Dynamic;

-- ----------------------------
-- Records of sys_user
-- ----------------------------
INSERT INTO `sys_user` VALUES (1, 100, 'admin', '袁畔', '00', 'yp20200924j@126.com', '13571654533', '0', '/profile/avatar/2024/04/30/jstx_20240430111031A001.jpeg', '$2a$10$7JB720yubVSZvUI0rEqK/.VqGOZTH.ulu33dHOiBE8ByOhJIrdAu2', '0', '0', '127.0.0.1', '2024-05-09 09:57:29', NULL, 'admin', '2024-04-18 20:27:37', '', '2024-05-09 09:57:28', '管理员');
INSERT INTO `sys_user` VALUES (2, 100, 'ry', '秘书', '00', 'ry@qq.com', '13571653611', '0', '', '$2a$10$7JB720yubVSZvUI0rEqK/.VqGOZTH.ulu33dHOiBE8ByOhJIrdAu2', '0', '2', '127.0.0.1', '2024-04-18 20:27:37', NULL, 'admin', '2024-04-18 20:27:37', 'admin', '2024-04-21 19:53:07', '测试员');
INSERT INTO `sys_user` VALUES (102, 101, '15564542121', 'wanG', '00', '15564542121@163.com', '15564542121', '0', '/profile/avatar/2024/04/30/jstx_20240430111031A001.jpeg', '$2a$10$XIRgnkqZPsyHiV1anFc9HOsk/EeHxN/kaLWL5cPgxWb2h7RO.n0rq', '0', '0', '127.0.0.1', '2024-05-08 20:41:33', 5, '', '2024-04-30 16:23:49', '', '2024-05-08 20:41:32', NULL);
INSERT INTO `sys_user` VALUES (103, 101, '15564542123', '王老师', '00', '', '15564542123', '0', '/profile/avatar/2024/04/30/jstx_20240430111031A001.jpeg', '$2a$10$Fm.XDKx1be3Iks1HhyteCuRmGuLySphG1efiLrjglM6Lu4F9YMeme', '0', '0', '', NULL, 6, '', '2024-05-08 12:49:33', '', '2024-05-08 13:58:05', NULL);

-- ----------------------------
-- Table structure for sys_user_post
-- ----------------------------
DROP TABLE IF EXISTS `sys_user_post`;
CREATE TABLE `sys_user_post`  (
  `user_id` bigint(20) NOT NULL COMMENT '用户ID',
  `post_id` bigint(20) NOT NULL COMMENT '岗位ID',
  PRIMARY KEY (`user_id`, `post_id`) USING BTREE
) ENGINE = InnoDB CHARACTER SET = utf8mb4 COLLATE = utf8mb4_general_ci COMMENT = '用户与岗位关联表' ROW_FORMAT = Dynamic;

-- ----------------------------
-- Records of sys_user_post
-- ----------------------------
INSERT INTO `sys_user_post` VALUES (1, 1);

-- ----------------------------
-- Table structure for sys_user_role
-- ----------------------------
DROP TABLE IF EXISTS `sys_user_role`;
CREATE TABLE `sys_user_role`  (
  `user_id` bigint(20) NOT NULL COMMENT '用户ID',
  `role_id` bigint(20) NOT NULL COMMENT '角色ID',
  PRIMARY KEY (`user_id`, `role_id`) USING BTREE
) ENGINE = InnoDB CHARACTER SET = utf8mb4 COLLATE = utf8mb4_general_ci COMMENT = '用户和角色关联表' ROW_FORMAT = Dynamic;

-- ----------------------------
-- Records of sys_user_role
-- ----------------------------
INSERT INTO `sys_user_role` VALUES (1, 1);
INSERT INTO `sys_user_role` VALUES (100, 100);
INSERT INTO `sys_user_role` VALUES (101, 100);
INSERT INTO `sys_user_role` VALUES (102, 100);
INSERT INTO `sys_user_role` VALUES (103, 100);

SET FOREIGN_KEY_CHECKS = 1;
